Workbook

Sheet Summary
B2: Name of scheme | C2: Ong | F2: Comments
B3: CCA (ha) | C3: 17276
B4: Total Command Area (ha) | C4: 30837.7
B5: Arable Land (ha) | C5: 16663
B6: Irrigable Land (ha) | C6: 13657
B7: Number of Years | C7: =COUNT(_xlfn.UNIQUE('Data(perCrop)'!O:O)) -> 5 | F7: Consider years within the period 2018-2022 only
B9: Sheets | C9: Description | D9: Inputs Required | E9: Optional Inputs | F9: Comments
B10: SCORES | C10: Benchmarking: final values and scores | D10: Yes | E10: Yes
B11: Data(perSeason,perCrop) | C11: Data exported from GEE (per season, per crop, per year) | D11: Yes
B12: Data(perCrop) | C12: Data exported from GEE (per crop and per year) | D12: Yes
B13: Data(FAO-AQUASTAT) | C13: Crop water requirements according to FAO-AQUASTAT | D13: Yes | F13: Fraction of irrigated area currently represented: | G13: =Indicators!F42 -> 0.71602852
B14: Indicators | C14: Annual benchmarking indicators, overall
B15: Indicators(perCrop) | C15: Annual benchmarking indicators, per crop type
B16: SummaryTable | C16: Summary table of benchmarking statistics
B17: Figures | C17: Figures
B19: Indicator | C19: Description | D19: Unit | E19: Temporal Resolution | F19: Required Inputs | G19: Comment
A20: 1 | B20: Cropping Intensity | D20: - | E20: Annual | F20: "Data(perSeason,perCrop)": Area | G20: Calculate based on CCA
A21: 2 | B21: Irrigation Utilization | C21: Fraction of command area irrigated | D21: % | E21: Seasonal or Annual | F21: "Data(perSeason,perCrop)": Area | G21: Calculate based on CCA
A22: 3 | B22: Low Water Intensive Crops | C22: Fraction of low water intensive irrigated crops | D22: % | E22: Seasonal or Annual | F22: "Data(FAO-AQUASTAT)": ETc-Crop "Data(perCrop)": Area | G22: https://aquastat.fao.org/
A23: 4 | B23: Adequacy | C23: RWD=1-(Eta/Etp) | D23: - | E23: Seasonal or Annual | F23: "Data(perCrop)": Area, ETa, ETaMax
A24: 5 | B24: Equity | C24: Standard deviation of ETa over irrigated areas divided by average ETa | D24: - | E24: Seasonal or Annual | F24: "Data(perSeason,perCrop)": ETcv or Etcv_blue
A25: 6 | B25: Productivity | C25: Water Productivity (in terms of yield) | D25: kg/m3 | E25: Annual (per crop) | F25: "Data(perCrop)": TBP, ETa
A26: 7 | B26: Reliability | C26: Range of average crop-specific monthly Relative ET (ET/ETp), considering for each scheme the most common irrigated crop(s) and the corresponding cropping season | D26: % | E26: Annual (per crop) | F26: "Data(perSeason,perCrop)": RETmax, RETmin "Data(perCrop)": Area
A27: 8 | B27: Yield Gap due to water stress | C27: (Ypotential​−Yactual​​)/(Ypotential​)×100 | D27: % | E27: Annual (per crop) | F27: "Data(perCrop)": TBP, TBP_P

Sheet SCORES
B1: Indicator | C1: Description | D1: Units | E1: Crop Specific (Y/N) | F1: Crop Types | G1: Descending/Ascending | H1: Parameter | I1: Parameter value | J1: Critical Value | K1: Target Value | L1: Season (s) | P1: Indicator Weight | Q1: Value | R1: Score
L2: Kharif | M2: Rabi | N2: Zaid | O2: Annual
A3: 1 | B3: Cropping Intensity | C3: Cropping Intensity, considering CCA | D3: %/100 | E3: N | F3: All Annual Crops | G3: A | J3: 1 | K3: 1.5 | O3: 1 | P3: 1 | Q3: =Indicators!F61 -> 0.86742226 | R3: =IF($G3="D",MIN(MAX(1,11-ROUND(((Q3-$K3)/($J3-$K3))*9+1,0)),10),MIN(MAX(1,ROUND(((Q3-$J3)/($K3-$J3))*9+1,0)),10)) -> 1
A4: 2 | B4: Irrigation Utilization | C4: Fraction of CCA irrigated | D4: %/100 | E4: N | F4: All Irrigated Crops | G4: A | J4: 0.25 | K4: 0.8 | O4: 1 | P4: 1 | Q4: =(L4*Indicators!C34+SCORES!M4*Indicators!D34+SCORES!N4*Indicators!E34+SCORES!O4*Indicators!F34)/SUM(L4:O4) -> 0.49118117 | R4: =IF($G4="D",MIN(MAX(1,11-ROUND(((Q4-$K4)/($J4-$K4))*9+1,0)),10),MIN(MAX(1,ROUND(((Q4-$J4)/($K4-$J4))*9+1,0)),10)) -> 5
A5: 3 | B5: Low Water Intensive Crops | C5: Fraction of low water intensive irrigated crops, based on FAO-AQUASTAT crop water requirements | D5: %/100 | E5: Y | F5: All irrigated Crops, based on FAO-AQUASTAT crop water requirements | G5: A | H5: Threshold value to identify water intensive crops, per full cropping period [mm] | I5: 500 | J5: 0.25 | K5: 0.8 | O5: 1 | P5: 0 | Q5: =Indicators!F48 -> 0.074714178 | R5: =IF($G5="D",MIN(MAX(1,11-ROUND(((IF(ISNUMBER(Q5),Q5,Q6)-$K5)/($J5-$K5))*9+1,0)),10),MIN(MAX(1,ROUND(((IF(ISNUMBER(Q5),Q5,Q6)-$J5)/($K5-$J5))*9+1,0)),10)) -> 1
E6: N | F6: All irrigated Crops, based on Etp (90th percentile of ETa according to RS analysis) | G6: A | H6: Threshold value to identify water intensive crops, per season [mm] | I6: 300 | J6: 0 | K6: 1 | L6: 1 | M6: 1 | O6: 1 | Q6: =(L6*Indicators!C40+SCORES!M6*Indicators!D36+SCORES!N6*Indicators!E40+SCORES!O6*Indicators!F40)/SUM(L6:O6) -> 0.36621048
A7: 4 | B7: Adequacy | C7: RWD=1-(Eta/Etp) | D7: - | E7: N | F7: Weighted mean of all crops (weighted by irrigated area per crop) | G7: D | J7: 0.25 | K7: 0.8 | O7: 1 | P7: 1 | Q7: =(L7*Indicators!C67+SCORES!M7*Indicators!D67+SCORES!N7*Indicators!E67+SCORES!O7*Indicators!F67)/SUM(L7:O7) -> 0.24726081 | R7: =IF($G7="D",MIN(MAX(1,11-ROUND(((Q7-$K7)/($J7-$K7))*9+1,0)),10),MIN(MAX(1,ROUND(((Q7-$J7)/($K7-$J7))*9+1,0)),10)) -> 1
A8: 5 | B8: Equity | C8: Standard deviation of ETa over irrigated areas divided by average ETa | D8: - | E8: N | F8: Weighted mean of all crops (weighted by irrigated area per crop) | G8: D | J8: 0.4 | K8: 0 | O8: 1 | P8: 1 | Q8: =(L8*Indicators!C73+SCORES!M8*Indicators!D73+SCORES!N8*Indicators!E73+SCORES!O8*Indicators!F73)/SUM(L8:O8) -> 0.10352414 | R8: =IF($G8="D",MIN(MAX(1,11-ROUND(((Q8-$K8)/($J8-$K8))*9+1,0)),10),MIN(MAX(1,ROUND(((Q8-$J8)/($K8-$J8))*9+1,0)),10)) -> 8
C9: Standard deviation of ETblue over irrigated areas divided by average ETblue | D9: - | E9: N | F9: Weighted mean of all crops (weighted by irrigated area per crop) | G9: D | K9: 0 | M9: 1 | P9: 0 | Q9: =(L9*Indicators!C79+SCORES!M9*Indicators!D79+SCORES!N9*Indicators!E79+SCORES!O9*Indicators!F79)/SUM(L9:O9) -> 0.4539919 | R9: =IF(ISNUMBER(J9),IF($G9="D",MIN(MAX(1,11-ROUND(((Q9-$K9)/($J9-$K9))*9+1,0)),10),MIN(MAX(1,ROUND(((Q9-$J9)/($K9-$J9))*9+1,0)),10)),"")
A10: 6 | B10: Productivity | C10: Water Productivity (in terms of yield) | D10: kg/m3 | E10: Y | P10: 1 | R10: =AVERAGE(R11:R16) -> 10
F11: Cotton | G11: A | J11: 0.10559418 | K11: 0.41678402 | Q11: ='Indicators(perCrop)'!BA5 -> #DIV/0! | R11: =IF(ISNUMBER(Q11),IF($G11="D",MIN(MAX(1,11-ROUND(((Q11-$K11)/($J11-$K11))*9+1,0)),10),MIN(MAX(1,ROUND(((Q11-$J11)/($K11-$J11))*9+1,0)),10)),"")
F12: Jowar | G12: A | J12: 0.53490679 | K12: 0.8184797 | Q12: ='Indicators(perCrop)'!BA12 -> #DIV/0! | R12: =IF(ISNUMBER(Q12),IF($G12="D",MIN(MAX(1,11-ROUND(((Q12-$K12)/($J12-$K12))*9+1,0)),10),MIN(MAX(1,ROUND(((Q12-$J12)/($K12-$J12))*9+1,0)),10)),"")
F13: Paddy | G13: A | J13: 0.46496334 | K13: 1 | Q13: ='Indicators(perCrop)'!BA6 -> 1.104788 | R13: =IF(ISNUMBER(Q13),IF($G13="D",MIN(MAX(1,11-ROUND(((Q13-$K13)/($J13-$K13))*9+1,0)),10),MIN(MAX(1,ROUND(((Q13-$J13)/($K13-$J13))*9+1,0)),10)),"") -> 10
F14: Sugarcane | G14: A | J14: 3.8966165 | K14: 5.234192 | Q14: ='Indicators(perCrop)'!BA17 -> #DIV/0! | R14: =IF(ISNUMBER(Q14),IF($G14="D",MIN(MAX(1,11-ROUND(((Q14-$K14)/($J14-$K14))*9+1,0)),10),MIN(MAX(1,ROUND(((Q14-$J14)/($K14-$J14))*9+1,0)),10)),"")
F15: Mustard (Forage) | G15: A | J15: 2.9234075 | K15: 3.6598924 | Q15: ='Indicators(perCrop)'!BA11 -> #DIV/0! | R15: =IF(ISNUMBER(Q15),IF($G15="D",MIN(MAX(1,11-ROUND(((Q15-$K15)/($J15-$K15))*9+1,0)),10),MIN(MAX(1,ROUND(((Q15-$J15)/($K15-$J15))*9+1,0)),10)),"")
F16: Wheat | G16: A | J16: 1.0734831 | K16: 1.4866771 | Q16: ='Indicators(perCrop)'!BA8 -> #DIV/0! | R16: =IF(ISNUMBER(Q16),IF($G16="D",MIN(MAX(1,11-ROUND(((Q16-$K16)/($J16-$K16))*9+1,0)),10),MIN(MAX(1,ROUND(((Q16-$J16)/($K16-$J16))*9+1,0)),10)),"")
A17: 7 | B17: Reliability | C17: Range of average crop-specific monthly Relative ET (ET/ETp) | D17: %/100 | E17: N | F17: Weighted mean of all crops (weighted by irrigated area per crop) | G17: D | J17: 0.4 | K17: 0 | P17: 1 | Q17: =Indicators!F92 -> 0.26708584 | R17: =IF($G17="D",MIN(MAX(1,11-ROUND(((Q17-$K17)/($J17-$K17))*9+1,0)),10),MIN(MAX(1,ROUND(((Q17-$J17)/($K17-$J17))*9+1,0)),10)) -> 4
A18: 8 | B18: Yield Gap due to water stress | C18: (Ypotential​−Yactual​​)/(Ypotential​)×100 | D18: %/100 | E18: N | F18: Weighted mean of all crops (weighted by irrigated area per crop) | G18: D | J18: 0.4 | K18: 0 | P18: 1 | Q18: =Indicators!F99 -> 0.23714847 | R18: =IF($G18="D",MIN(MAX(1,11-ROUND(((Q18-$K18)/($J18-$K18))*9+1,0)),10),MIN(MAX(1,ROUND(((Q18-$J18)/($K18-$J18))*9+1,0)),10)) -> 5
Q20: AVERAGE SCORE | R20: =(SUMPRODUCT($P7:$P10,R7:R10)+SUMPRODUCT($P17:$P18,R17:R18)+SUMPRODUCT($P3:$P5,R3:R5))/SUM($P7:$P10,$P17:$P18,P3:P5) -> 4.8571429

Sheet SummaryTable
A1: =SCORES!B1 -> Indicator | B1: =SCORES!C1 -> Description | C1: =SCORES!D1 -> Units | D1: =SCORES!J1 -> Critical Value | E1: =SCORES!K1 -> Target Value | F1: =SCORES!Q1 -> Value | G1: Score
A2: =SCORES!B3 -> Cropping Intensity | B2: =SCORES!C3 -> Cropping Intensity, considering CCA | C2: =SCORES!D3 -> %/100 | D2: =SCORES!J3 -> 1 | E2: =SCORES!K3 -> 1.5 | F2: =SCORES!Q3 -> 0.86742226 | G2: =SCORES!R3 -> 1
A3: =SCORES!B4 -> Irrigation Utilization | B3: =SCORES!C4 -> Fraction of CCA irrigated | C3: =SCORES!D4 -> %/100 | D3: =SCORES!J4 -> 0.25 | E3: =SCORES!K4 -> 0.8 | F3: =SCORES!Q4 -> 0.49118117 | G3: =SCORES!R4 -> 5
A4: =SCORES!B5 -> Low Water Intensive Crops | B4: Fraction of low water intensive irrigated crops | C4: =SCORES!D5 -> %/100 | D4: =SCORES!J5 -> 0.25 | E4: =SCORES!K5 -> 0.8 | F4: =IF(ISNUMBER(SCORES!Q5),SCORES!Q5,SCORES!Q6) -> 0.074714178 | G4: =SCORES!R5 -> 1
A5: =SCORES!B7 -> Adequacy | B5: =SCORES!C7 -> RWD=1-(Eta/Etp) | C5: =SCORES!D7 -> - | D5: =SCORES!J7 -> 0.25 | E5: =SCORES!K7 -> 0.8 | F5: =SCORES!Q7 -> 0.24726081 | G5: =SCORES!R7 -> 1
A6: =SCORES!B8 -> Equity | B6: =SCORES!C8 -> Standard deviation of ETa over irrigated areas divided by average ETa | C6: =SCORES!D8 -> - | D6: =SCORES!J8 -> 0.4 | E6: =SCORES!K8 -> 0 | F6: =SCORES!Q8 -> 0.10352414 | G6: =SCORES!R8 -> 8
A7: =SCORES!B10 -> Productivity | B7: =SCORES!C10 -> Water Productivity (in terms of yield) | C7: =SCORES!D10 -> kg/m3 | G7: =SCORES!R10 -> 10
B8: Cotton | D8: 0.10559418 | E8: 0.41678402 | F8: =SCORES!Q11 -> #DIV/0! | G8: =SCORES!R11
B9: Jowar | D9: 0.53490679 | E9: 0.8184797 | F9: =SCORES!Q12 -> #DIV/0! | G9: =SCORES!R12
B10: Paddy | D10: 0.46496334 | E10: 1 | F10: =SCORES!Q13 -> 1.104788 | G10: =SCORES!R13 -> 10
B11: Sugarcane | D11: 3.8966165 | E11: 5.234192 | F11: =SCORES!Q14 -> #DIV/0! | G11: =SCORES!R14
B12: Mustard (Forage) | D12: 2.9234075 | E12: 3.6598924 | F12: =SCORES!Q15 -> #DIV/0! | G12: =SCORES!R15
B13: Wheat | D13: 1.0734831 | E13: 1.4866771 | F13: =SCORES!Q16 -> #DIV/0! | G13: =SCORES!R16
A14: =SCORES!B17 -> Reliability | B14: =SCORES!C17 -> Range of average crop-specific monthly Relative ET (ET/ETp) | C14: =SCORES!D17 -> %/100 | D14: =SCORES!J17 -> 0.4 | E14: =SCORES!K17 -> 0 | F14: =SCORES!Q17 -> 0.26708584 | G14: =SCORES!R17 -> 4
A15: =SCORES!B18 -> Yield Gap due to water stress | B15: =SCORES!C18 -> (Ypotential​−Yactual​​)/(Ypotential​)×100 | C15: =SCORES!D18 -> %/100 | D15: =SCORES!J18 -> 0.4 | E15: =SCORES!K18 -> 0 | F15: =SCORES!Q18 -> 0.23714847 | G15: =SCORES!R18 -> 5
F16: =SCORES!Q20 -> AVERAGE SCORE | G16: =AVERAGE(G14:G15,G2:G7) -> 4.375

Sheet Data(perSeason,perCrop)
A1: Area | B1: Area% | C1: Crop Type | D1: CropID | E1: ETa | F1: ETa90 | G1: ETblue | H1: ETcv | I1: ETcv_blue | J1: ETgreen | K1: Name | L1: Precip | M1: RETmax | N1: RETmin | O1: Season | P1: TBP | Q1: TBP_P | R1: status | S1: year | T1: Water Intensive (based on Etp)
A2: 892.75171 | B2: 7.6 | C2: Class1 | D2: 31 | E2: 287 | F2: 344 | G2: 68 | H2: 0.12617248 | I2: 0.52725009 | J2: 217 | K2: Ong | L2: 1313 | M2: 0.90091946 | N2: 0.42328921 | O2: 1 | P2: 6243 | Q2: 7324 | R2: IRRIGATED | S2: 2018 | T2: =IF(R2="IRRIGATED",IF(F2>=SCORES!I$6,1,0),"") -> 1
A3: 493.76833 | B3: 4.7 | C3: Class1 | D3: 31 | E3: 222 | F3: 262 | G3: 23 | H3: 0.040802421 | I3: 0.38562956 | J3: 194 | K3: Ong | L3: 52 | M3: 0.91055893 | N3: 0.90898866 | O3: 2 | P3: 5782 | Q3: 8449 | R3: IRRIGATED | S3: 2018 | T3: =IF(R3="IRRIGATED",IF(F3>=SCORES!I$6,1,0),"") -> 0
A4: 486.04367 | B4: 3.8 | C4: Class1 | D4: 31 | E4: 223 | F4: 320 | G4: 22 | H4: 0.042562362 | I4: 0.54302631 | J4: 195 | K4: Ong | L4: 93 | M4: 0.9251526 | N4: 0.90250255 | O4: 2 | P4: 6349 | Q4: 9465 | R4: IRRIGATED | S4: 2019 | T4: =IF(R4="IRRIGATED",IF(F4>=SCORES!I$6,1,0),"") -> 1
A5: 804.6482 | B5: 6 | C5: Class1 | D5: 31 | E5: 235 | F5: 296 | G5: 45 | H5: 0.19330612 | I5: 0.89136115 | J5: 187 | K5: Ong | L5: 1172 | M5: 0.91927536 | N5: 0.35232797 | O5: 1 | P5: 4175 | Q5: 5169 | R5: IRRIGATED | S5: 2019 | T5: =IF(R5="IRRIGATED",IF(F5>=SCORES!I$6,1,0),"") -> 0
A6: 440.46394 | B6: 4.6 | C6: Class1 | D6: 31 | E6: 246 | F6: 286 | G6: 24 | H6: 0.042734244 | I6: 0.44241038 | J6: 216 | K6: Ong | L6: 93 | M6: 0.90312693 | N6: 0.90276147 | O6: 2 | P6: 5737 | Q6: 7741 | R6: IRRIGATED | S6: 2020 | T6: =IF(R6="IRRIGATED",IF(F6>=SCORES!I$6,1,0),"") -> 0
A7: 573.60987 | B7: 5.5 | C7: Class1 | D7: 31 | E7: 321 | F7: 384 | G7: 91 | H7: 0.14251096 | I7: 0.48541482 | J7: 233 | K7: Ong | L7: 1426 | M7: 0.89788855 | N7: 0.54220803 | O7: 1 | P7: 4863 | Q7: 6207 | R7: IRRIGATED | S7: 2020 | T7: =IF(R7="IRRIGATED",IF(F7>=SCORES!I$6,1,0),"") -> 1
A8: 641.35862 | B8: 7.2 | C8: Class1 | D8: 31 | E8: 220 | F8: 288 | G8: 57 | H8: 0.21250162 | I8: 0.65831415 | J8: 165 | K8: Ong | L8: 936 | M8: 0.90406316 | N8: 0.3594775 | O8: 1 | P8: 3775 | Q8: 4904 | R8: IRRIGATED | S8: 2021 | T8: =IF(R8="IRRIGATED",IF(F8>=SCORES!I$6,1,0),"") -> 0
A9: 690.02424 | B9: 8 | C9: Class1 | D9: 31 | E9: 236 | F9: 324 | G9: 26 | H9: 0.043937358 | I9: 0.4247904 | J9: 204 | K9: Ong | L9: 88 | M9: 0.90892786 | N9: 0.90800831 | O9: 2 | P9: 5740 | Q9: 9113 | R9: IRRIGATED | S9: 2021 | T9: =IF(R9="IRRIGATED",IF(F9>=SCORES!I$6,1,0),"") -> 1
A10: 293.05072 | B10: 2.4 | C10: Class1 | D10: 31 | E10: 238 | F10: 296 | G10: 22 | H10: 0.04234814 | I10: 0.47410284 | J10: 211 | K10: Ong | L10: 118 | M10: 0.92030224 | N10: 0.89486402 | O10: 2 | P10: 6625 | Q10: 9433 | R10: IRRIGATED | S10: 2022 | T10: =IF(R10="IRRIGATED",IF(F10>=SCORES!I$6,1,0),"") -> 0
A11: 594.2404 | B11: 4.5 | C11: Class1 | D11: 31 | E11: 265 | F11: 304 | G11: 50 | H11: 0.13123189 | I11: 0.64136107 | J11: 213 | K11: Ong | L11: 1226 | M11: 0.89504882 | N11: 0.49147649 | O11: 1 | P11: 4874 | Q11: 5340 | R11: IRRIGATED | S11: 2022 | T11: =IF(R11="IRRIGATED",IF(F11>=SCORES!I$6,1,0),"") -> 1
A12: 32.092348 | B12: 1.2 | C12: Class1 | D12: 31 | E12: 389 | F12: 493 | G12: 109 | H12: 0.098095935 | I12: 0.33488716 | J12: 278 | K12: Ong | L12: 85 | O12: 3 | P12: 2846 | Q12: 3909 | R12: IRRIGATED | S12: 2018 | T12: =IF(R12="IRRIGATED",IF(F12>=SCORES!I$6,1,0),"") -> 1
A13: 251.30927 | B13: 3.1 | C13: Class1 | D13: 31 | E13: 325 | F13: 438 | G13: 74 | H13: 0.10434804 | I13: 0.4188768 | J13: 248 | K13: Ong | L13: 120 | O13: 3 | P13: 4055 | Q13: 5813 | R13: IRRIGATED | S13: 2019 | T13: =IF(R13="IRRIGATED",IF(F13>=SCORES!I$6,1,0),"") -> 1
A14: 79.21902 | B14: 3.4 | C14: Class1 | D14: 31 | E14: 288 | F14: 417 | G14: 110 | H14: 0.12550526 | I14: 0.33515565 | J14: 177 | K14: Ong | L14: 136 | O14: 3 | P14: 2354 | Q14: 3920 | R14: IRRIGATED | S14: 2020 | T14: =IF(R14="IRRIGATED",IF(F14>=SCORES!I$6,1,0),"") -> 1
A15: 81.540191 | B15: 3.2 | C15: Class1 | D15: 31 | E15: 318 | F15: 449 | G15: 119 | H15: 0.1301173 | I15: 0.31382273 | J15: 198 | K15: Ong | L15: 115 | O15: 3 | P15: 2778 | Q15: 3601 | R15: IRRIGATED | S15: 2021 | T15: =IF(R15="IRRIGATED",IF(F15>=SCORES!I$6,1,0),"") -> 1
A16: 150.65745 | B16: 3.3 | C16: Class1 | D16: 31 | E16: 318 | F16: 417 | G16: 116 | H16: 0.14274506 | I16: 0.39324161 | J16: 201 | K16: Ong | L16: 57 | O16: 3 | P16: 2562 | Q16: 4201 | R16: IRRIGATED | S16: 2022 | T16: =IF(R16="IRRIGATED",IF(F16>=SCORES!I$6,1,0),"") -> 1
A17: 490.68953 | B17: 4.2 | C17: Class1 | D17: 31 | E17: 217 | F17: 246 | G17: 0 | J17: 215 | K17: Ong | L17: 1255 | M17: 0.90091946 | N17: 0.42328921 | O17: 1 | P17: 5039 | R17: RAINFED | S17: 2018 | T17: =IF(R17="IRRIGATED",IF(F17>=SCORES!I$6,1,0),"")
A18: 524.99812 | B18: 5 | C18: Class1 | D18: 31 | E18: 195 | F18: 206 | G18: 0 | J18: 190 | K18: Ong | L18: 51 | M18: 0.91055893 | N18: 0.90898866 | O18: 2 | P18: 4683 | R18: RAINFED | S18: 2018 | T18: =IF(R18="IRRIGATED",IF(F18>=SCORES!I$6,1,0),"")
A19: 1024.7574 | B19: 7.7 | C19: Class1 | D19: 31 | E19: 191 | F19: 228 | G19: 0 | J19: 185 | K19: Ong | L19: 1132 | M19: 0.91927536 | N19: 0.35232797 | O19: 1 | P19: 3474 | R19: RAINFED | S19: 2019 | T19: =IF(R19="IRRIGATED",IF(F19>=SCORES!I$6,1,0),"")
A20: 1159.5292 | B20: 9 | C20: Class1 | D20: 31 | E20: 188 | F20: 276 | G20: 0 | J20: 181 | K20: Ong | L20: 93 | M20: 0.9251526 | N20: 0.90250255 | O20: 2 | P20: 5125 | R20: RAINFED | S20: 2019 | T20: =IF(R20="IRRIGATED",IF(F20>=SCORES!I$6,1,0),"")
A21: 905.2145 | B21: 8.6 | C21: Class1 | D21: 31 | E21: 202 | F21: 288 | G21: 0 | J21: 220 | K21: Ong | L21: 1305 | M21: 0.89788855 | N21: 0.54220803 | O21: 1 | P21: 2991 | R21: RAINFED | S21: 2020 | T21: =IF(R21="IRRIGATED",IF(F21>=SCORES!I$6,1,0),"")
A22: 886.03519 | B22: 9.2 | C22: Class1 | D22: 31 | E22: 215 | F22: 268 | G22: 0 | J22: 208 | K22: Ong | L22: 92 | M22: 0.90312693 | N22: 0.90276147 | O22: 2 | P22: 4724 | R22: RAINFED | S22: 2020 | T22: =IF(R22="IRRIGATED",IF(F22>=SCORES!I$6,1,0),"")
A23: 889.40239 | B23: 10 | C23: Class1 | D23: 31 | E23: 142 | F23: 202 | G23: 0 | J23: 151 | K23: Ong | L23: 799 | M23: 0.90406316 | N23: 0.3594775 | O23: 1 | P23: 2492 | R23: RAINFED | S23: 2021 | T23: =IF(R23="IRRIGATED",IF(F23>=SCORES!I$6,1,0),"")
A24: 752.43329 | B24: 8.8 | C24: Class1 | D24: 31 | E24: 207 | F24: 292 | G24: 0 | J24: 199 | K24: Ong | L24: 88 | M24: 0.90892786 | N24: 0.90800831 | O24: 2 | P24: 4793 | R24: RAINFED | S24: 2021 | T24: =IF(R24="IRRIGATED",IF(F24>=SCORES!I$6,1,0),"")
A25: 791.58881 | B25: 6 | C25: Class1 | D25: 31 | E25: 206 | F25: 248 | G25: 0 | J25: 210 | K25: Ong | L25: 1193 | M25: 0.89504882 | N25: 0.49147649 | O25: 1 | P25: 3955 | R25: RAINFED | S25: 2022 | T25: =IF(R25="IRRIGATED",IF(F25>=SCORES!I$6,1,0),"")
A26: 935.35146 | B26: 7.5 | C26: Class1 | D26: 31 | E26: 204 | F26: 266 | G26: 0 | J26: 200 | K26: Ong | L26: 118 | M26: 0.92030224 | N26: 0.89486402 | O26: 2 | P26: 5466 | R26: RAINFED | S26: 2022 | T26: =IF(R26="IRRIGATED",IF(F26>=SCORES!I$6,1,0),"")
A27: 4.0898163 | B27: 0.2 | C27: Class1 | D27: 31 | E27: 239 | F27: 456 | G27: 0 | J27: 189 | K27: Ong | L27: 56 | O27: 3 | P27: 1963 | R27: RAINFED | S27: 2018 | T27: =IF(R27="IRRIGATED",IF(F27>=SCORES!I$6,1,0),"")
A28: 58.641947 | B28: 0.7 | C28: Class1 | D28: 31 | E28: 280 | F28: 425 | G28: 0 | J28: 229 | K28: Ong | L28: 116 | O28: 3 | P28: 3483 | R28: RAINFED | S28: 2019 | T28: =IF(R28="IRRIGATED",IF(F28>=SCORES!I$6,1,0),"")
A29: 13.050284 | B29: 0.6 | C29: Class1 | D29: 31 | E29: 182 | F29: 352 | G29: 0 | J29: 130 | K29: Ong | L29: 109 | O29: 3 | P29: 1443 | R29: RAINFED | S29: 2020 | T29: =IF(R29="IRRIGATED",IF(F29>=SCORES!I$6,1,0),"")
A30: 8.3266426 | B30: 0.3 | C30: Class1 | D30: 31 | E30: 182 | F30: 349 | G30: 0 | J30: 143 | K30: Ong | L30: 52 | O30: 3 | P30: 2325 | R30: RAINFED | S30: 2021 | T30: =IF(R30="IRRIGATED",IF(F30>=SCORES!I$6,1,0),"")
A31: 25.447043 | B31: 0.6 | C31: Class1 | D31: 31 | E31: 233 | F31: 369 | G31: 0 | J31: 157 | K31: Ong | L31: 45 | O31: 3 | P31: 1820 | R31: RAINFED | S31: 2022 | T31: =IF(R31="IRRIGATED",IF(F31>=SCORES!I$6,1,0),"")
A32: 1103.4964 | B32: 9.4 | C32: Class4 | D32: 34 | E32: 302 | F32: 358 | G32: 82 | H32: 0.12617248 | I32: 0.52725009 | J32: 218 | K32: Ong | L32: 1342 | M32: 0.92854274 | N32: 0.49314123 | O32: 1 | P32: 6380 | Q32: 7342 | R32: IRRIGATED | S32: 2018 | T32: =IF(R32="IRRIGATED",IF(F32>=SCORES!I$6,1,0),"") -> 1
A33: 1027.5863 | B33: 9.9 | C33: Class4 | D33: 34 | E33: 263 | F33: 336 | G33: 34 | H33: 0.040802421 | I33: 0.38562956 | J33: 224 | K33: Ong | L33: 57 | M33: 0.92393575 | N33: 0.90944058 | O33: 2 | P33: 7535 | Q33: 10404 | R33: IRRIGATED | S33: 2018 | T33: =IF(R33="IRRIGATED",IF(F33>=SCORES!I$6,1,0),"") -> 1
A34: 4306.1676 | B34: 33.3 | C34: Class4 | D34: 34 | E34: 266 | F34: 334 | G34: 34 | H34: 0.042562362 | I34: 0.54302631 | J34: 227 | K34: Ong | L34: 98 | M34: 0.9284987 | N34: 0.85365428 | O34: 2 | P34: 7819 | Q34: 10165 | R34: IRRIGATED | S34: 2019 | T34: =IF(R34="IRRIGATED",IF(F34>=SCORES!I$6,1,0),"") -> 1
A35: 3808.6613 | B35: 28.6 | C35: Class4 | D35: 34 | E35: 252 | F35: 336 | G35: 58 | H35: 0.19330612 | I35: 0.89136115 | J35: 190 | K35: Ong | L35: 1225 | M35: 0.93095675 | N35: 0.36360958 | O35: 1 | P35: 4294 | Q35: 5568 | R35: IRRIGATED | S35: 2019 | T35: =IF(R35="IRRIGATED",IF(F35>=SCORES!I$6,1,0),"") -> 1
A36: 364.76802 | B36: 3.8 | C36: Class4 | D36: 34 | E36: 285 | F36: 362 | G36: 33 | H36: 0.042734244 | I36: 0.44241038 | J36: 247 | K36: Ong | L36: 102 | M36: 0.92276157 | N36: 0.89632063 | O36: 2 | P36: 6758 | Q36: 8977 | R36: IRRIGATED | S36: 2020 | T36: =IF(R36="IRRIGATED",IF(F36>=SCORES!I$6,1,0),"") -> 1
A37: 348.25434 | B37: 3.3 | C37: Class4 | D37: 34 | E37: 321 | F37: 382 | G37: 93 | H37: 0.14251096 | I37: 0.48541482 | J37: 236 | K37: Ong | L37: 1460 | M37: 0.92059015 | N37: 0.6261363 | O37: 1 | P37: 4788 | Q37: 6114 | R37: IRRIGATED | S37: 2020 | T37: =IF(R37="IRRIGATED",IF(F37>=SCORES!I$6,1,0),"") -> 1
A38: 465.10642 | B38: 5.2 | C38: Class4 | D38: 34 | E38: 250 | F38: 316 | G38: 79 | H38: 0.21250162 | I38: 0.65831415 | J38: 170 | K38: Ong | L38: 1077 | M38: 0.9346708 | N38: 0.38468315 | O38: 1 | P38: 4091 | Q38: 5171 | R38: IRRIGATED | S38: 2021 | T38: =IF(R38="IRRIGATED",IF(F38>=SCORES!I$6,1,0),"") -> 1
A39: 638.98928 | B39: 7.4 | C39: Class4 | D39: 34 | E39: 271 | F39: 340 | G39: 36 | H39: 0.043937358 | I39: 0.4247904 | J39: 230 | K39: Ong | L39: 100 | M39: 0.93573419 | N39: 0.92303494 | O39: 2 | P39: 7065 | Q39: 9783 | R39: IRRIGATED | S39: 2021 | T39: =IF(R39="IRRIGATED",IF(F39>=SCORES!I$6,1,0),"") -> 1
A40: 1066.0128 | B40: 8.6 | C40: Class4 | D40: 34 | E40: 285 | F40: 364 | G40: 33 | H40: 0.04234814 | I40: 0.47410284 | J40: 247 | K40: Ong | L40: 129 | M40: 0.93422573 | N40: 0.90289978 | O40: 2 | P40: 8147 | Q40: 10511 | R40: IRRIGATED | S40: 2022 | T40: =IF(R40="IRRIGATED",IF(F40>=SCORES!I$6,1,0),"") -> 1
A41: 1096.9116 | B41: 8.3 | C41: Class4 | D41: 34 | E41: 274 | F41: 326 | G41: 59 | H41: 0.13123189 | I41: 0.64136107 | J41: 213 | K41: Ong | L41: 1235 | M41: 0.92055618 | N41: 0.46146679 | O41: 1 | P41: 4806 | Q41: 5223 | R41: IRRIGATED | S41: 2022 | T41: =IF(R41="IRRIGATED",IF(F41>=SCORES!I$6,1,0),"") -> 1
A42: 788.22197 | B42: 29.9 | C42: Class4 | D42: 34 | E42: 460 | F42: 553 | G42: 151 | H42: 0.098095935 | I42: 0.33488716 | J42: 307 | K42: Ong | L42: 99 | O42: 3 | P42: 3435 | Q42: 4487 | R42: IRRIGATED | S42: 2018 | T42: =IF(R42="IRRIGATED",IF(F42>=SCORES!I$6,1,0),"") -> 1
A43: 4645.8125 | B43: 56.4 | C43: Class4 | D43: 34 | E43: 404 | F43: 481 | G43: 107 | H43: 0.10434804 | I43: 0.4188768 | J43: 295 | K43: Ong | L43: 146 | O43: 3 | P43: 5210 | Q43: 6638 | R43: IRRIGATED | S43: 2019 | T43: =IF(R43="IRRIGATED",IF(F43>=SCORES!I$6,1,0),"") -> 1
A44: 421.75961 | B44: 18.3 | C44: Class4 | D44: 34 | E44: 383 | F44: 501 | G44: 161 | H44: 0.12550526 | I44: 0.33515565 | J44: 221 | K44: Ong | L44: 167 | O44: 3 | P44: 3337 | Q44: 4934 | R44: IRRIGATED | S44: 2020 | T44: =IF(R44="IRRIGATED",IF(F44>=SCORES!I$6,1,0),"") -> 1
A45: 744.45876 | B45: 29.5 | C45: Class4 | D45: 34 | E45: 443 | F45: 545 | G45: 218 | H45: 0.1301173 | I45: 0.31382273 | J45: 224 | K45: Ong | L45: 173 | O45: 3 | P45: 2884 | Q45: 4174 | R45: IRRIGATED | S45: 2021 | T45: =IF(R45="IRRIGATED",IF(F45>=SCORES!I$6,1,0),"") -> 1
A46: 1341.7167 | B46: 29.3 | C46: Class4 | D46: 34 | E46: 393 | F46: 517 | G46: 160 | H46: 0.14274506 | I46: 0.39324161 | J46: 233 | K46: Ong | L46: 69 | O46: 3 | P46: 3447 | Q46: 5135 | R46: IRRIGATED | S46: 2022 | T46: =IF(R46="IRRIGATED",IF(F46>=SCORES!I$6,1,0),"") -> 1
A47: 327.26934 | B47: 2.8 | C47: Class4 | D47: 34 | E47: 225 | F47: 302 | G47: 0 | J47: 217 | K47: Ong | L47: 1303 | M47: 0.92854274 | N47: 0.49314123 | O47: 1 | P47: 5071 | R47: RAINFED | S47: 2018 | T47: =IF(R47="IRRIGATED",IF(F47>=SCORES!I$6,1,0),"")
A48: 368.60111 | B48: 3.5 | C48: Class4 | D48: 34 | E48: 238 | F48: 320 | G48: 0 | J48: 224 | K48: Ong | L48: 57 | M48: 0.92393575 | N48: 0.90944058 | O48: 2 | P48: 6439 | R48: RAINFED | S48: 2018 | T48: =IF(R48="IRRIGATED",IF(F48>=SCORES!I$6,1,0),"")
A49: 2611.0197 | B49: 19.6 | C49: Class4 | D49: 34 | E49: 197 | F49: 234 | G49: 0 | J49: 190 | K49: Ong | L49: 1208 | M49: 0.93095675 | N49: 0.36360958 | O49: 1 | P49: 3496 | R49: RAINFED | S49: 2019 | T49: =IF(R49="IRRIGATED",IF(F49>=SCORES!I$6,1,0),"")
A50: 2096.6907 | B50: 16.2 | C50: Class4 | D50: 34 | E50: 237 | F50: 318 | G50: 0 | J50: 220 | K50: Ong | L50: 98 | M50: 0.9284987 | N50: 0.85365428 | O50: 2 | P50: 6684 | R50: RAINFED | S50: 2019 | T50: =IF(R50="IRRIGATED",IF(F50>=SCORES!I$6,1,0),"")
A51: 205.05315 | B51: 2 | C51: Class4 | D51: 34 | E51: 217 | F51: 298 | G51: 0 | J51: 227 | K51: Ong | L51: 1376 | M51: 0.92059015 | N51: 0.6261363 | O51: 1 | P51: 3254 | R51: RAINFED | S51: 2020 | T51: =IF(R51="IRRIGATED",IF(F51>=SCORES!I$6,1,0),"")
A52: 177.92077 | B52: 1.8 | C52: Class4 | D52: 34 | E52: 255 | F52: 338 | G52: 0 | J52: 240 | K52: Ong | L52: 100 | M52: 0.92276157 | N52: 0.89632063 | O52: 2 | P52: 5733 | R52: RAINFED | S52: 2020 | T52: =IF(R52="IRRIGATED",IF(F52>=SCORES!I$6,1,0),"")
A53: 347.71339 | B53: 3.9 | C53: Class4 | D53: 34 | E53: 158 | F53: 220 | G53: 0 | J53: 159 | K53: Ong | L53: 890 | M53: 0.9346708 | N53: 0.38468315 | O53: 1 | P53: 2710 | R53: RAINFED | S53: 2021 | T53: =IF(R53="IRRIGATED",IF(F53>=SCORES!I$6,1,0),"")
A54: 188.52867 | B54: 2.2 | C54: Class4 | D54: 34 | E54: 242 | F54: 308 | G54: 0 | J54: 228 | K54: Ong | L54: 98 | M54: 0.93573419 | N54: 0.92303494 | O54: 2 | P54: 5941 | R54: RAINFED | S54: 2021 | T54: =IF(R54="IRRIGATED",IF(F54>=SCORES!I$6,1,0),"")
A55: 854.03898 | B55: 6.4 | C55: Class4 | D55: 34 | E55: 217 | F55: 270 | G55: 0 | J55: 211 | K55: Ong | L55: 1206 | M55: 0.92055618 | N55: 0.46146679 | O55: 1 | P55: 4095 | R55: RAINFED | S55: 2022 | T55: =IF(R55="IRRIGATED",IF(F55>=SCORES!I$6,1,0),"")
A56: 860.14911 | B56: 6.9 | C56: Class4 | D56: 34 | E56: 254 | F56: 344 | G56: 0 | J56: 238 | K56: Ong | L56: 128 | M56: 0.93422573 | N56: 0.90289978 | O56: 2 | P56: 7079 | R56: RAINFED | S56: 2022 | T56: =IF(R56="IRRIGATED",IF(F56>=SCORES!I$6,1,0),"")
A57: 55.825652 | B57: 2.1 | C57: Class4 | D57: 34 | E57: 407 | F57: 529 | G57: 0 | J57: 291 | K57: Ong | L57: 95 | O57: 3 | P57: 3451 | R57: RAINFED | S57: 2018 | T57: =IF(R57="IRRIGATED",IF(F57>=SCORES!I$6,1,0),"")
A58: 558.16473 | B58: 6.8 | C58: Class4 | D58: 34 | E58: 368 | F58: 445 | G58: 0 | J58: 289 | K58: Ong | L58: 147 | O58: 3 | P58: 4894 | R58: RAINFED | S58: 2019 | T58: =IF(R58="IRRIGATED",IF(F58>=SCORES!I$6,1,0),"")
A59: 26.770087 | B59: 1.2 | C59: Class4 | D59: 34 | E59: 308 | F59: 473 | G59: 0 | J59: 202 | K59: Ong | L59: 157 | O59: 3 | P59: 2888 | R59: RAINFED | S59: 2020 | T59: =IF(R59="IRRIGATED",IF(F59>=SCORES!I$6,1,0),"")
A60: 13.543641 | B60: 0.5 | C60: Class4 | D60: 34 | E60: 231 | F60: 445 | G60: 0 | J60: 161 | K60: Ong | L60: 83 | O60: 3 | P60: 2564 | R60: RAINFED | S60: 2021 | T60: =IF(R60="IRRIGATED",IF(F60>=SCORES!I$6,1,0),"")
A61: 180.66422 | B61: 3.9 | C61: Class4 | D61: 34 | E61: 321 | F61: 445 | G61: 0 | J61: 205 | K61: Ong | L61: 60 | O61: 3 | P61: 2758 | R61: RAINFED | S61: 2022 | T61: =IF(R61="IRRIGATED",IF(F61>=SCORES!I$6,1,0),"")
A62: 59.843344 | B62: 0.5 | C62: Double Crop Kharif/Rabi | D62: 4 | E62: 633 | F62: 745 | G62: 88 | H62: 0.089735728 | I62: 0.75002359 | J62: 523 | K62: Ong | L62: 1242 | O62: 0 | P62: 15645 | Q62: 18670 | R62: IRRIGATED | S62: 2018 | T62: =IF(R62="IRRIGATED",IF(F62>=SCORES!I$6,1,0),"") -> 1
A63: 75.894637 | B63: 0.6 | C63: Double Crop Kharif/Rabi | D63: 4 | E63: 382 | F63: 545 | G63: 69 | H63: 0.087340805 | I63: 0.66438202 | J63: 305 | K63: Ong | L63: 839 | O63: 0 | P63: 8449 | Q63: 14292 | R63: IRRIGATED | S63: 2019 | T63: =IF(R63="IRRIGATED",IF(F63>=SCORES!I$6,1,0),"") -> 1
A64: 25.360404 | B64: 0.2 | C64: Double Crop Kharif/Rabi | D64: 4 | E64: 447 | F64: 685 | G64: 80 | H64: 0.12081794 | I64: 0.79095224 | J64: 364 | K64: Ong | L64: 1089 | O64: 0 | P64: 8161 | Q64: 14429 | R64: IRRIGATED | S64: 2020 | T64: =IF(R64="IRRIGATED",IF(F64>=SCORES!I$6,1,0),"") -> 1
A65: 67.455545 | B65: 0.7 | C65: Double Crop Kharif/Rabi | D65: 4 | E65: 481 | F65: 665 | G65: 64 | H65: 0.12443427 | I65: 0.87114346 | J65: 404 | K65: Ong | L65: 910 | O65: 0 | P65: 10517 | Q65: 14982 | R65: IRRIGATED | S65: 2021 | T65: =IF(R65="IRRIGATED",IF(F65>=SCORES!I$6,1,0),"") -> 1
A66: 10.83453 | B66: 0.1 | C66: Double Crop Kharif/Rabi | D66: 4 | E66: 418 | F66: 569 | G66: 0 | J66: 394 | K66: Ong | L66: 1184 | O66: 0 | P66: 9845 | R66: RAINFED | S66: 2018 | T66: =IF(R66="IRRIGATED",IF(F66>=SCORES!I$6,1,0),"")
A67: 42.775745 | B67: 0.3 | C67: Double Crop Kharif/Rabi | D67: 4 | E67: 351 | F67: 473 | G67: 0 | J67: 324 | K67: Ong | L67: 1012 | O67: 0 | P67: 7588 | R67: RAINFED | S67: 2019 | T67: =IF(R67="IRRIGATED",IF(F67>=SCORES!I$6,1,0),"")
A68: 34.23743 | B68: 0.3 | C68: Double Crop Kharif/Rabi | D68: 4 | E68: 309 | F68: 457 | G68: 0 | J68: 309 | K68: Ong | L68: 1062 | O68: 0 | P68: 5188 | R68: RAINFED | S68: 2020 | T68: =IF(R68="IRRIGATED",IF(F68>=SCORES!I$6,1,0),"")
A69: 47.076143 | B69: 0.5 | C69: Double Crop Kharif/Rabi | D69: 4 | E69: 346 | F69: 473 | G69: 0 | J69: 345 | K69: Ong | L69: 928 | O69: 0 | P69: 7308 | R69: RAINFED | S69: 2021 | T69: =IF(R69="IRRIGATED",IF(F69>=SCORES!I$6,1,0),"")
A70: 11.589767 | B70: 0.1 | C70: Double Crop Kharif/Rabi | D70: 4 | E70: 353 | F70: 526 | G70: 0 | J70: 354 | K70: Ong | L70: 1260 | O70: 0 | P70: 7424 | R70: RAINFED | S70: 2022 | T70: =IF(R70="IRRIGATED",IF(F70>=SCORES!I$6,1,0),"")
A71: 2204.0052 | B71: 18.7 | C71: Double Crop Kharif/Zaid | D71: 5 | E71: 954 | F71: 1107 | G71: 248 | H71: 0.089735728 | I71: 0.75002359 | J71: 700 | K71: Ong | L71: 1401 | O71: 0 | P71: 14847 | Q71: 17291 | R71: IRRIGATED | S71: 2018 | T71: =IF(R71="IRRIGATED",IF(F71>=SCORES!I$6,1,0),"") -> 1
A72: 4609.0601 | B72: 33.9 | C72: Double Crop Kharif/Zaid | D72: 5 | E72: 822 | F72: 971 | G72: 171 | H72: 0.087340805 | I72: 0.66438202 | J72: 642 | K72: Ong | L72: 1393 | O72: 0 | P72: 14289 | Q72: 17314 | R72: IRRIGATED | S72: 2019 | T72: =IF(R72="IRRIGATED",IF(F72>=SCORES!I$6,1,0),"") -> 1
A73: 2154.3017 | B73: 20.4 | C73: Double Crop Kharif/Zaid | D73: 5 | E73: 861 | F73: 1043 | G73: 228 | H73: 0.12081794 | I73: 0.79095224 | J73: 632 | K73: Ong | L73: 1503 | O73: 0 | P73: 12185 | Q73: 15383 | R73: IRRIGATED | S73: 2020 | T73: =IF(R73="IRRIGATED",IF(F73>=SCORES!I$6,1,0),"") -> 1
A74: 2093.7228 | B74: 23.2 | C74: Double Crop Kharif/Zaid | D74: 5 | E74: 853 | F74: 995 | G74: 276 | H74: 0.12443427 | I74: 0.87114346 | J74: 569 | K74: Ong | L74: 1104 | O74: 0 | P74: 11173 | Q74: 13279 | R74: IRRIGATED | S74: 2021 | T74: =IF(R74="IRRIGATED",IF(F74>=SCORES!I$6,1,0),"") -> 1
A75: 4069.1684 | B75: 30.5 | C75: Double Crop Kharif/Zaid | D75: 5 | E75: 855 | F75: 1019 | G75: 213 | H75: 0.095291979 | I75: 0.83633081 | J75: 633 | K75: Ong | L75: 1272 | O75: 0 | P75: 13787 | Q75: 16439 | R75: IRRIGATED | S75: 2022 | T75: =IF(R75="IRRIGATED",IF(F75>=SCORES!I$6,1,0),"") -> 1
A76: 44.942276 | B76: 0.4 | C76: Double Crop Kharif/Zaid | D76: 5 | E76: 733 | F76: 1003 | G76: 0 | J76: 632 | K76: Ong | L76: 1363 | O76: 0 | P76: 11556 | R76: RAINFED | S76: 2018 | T76: =IF(R76="IRRIGATED",IF(F76>=SCORES!I$6,1,0),"")
A77: 279.81732 | B77: 2.1 | C77: Double Crop Kharif/Zaid | D77: 5 | E77: 663 | F77: 811 | G77: 0 | J77: 595 | K77: Ong | L77: 1410 | O77: 0 | P77: 11485 | R77: RAINFED | S77: 2019 | T77: =IF(R77="IRRIGATED",IF(F77>=SCORES!I$6,1,0),"")
A78: 102.84126 | B78: 1 | C78: Double Crop Kharif/Zaid | D78: 5 | E78: 664 | F78: 875 | G78: 0 | J78: 573 | K78: Ong | L78: 1545 | O78: 0 | P78: 10216 | R78: RAINFED | S78: 2020 | T78: =IF(R78="IRRIGATED",IF(F78>=SCORES!I$6,1,0),"")
A79: 29.198354 | B79: 0.3 | C79: Double Crop Kharif/Zaid | D79: 5 | E79: 661 | F79: 914 | G79: 0 | J79: 540 | K79: Ong | L79: 1054 | O79: 0 | P79: 10214 | R79: RAINFED | S79: 2021 | T79: =IF(R79="IRRIGATED",IF(F79>=SCORES!I$6,1,0),"")
A80: 333.09788 | B80: 2.5 | C80: Double Crop Kharif/Zaid | D80: 5 | E80: 780 | F80: 947 | G80: 0 | J80: 642 | K80: Ong | L80: 1395 | O80: 0 | P80: 13826 | R80: RAINFED | S80: 2022 | T80: =IF(R80="IRRIGATED",IF(F80>=SCORES!I$6,1,0),"")
A81: 49.024806 | B81: 0.4 | C81: Double Crop Rabi/Zaid | D81: 6 | E81: 601 | F81: 785 | G81: 138 | H81: 0.087340805 | I81: 0.66438202 | J81: 458 | K81: Ong | L81: 225 | O81: 0 | P81: 10544 | Q81: 14107 | R81: IRRIGATED | S81: 2019 | T81: =IF(R81="IRRIGATED",IF(F81>=SCORES!I$6,1,0),"") -> 1
A82: 15.666136 | B82: 0.1 | C82: Double Crop Rabi/Zaid | D82: 6 | E82: 660 | F82: 785 | G82: 208 | H82: 0.12081794 | I82: 0.79095224 | J82: 448 | K82: Ong | L82: 269 | O82: 0 | P82: 8783 | Q82: 11692 | R82: IRRIGATED | S82: 2020 | T82: =IF(R82="IRRIGATED",IF(F82>=SCORES!I$6,1,0),"") -> 1
A83: 14.3836 | B83: 0.2 | C83: Double Crop Rabi/Zaid | D83: 6 | E83: 741 | F83: 870 | G83: 290 | H83: 0.12443427 | I83: 0.87114346 | J83: 446 | K83: Ong | L83: 275 | O83: 0 | P83: 9383 | Q83: 12174 | R83: IRRIGATED | S83: 2021 | T83: =IF(R83="IRRIGATED",IF(F83>=SCORES!I$6,1,0),"") -> 1
A84: 6429.0186 | B84: 54.5 | C84: Kharif Crop | D84: 1 | E84: 496 | F84: 573 | G84: 81 | H84: 0.089735728 | I84: 0.75002359 | J84: 406 | K84: Ong | L84: 1313 | O84: 0 | P84: 11892 | Q84: 14094 | R84: IRRIGATED | S84: 2018 | T84: =IF(R84="IRRIGATED",IF(F84>=SCORES!I$6,1,0),"") -> 1
A85: 2517.5209 | B85: 18.5 | C85: Kharif Crop | D85: 1 | E85: 436 | F85: 545 | G85: 49 | H85: 0.087340805 | I85: 0.66438202 | J85: 375 | K85: Ong | L85: 1236 | O85: 0 | P85: 9937 | Q85: 12838 | R85: IRRIGATED | S85: 2019 | T85: =IF(R85="IRRIGATED",IF(F85>=SCORES!I$6,1,0),"") -> 1
A86: 3835.7191 | B86: 36.3 | C86: Kharif Crop | D86: 1 | E86: 476 | F86: 585 | G86: 66 | H86: 0.12081794 | I86: 0.79095224 | J86: 413 | K86: Ong | L86: 1414 | O86: 0 | P86: 8876 | Q86: 11601 | R86: IRRIGATED | S86: 2020 | T86: =IF(R86="IRRIGATED",IF(F86>=SCORES!I$6,1,0),"") -> 1
A87: 4053.7929 | B87: 44.9 | C87: Kharif Crop | D87: 1 | E87: 420 | F87: 509 | G87: 60 | H87: 0.12443427 | I87: 0.87114346 | J87: 356 | K87: Ong | L87: 943 | O87: 0 | P87: 8714 | Q87: 12325 | R87: IRRIGATED | S87: 2021 | T87: =IF(R87="IRRIGATED",IF(F87>=SCORES!I$6,1,0),"") -> 1
A88: 4785.7117 | B88: 35.9 | C88: Kharif Crop | D88: 1 | E88: 448 | F88: 513 | G88: 44 | H88: 0.095291979 | I88: 0.83633081 | J88: 393 | K88: Ong | L88: 1207 | O88: 0 | P88: 10384 | Q88: 12905 | R88: IRRIGATED | S88: 2022 | T88: =IF(R88="IRRIGATED",IF(F88>=SCORES!I$6,1,0),"") -> 1
A89: 2248.5741 | B89: 19.1 | C89: Kharif Crop | D89: 1 | E89: 388 | F89: 469 | G89: 0 | J89: 377 | K89: Ong | L89: 1301 | O89: 0 | P89: 8815 | R89: RAINFED | S89: 2018 | T89: =IF(R89="IRRIGATED",IF(F89>=SCORES!I$6,1,0),"")
A90: 2020.1564 | B90: 14.8 | C90: Kharif Crop | D90: 1 | E90: 369 | F90: 469 | G90: 0 | J90: 357 | K90: Ong | L90: 1214 | O90: 0 | P90: 8102 | R90: RAINFED | S90: 2019 | T90: =IF(R90="IRRIGATED",IF(F90>=SCORES!I$6,1,0),"")
A91: 4062.36 | B91: 38.4 | C91: Kharif Crop | D91: 1 | E91: 373 | F91: 485 | G91: 0 | J91: 383 | K91: Ong | L91: 1263 | O91: 0 | P91: 6656 | R91: RAINFED | S91: 2020 | T91: =IF(R91="IRRIGATED",IF(F91>=SCORES!I$6,1,0),"")
A92: 1975.211 | B92: 21.9 | C92: Kharif Crop | D92: 1 | E92: 331 | F92: 421 | G92: 0 | J92: 333 | K92: Ong | L92: 881 | O92: 0 | P92: 6621 | R92: RAINFED | S92: 2021 | T92: =IF(R92="IRRIGATED",IF(F92>=SCORES!I$6,1,0),"")
A93: 3414.2579 | B93: 25.6 | C93: Kharif Crop | D93: 1 | E93: 390 | F93: 465 | G93: 0 | J93: 382 | K93: Ong | L93: 1262 | O93: 0 | P93: 8612 | R93: RAINFED | S93: 2022 | T93: =IF(R93="IRRIGATED",IF(F93>=SCORES!I$6,1,0),"")
A94: 1486.8461 | B94: 56.5 | C94: Other Irrigated (High Water Intensive) | D94: 14 | E94: 493 | F94: 573 | G94: 181 | H94: 0.098095935 | I94: 0.33488716 | J94: 310 | K94: Ong | L94: 99 | O94: 3 | P94: 3385 | Q94: 4074 | R94: IRRIGATED | S94: 2018 | T94: =IF(R94="IRRIGATED",IF(F94>=SCORES!I$6,1,0),"") -> 1
A95: 141.06024 | B95: 1.2 | C95: Other Irrigated (High Water Intensive) | D95: 14 | E95: 342 | F95: 378 | G95: 125 | H95: 0.12617248 | I95: 0.52725009 | J95: 216 | K95: Ong | L95: 1345 | O95: 1 | P95: 6652 | Q95: 7128 | R95: IRRIGATED | S95: 2018 | T95: =IF(R95="IRRIGATED",IF(F95>=SCORES!I$6,1,0),"") -> 1
A96: 1924.6787 | B96: 23.4 | C96: Other Irrigated (High Water Intensive) | D96: 14 | E96: 477 | F96: 537 | G96: 168 | H96: 0.10434804 | I96: 0.4188768 | J96: 307 | K96: Ong | L96: 150 | O96: 3 | P96: 5503 | Q96: 6110 | R96: IRRIGATED | S96: 2019 | T96: =IF(R96="IRRIGATED",IF(F96>=SCORES!I$6,1,0),"") -> 1
A97: 41.066689 | B97: 0.3 | C97: Other Irrigated (High Water Intensive) | D97: 14 | E97: 318 | F97: 386 | G97: 134 | H97: 0.19330612 | I97: 0.89136115 | J97: 182 | K97: Ong | L97: 1209 | O97: 1 | P97: 4626 | Q97: 3297 | R97: IRRIGATED | S97: 2019 | T97: =IF(R97="IRRIGATED",IF(F97>=SCORES!I$6,1,0),"") -> 1
A98: 1619.2639 | B98: 70.1 | C98: Other Irrigated (High Water Intensive) | D98: 14 | E98: 433 | F98: 529 | G98: 196 | H98: 0.12550526 | I98: 0.33515565 | J98: 236 | K98: Ong | L98: 175 | O98: 3 | P98: 3714 | Q98: 4632 | R98: IRRIGATED | S98: 2020 | T98: =IF(R98="IRRIGATED",IF(F98>=SCORES!I$6,1,0),"") -> 1
A99: 263.72243 | B99: 2.5 | C99: Other Irrigated (High Water Intensive) | D99: 14 | E99: 364 | F99: 390 | G99: 125 | H99: 0.14251096 | I99: 0.48541482 | J99: 236 | K99: Ong | L99: 1442 | O99: 1 | P99: 5696 | Q99: 6326 | R99: IRRIGATED | S99: 2020 | T99: =IF(R99="IRRIGATED",IF(F99>=SCORES!I$6,1,0),"") -> 1
A100: 1482.5523 | B100: 58.7 | C100: Other Irrigated (High Water Intensive) | D100: 14 | E100: 474 | F100: 569 | G100: 244 | H100: 0.1301173 | I100: 0.31382273 | J100: 229 | K100: Ong | L100: 170 | O100: 3 | P100: 2889 | Q100: 3865 | R100: IRRIGATED | S100: 2021 | T100: =IF(R100="IRRIGATED",IF(F100>=SCORES!I$6,1,0),"") -> 1
...

Sheet Indicators
B2: Scheme | C2: =Summary!C2 -> Ong | D2: =Summary!C2 -> Ong | E2: =Summary!C2 -> Ong | F2: =Summary!C2 -> Ong | K2: Annual | S2: Kharif | AX2: Rabi | CC2: Zaid
K3: Double Crop Kharif/Rabi | L3: Double Crop Rabi/Zaid | M3: Triple Crop | N3: Perennial Crops | O3: Kharif Crop | P3: Rabi Crop | Q3: Double Crop Kharif/Zaid | R3: Zaid Crop | S3: Cotton | T3: Paddy | U3: Maize | V3: Wheat | W3: Redgram | X3: Chickpea | Y3: Mustard | Z3: Jowar | AA3: Chili | AB3: Orchard | AC3: Groundnut | AD3: Potato | AE3: Sugarcane | AF3: Other Irrigated (High Water Intensive) | AG3: Other Irrigated (Less Water Intensive) | AH3: Other Rainfed | AI3: Class1 | AJ3: Class2 | AK3: Class3 | AL3: Class4 | AM3: Class5 | AN3: Class6 | AO3: Class7 | AP3: Class8 | AQ3: Class9 | AR3: Class10 | AS3: Class11 | AT3: Class12 | AU3: Class13 | AV3: Class14 | AW3: Class15 | AX3: Cotton | AY3: Paddy | AZ3: Maize | BA3: Wheat | BB3: Redgram | BC3: Chickpea | BD3: Mustard | BE3: Jowar | BF3: Chili | BG3: Orchard | BH3: Groundnut | BI3: Potato | BJ3: Sugarcane | BK3: Other Irrigated (High Water Intensive) | BL3: Other Irrigated (Less Water Intensive) | BM3: Other Rainfed | BN3: Class1 | BO3: Class2 | BP3: Class3 | BQ3: Class4 | BR3: Class5 | BS3: Class6 | BT3: Class7 | BU3: Class8 | BV3: Class9 | BW3: Class10 | BX3: Class11 | BY3: Class12 | BZ3: Class13 | CA3: Class14 | CB3: Class15 | CC3: Cotton | CD3: Paddy | CE3: Maize | CF3: Wheat | CG3: Redgram | CH3: Chickpea | CI3: Mustard | CJ3: Jowar | CK3: Chili | CL3: Orchard | CM3: Groundnut | CN3: Potato | CO3: Sugarcane | CP3: Other Irrigated (High Water Intensive) | CQ3: Other Irrigated (Less Water Intensive) | CR3: Other Rainfed | CS3: Class1 | CT3: Class2 | CU3: Class3 | CV3: Class4 | CW3: Class5 | CX3: Class6 | CY3: Class7 | CZ3: Class8 | DA3: Class9 | DB3: Class10 | DC3: Class11 | DD3: Class12 | DE3: Class13 | DF3: Class14 | DG3: Class15
A4: Command Area | B4: Total | C4: =Summary!$C4 -> 30837.7 | D4: =Summary!$C4 -> 30837.7 | E4: =Summary!$C4 -> 30837.7 | F4: =Summary!$C4 -> 30837.7 | J4: ID | K4: 1 | L4: 2 | M4: 3 | N4: 4 | O4: 5 | P4: 6 | Q4: 7 | R4: 8 | S4: 1 | T4: 2 | U4: 3 | V4: 4 | W4: 5 | X4: 6 | Y4: 7 | Z4: 8 | AA4: 9 | AB4: 10 | AC4: 11 | AD4: 12 | AE4: 13 | AF4: 14 | AG4: 15 | AH4: 16 | AI4: 17 | AJ4: 18 | AK4: 19 | AL4: 20 | AM4: 21 | AN4: 22 | AO4: 23 | AP4: 24 | AQ4: 25 | AR4: 40 | AS4: 41 | AT4: 42 | AU4: 43 | AV4: 44 | AW4: 45 | AX4: 1 | AY4: 2 | AZ4: 3 | BA4: 4 | BB4: 5 | BC4: 6 | BD4: 7 | BE4: 8 | BF4: 9 | BG4: 10 | BH4: 11 | BI4: 12 | BJ4: 13 | BK4: 14 | BL4: 15 | BM4: 17 | BN4: 31 | BO4: 32 | BP4: 33 | BQ4: 34 | BR4: 35 | BS4: 36 | BT4: 37 | BU4: 38 | BV4: 39 | BW4: 40 | BX4: 41 | BY4: 42 | BZ4: 43 | CA4: 44 | CB4: 45 | CC4: 1 | CD4: 2 | CE4: 3 | CF4: 4 | CG4: 5 | CH4: 6 | CI4: 7 | CJ4: 8 | CK4: 9 | CL4: 10 | CM4: 11 | CN4: 12 | CO4: 13 | CP4: 14 | CQ4: 15 | CR4: 17 | CS4: 31 | CT4: 32 | CU4: 33 | CV4: 34 | CW4: 35 | CX4: 36 | CY4: 37 | CZ4: 38 | DA4: 39 | DB4: 40 | DC4: 41 | DD4: 42 | DE4: 43 | DF4: 44 | DG4: 45
B5: CCA | C5: =Summary!$C3 -> 17276 | D5: =Summary!$C3 -> 17276 | E5: =Summary!$C3 -> 17276 | F5: =Summary!$C3 -> 17276 | J5: Cropping Intensity | K5: 2 | L5: 2 | M5: 3 | N5: 1 | O5: 1 | P5: 1 | Q5: 2 | R5: 1
C6: Kharif | D6: Rabi | E6: Zaid | F6: Annual
B7: Season | C7: 1 | D7: 2 | E7: 3 | F7: 0 | J7: Season | K7: 0 | L7: 0 | M7: 0 | N7: 0 | O7: 0 | P7: 0 | Q7: 0 | R7: 0 | S7: 1 | T7: 1 | U7: 1 | V7: 1 | W7: 1 | X7: 1 | Y7: 1 | Z7: 1 | AA7: 1 | AB7: 1 | AC7: 1 | AD7: 1 | AE7: 1 | AF7: 1 | AG7: 1 | AH7: 1 | AI7: 1 | AJ7: 1 | AK7: 1 | AL7: 1 | AM7: 1 | AN7: 1 | AO7: 1 | AP7: 1 | AQ7: 1 | AR7: 1 | AS7: 1 | AT7: 1 | AU7: 1 | AV7: 1 | AW7: 1 | AX7: 2 | AY7: 2 | AZ7: 2 | BA7: 2 | BB7: 2 | BC7: 2 | BD7: 2 | BE7: 2 | BF7: 2 | BG7: 2 | BH7: 2 | BI7: 2 | BJ7: 2 | BK7: 2 | BL7: 2 | BM7: 2 | BN7: 2 | BO7: 2 | BP7: 2 | BQ7: 2 | BR7: 2 | BS7: 2 | BT7: 2 | BU7: 2 | BV7: 2 | BW7: 2 | BX7: 2 | BY7: 2 | BZ7: 2 | CA7: 2 | CB7: 2 | CC7: 3 | CD7: 3 | CE7: 3 | CF7: 3 | CG7: 3 | CH7: 3 | CI7: 3 | CJ7: 3 | CK7: 3 | CL7: 3 | CM7: 3 | CN7: 3 | CO7: 3 | CP7: 3 | CQ7: 3 | CR7: 3 | CS7: 3 | CT7: 3 | CU7: 3 | CV7: 3 | CW7: 3 | CX7: 3 | CY7: 3 | CZ7: 3 | DA7: 3 | DB7: 3 | DC7: 3 | DD7: 3 | DE7: 3 | DF7: 3 | DG7: 3
A8: Cropped Area | B8: 2018 | C8: =IF(COUNTIFS('Data(perSeason,perCrop)'!$S:$S,Indicators!$B8)>0,SUMIFS('Data(perSeason,perCrop)'!$A:$A,'Data(perSeason,perCrop)'!$S:$S,Indicators!$B8,'Data(perSeason,perCrop)'!$O:$O,Indicators!C$7),"") -> 11758.214 | D8: =IF(COUNTIFS('Data(perSeason,perCrop)'!$S:$S,Indicators!$B8)>0,SUMIFS('Data(perSeason,perCrop)'!$A:$A,'Data(perSeason,perCrop)'!$S:$S,Indicators!$B8,'Data(perSeason,perCrop)'!$O:$O,Indicators!D$7),"") -> 10428.392 | E8: =IF(COUNTIFS('Data(perSeason,perCrop)'!$S:$S,Indicators!$B8)>0,SUMIFS('Data(perSeason,perCrop)'!$A:$A,'Data(perSeason,perCrop)'!$S:$S,Indicators!$B8,'Data(perSeason,perCrop)'!$O:$O,Indicators!E$7),"") -> 2632.3976 | F8: =IF(COUNTIFS('Data(perSeason,perCrop)'!$S:$S,Indicators!$B8)>0,SUMIFS('Data(perSeason,perCrop)'!$A:$A,'Data(perSeason,perCrop)'!$S:$S,Indicators!$B8,'Data(perSeason,perCrop)'!$O:$O,Indicators!F$7),"") -> 11794.087 | J8: ha | K8: =SUMIFS('Data(perSeason,perCrop)'!$A:$A,'Data(perSeason,perCrop)'!$S:$S,Indicators!$B8,'Data(perSeason,perCrop)'!$O:$O,Indicators!K$7,'Data(perSeason,perCrop)'!$C:$C,Indicators!K$3) -> 70.677874 | L8: =SUMIFS('Data(perSeason,perCrop)'!$A:$A,'Data(perSeason,perCrop)'!$S:$S,Indicators!$B8,'Data(perSeason,perCrop)'!$O:$O,Indicators!L$7,'Data(perSeason,perCrop)'!$C:$C,Indicators!L$3) -> 0 | M8: =SUMIFS('Data(perSeason,perCrop)'!$A:$A,'Data(perSeason,perCrop)'!$S:$S,Indicators!$B8,'Data(perSeason,perCrop)'!$O:$O,Indicators!M$7,'Data(perSeason,perCrop)'!$C:$C,Indicators!M$3) -> 0 | N8: =SUMIFS('Data(perSeason,perCrop)'!$A:$A,'Data(perSeason,perCrop)'!$S:$S,Indicators!$B8,'Data(perSeason,perCrop)'!$O:$O,Indicators!N$7,'Data(perSeason,perCrop)'!$C:$C,Indicators!N$3) -> 796.86923 | O8: =SUMIFS('Data(perSeason,perCrop)'!$A:$A,'Data(perSeason,perCrop)'!$S:$S,Indicators!$B8,'Data(perSeason,perCrop)'!$O:$O,Indicators!O$7,'Data(perSeason,perCrop)'!$C:$C,Indicators!O$3) -> 8677.5927 | P8: =SUMIFS('Data(perSeason,perCrop)'!$A:$A,'Data(perSeason,perCrop)'!$S:$S,Indicators!$B8,'Data(perSeason,perCrop)'!$O:$O,Indicators!P$7,'Data(perSeason,perCrop)'!$C:$C,Indicators!P$3) -> 0 | Q8: =SUMIFS('Data(perSeason,perCrop)'!$A:$A,'Data(perSeason,perCrop)'!$S:$S,Indicators!$B8,'Data(perSeason,perCrop)'!$O:$O,Indicators!Q$7,'Data(perSeason,perCrop)'!$C:$C,Indicators!Q$3) -> 2248.9474 | R8: =SUMIFS('Data(perSeason,perCrop)'!$A:$A,'Data(perSeason,perCrop)'!$S:$S,Indicators!$B8,'Data(perSeason,perCrop)'!$O:$O,Indicators!R$7,'Data(perSeason,perCrop)'!$C:$C,Indicators!R$3) -> 0 | ... DG8: =SUMIFS('Data(perSeason,perCrop)'!$A:$A,'Data(perSeason,perCrop)'!$S:$S,Indicators!$B8,'Data(perSeason,perCrop)'!$O:$O,Indicators!DG$7,'Data(perSeason,perCrop)'!$C:$C,Indicators!DG$3) -> 0
A9: hectares | B9: 2019 | C9: =IF(COUNTIFS('Data(perSeason,perCrop)'!$S:$S,Indicators!$B9)>0,SUMIFS('Data(perSeason,perCrop)'!$A:$A,'Data(perSeason,perCrop)'!$S:$S,Indicators!$B9,'Data(perSeason,perCrop)'!$O:$O,Indicators!C$7),"") -> 13338.71 | D9: =IF(COUNTIFS('Data(perSeason,perCrop)'!$S:$S,Indicators!$B9)>0,SUMIFS('Data(perSeason,perCrop)'!$A:$A,'Data(perSeason,perCrop)'!$S:$S,Indicators!$B9,'Data(perSeason,perCrop)'!$O:$O,Indicators!D$7),"") -> 12926.702 | E9: =IF(COUNTIFS('Data(perSeason,perCrop)'!$S:$S,Indicators!$B9)>0,SUMIFS('Data(perSeason,perCrop)'!$A:$A,'Data(perSeason,perCrop)'!$S:$S,Indicators!$B9,'Data(perSeason,perCrop)'!$O:$O,Indicators!E$7),"") -> 8239.616 | F9: =IF(COUNTIFS('Data(perSeason,perCrop)'!$S:$S,Indicators!$B9)>0,SUMIFS('Data(perSeason,perCrop)'!$A:$A,'Data(perSeason,perCrop)'!$S:$S,Indicators!$B9,'Data(perSeason,perCrop)'!$O:$O,Indicators!F$7),"") -> 13604.61 | J9: ha | K9: =SUMIFS('Data(perSeason,perCrop)'!$A:$A,'Data(perSeason,perCrop)'!$S:$S,Indicators!$B9,'Data(perSeason,perCrop)'!$O:$O,Indicators!K$7,'Data(perSeason,perCrop)'!$C:$C,Indicators!K$3) -> 118.67038 | L9: =SUMIFS('Data(perSeason,perCrop)'!$A:$A,'Data(perSeason,perCrop)'!$S:$S,Indicators!$B9,'Data(perSeason,perCrop)'!$O:$O,Indicators!L$7,'Data(perSeason,perCrop)'!$C:$C,Indicators!L$3) -> 49.024806 | M9: =SUMIFS('Data(perSeason,perCrop)'!$A:$A,'Data(perSeason,perCrop)'!$S:$S,Indicators!$B9,'Data(perSeason,perCrop)'!$O:$O,Indicators!M$7,'Data(perSeason,perCrop)'!$C:$C,Indicators!M$3) -> 107.79733 | N9: =SUMIFS('Data(perSeason,perCrop)'!$A:$A,'Data(perSeason,perCrop)'!$S:$S,Indicators!$B9,'Data(perSeason,perCrop)'!$O:$O,Indicators!N$7,'Data(perSeason,perCrop)'!$C:$C,Indicators!N$3) -> 3774.4034 | O9: =SUMIFS('Data(perSeason,perCrop)'!$A:$A,'Data(perSeason,perCrop)'!$S:$S,Indicators!$B9,'Data(perSeason,perCrop)'!$O:$O,Indicators!O$7,'Data(perSeason,perCrop)'!$C:$C,Indicators!O$3) -> 4537.6773 | P9: =SUMIFS('Data(perSeason,perCrop)'!$A:$A,'Data(perSeason,perCrop)'!$S:$S,Indicators!$B9,'Data(perSeason,perCrop)'!$O:$O,Indicators!P$7,'Data(perSeason,perCrop)'!$C:$C,Indicators!P$3) -> 120.27067 | Q9: =SUMIFS('Data(perSeason,perCrop)'!$A:$A,'Data(perSeason,perCrop)'!$S:$S,Indicators!$B9,'Data(perSeason,perCrop)'!$O:$O,Indicators!Q$7,'Data(perSeason,perCrop)'!$C:$C,Indicators!Q$3) -> 4888.8774 | R9: =SUMIFS('Data(perSeason,perCrop)'!$A:$A,'Data(perSeason,perCrop)'!$S:$S,Indicators!$B9,'Data(perSeason,perCrop)'!$O:$O,Indicators!R$7,'Data(perSeason,perCrop)'!$C:$C,Indicators!R$3) -> 7.8892189 | ... DG9: =SUMIFS('Data(perSeason,perCrop)'!$A:$A,'Data(perSeason,perCrop)'!$S:$S,Indicators!$B9,'Data(perSeason,perCrop)'!$O:$O,Indicators!DG$7,'Data(perSeason,perCrop)'!$C:$C,Indicators!DG$3) -> 0
B10: 2020 | C10: =IF(COUNTIFS('Data(perSeason,perCrop)'!$S:$S,Indicators!$B10)>0,SUMIFS('Data(perSeason,perCrop)'!$A:$A,'Data(perSeason,perCrop)'!$S:$S,Indicators!$B10,'Data(perSeason,perCrop)'!$O:$O,Indicators!C$7),"") -> 10489.32 | D10: =IF(COUNTIFS('Data(perSeason,perCrop)'!$S:$S,Indicators!$B10)>0,SUMIFS('Data(perSeason,perCrop)'!$A:$A,'Data(perSeason,perCrop)'!$S:$S,Indicators!$B10,'Data(perSeason,perCrop)'!$O:$O,Indicators!D$7),"") -> 9622.138 | E10: =IF(COUNTIFS('Data(perSeason,perCrop)'!$S:$S,Indicators!$B10)>0,SUMIFS('Data(perSeason,perCrop)'!$A:$A,'Data(perSeason,perCrop)'!$S:$S,Indicators!$B10,'Data(perSeason,perCrop)'!$O:$O,Indicators!E$7),"") -> 2310.9205 | F10: =IF(COUNTIFS('Data(perSeason,perCrop)'!$S:$S,Indicators!$B10)>0,SUMIFS('Data(perSeason,perCrop)'!$A:$A,'Data(perSeason,perCrop)'!$S:$S,Indicators!$B10,'Data(perSeason,perCrop)'!$O:$O,Indicators!F$7),"") -> 10557.426 | J10: ha | K10: =SUMIFS('Data(perSeason,perCrop)'!$A:$A,'Data(perSeason,perCrop)'!$S:$S,Indicators!$B10,'Data(perSeason,perCrop)'!$O:$O,Indicators!K$7,'Data(perSeason,perCrop)'!$C:$C,Indicators!K$3) -> 59.597834 | L10: =SUMIFS('Data(perSeason,perCrop)'!$A:$A,'Data(perSeason,perCrop)'!$S:$S,Indicators!$B10,'Data(perSeason,perCrop)'!$O:$O,Indicators!L$7,'Data(perSeason,perCrop)'!$C:$C,Indicators!L$3) -> 15.666136 | M10: =SUMIFS('Data(perSeason,perCrop)'!$A:$A,'Data(perSeason,perCrop)'!$S:$S,Indicators!$B10,'Data(perSeason,perCrop)'!$O:$O,Indicators!M$7,'Data(perSeason,perCrop)'!$C:$C,Indicators!M$3) -> 6.7832797 | N10: =SUMIFS('Data(perSeason,perCrop)'!$A:$A,'Data(perSeason,perCrop)'!$S:$S,Indicators!$B10,'Data(perSeason,perCrop)'!$O:$O,Indicators!N$7,'Data(perSeason,perCrop)'!$C:$C,Indicators!N$3) -> 306.93799 | O10: =SUMIFS('Data(perSeason,perCrop)'!$A:$A,'Data(perSeason,perCrop)'!$S:$S,Indicators!$B10,'Data(perSeason,perCrop)'!$O:$O,Indicators!O$7,'Data(perSeason,perCrop)'!$C:$C,Indicators!O$3) -> 7898.0791 | P10: =SUMIFS('Data(perSeason,perCrop)'!$A:$A,'Data(perSeason,perCrop)'!$S:$S,Indicators!$B10,'Data(perSeason,perCrop)'!$O:$O,Indicators!P$7,'Data(perSeason,perCrop)'!$C:$C,Indicators!P$3) -> 13.218432 | Q10: =SUMIFS('Data(perSeason,perCrop)'!$A:$A,'Data(perSeason,perCrop)'!$S:$S,Indicators!$B10,'Data(perSeason,perCrop)'!$O:$O,Indicators!Q$7,'Data(perSeason,perCrop)'!$C:$C,Indicators!Q$3) -> 2257.1429 | R10: =SUMIFS('Data(perSeason,perCrop)'!$A:$A,'Data(perSeason,perCrop)'!$S:$S,Indicators!$B10,'Data(perSeason,perCrop)'!$O:$O,Indicators!R$7,'Data(perSeason,perCrop)'!$C:$C,Indicators!R$3) -> 0 | ... DG10: =SUMIFS('Data(perSeason,perCrop)'!$A:$A,'Data(perSeason,perCrop)'!$S:$S,Indicators!$B10,'Data(perSeason,perCrop)'!$O:$O,Indicators!DG$7,'Data(perSeason,perCrop)'!$C:$C,Indicators!DG$3) -> 0
B11: 2021 | C11: =IF(COUNTIFS('Data(perSeason,perCrop)'!$S:$S,Indicators!$B11)>0,SUMIFS('Data(perSeason,perCrop)'!$A:$A,'Data(perSeason,perCrop)'!$S:$S,Indicators!$B11,'Data(perSeason,perCrop)'!$O:$O,Indicators!C$7),"") -> 8866.3267 | D11: =IF(COUNTIFS('Data(perSeason,perCrop)'!$S:$S,Indicators!$B11)>0,SUMIFS('Data(perSeason,perCrop)'!$A:$A,'Data(perSeason,perCrop)'!$S:$S,Indicators!$B11,'Data(perSeason,perCrop)'!$O:$O,Indicators!D$7),"") -> 8586.6883 | E11: =IF(COUNTIFS('Data(perSeason,perCrop)'!$S:$S,Indicators!$B11)>0,SUMIFS('Data(perSeason,perCrop)'!$A:$A,'Data(perSeason,perCrop)'!$S:$S,Indicators!$B11,'Data(perSeason,perCrop)'!$O:$O,Indicators!E$7),"") -> 2524.5384 | F11: =IF(COUNTIFS('Data(perSeason,perCrop)'!$S:$S,Indicators!$B11)>0,SUMIFS('Data(perSeason,perCrop)'!$A:$A,'Data(perSeason,perCrop)'!$S:$S,Indicators!$B11,'Data(perSeason,perCrop)'!$O:$O,Indicators!F$7),"") -> 9023.1314 | J11: ha | K11: =SUMIFS('Data(perSeason,perCrop)'!$A:$A,'Data(perSeason,perCrop)'!$S:$S,Indicators!$B11,'Data(perSeason,perCrop)'!$O:$O,Indicators!K$7,'Data(perSeason,perCrop)'!$C:$C,Indicators!K$3) -> 114.53169 | L11: =SUMIFS('Data(perSeason,perCrop)'!$A:$A,'Data(perSeason,perCrop)'!$S:$S,Indicators!$B11,'Data(perSeason,perCrop)'!$O:$O,Indicators!L$7,'Data(perSeason,perCrop)'!$C:$C,Indicators!L$3) -> 14.3836 | M11: =SUMIFS('Data(perSeason,perCrop)'!$A:$A,'Data(perSeason,perCrop)'!$S:$S,Indicators!$B11,'Data(perSeason,perCrop)'!$O:$O,Indicators!M$7,'Data(perSeason,perCrop)'!$C:$C,Indicators!M$3) -> 11.209214 | N11: =SUMIFS('Data(perSeason,perCrop)'!$A:$A,'Data(perSeason,perCrop)'!$S:$S,Indicators!$B11,'Data(perSeason,perCrop)'!$O:$O,Indicators!N$7,'Data(perSeason,perCrop)'!$C:$C,Indicators!N$3) -> 648.99691 | O11: =SUMIFS('Data(perSeason,perCrop)'!$A:$A,'Data(perSeason,perCrop)'!$S:$S,Indicators!$B11,'Data(perSeason,perCrop)'!$O:$O,Indicators!O$7,'Data(perSeason,perCrop)'!$C:$C,Indicators!O$3) -> 6029.0039 | P11: =SUMIFS('Data(perSeason,perCrop)'!$A:$A,'Data(perSeason,perCrop)'!$S:$S,Indicators!$B11,'Data(perSeason,perCrop)'!$O:$O,Indicators!P$7,'Data(perSeason,perCrop)'!$C:$C,Indicators!P$3) -> 82.084902 | Q11: =SUMIFS('Data(perSeason,perCrop)'!$A:$A,'Data(perSeason,perCrop)'!$S:$S,Indicators!$B11,'Data(perSeason,perCrop)'!$O:$O,Indicators!Q$7,'Data(perSeason,perCrop)'!$C:$C,Indicators!Q$3) -> 2122.9211 | R11: =SUMIFS('Data(perSeason,perCrop)'!$A:$A,'Data(perSeason,perCrop)'!$S:$S,Indicators!$B11,'Data(perSeason,perCrop)'!$O:$O,Indicators!R$7,'Data(perSeason,perCrop)'!$C:$C,Indicators!R$3) -> 0 | ... DG11: =SUMIFS('Data(perSeason,perCrop)'!$A:$A,'Data(perSeason,perCrop)'!$S:$S,Indicators!$B11,'Data(perSeason,perCrop)'!$O:$O,Indicators!DG$7,'Data(perSeason,perCrop)'!$C:$C,Indicators!DG$3) -> 0
B12: 2022 | C12: =IF(COUNTIFS('Data(perSeason,perCrop)'!$S:$S,Indicators!$B12)>0,SUMIFS('Data(perSeason,perCrop)'!$A:$A,'Data(perSeason,perCrop)'!$S:$S,Indicators!$B12,'Data(perSeason,perCrop)'!$O:$O,Indicators!C$7),"") -> 13269.491 | D12: =IF(COUNTIFS('Data(perSeason,perCrop)'!$S:$S,Indicators!$B12)>0,SUMIFS('Data(perSeason,perCrop)'!$A:$A,'Data(perSeason,perCrop)'!$S:$S,Indicators!$B12,'Data(perSeason,perCrop)'!$O:$O,Indicators!D$7),"") -> 12447.907 | E12: =IF(COUNTIFS('Data(perSeason,perCrop)'!$S:$S,Indicators!$B12)>0,SUMIFS('Data(perSeason,perCrop)'!$A:$A,'Data(perSeason,perCrop)'!$S:$S,Indicators!$B12,'Data(perSeason,perCrop)'!$O:$O,Indicators!E$7),"") -> 4583.7569 | F12: =IF(COUNTIFS('Data(perSeason,perCrop)'!$S:$S,Indicators!$B12)>0,SUMIFS('Data(perSeason,perCrop)'!$A:$A,'Data(perSeason,perCrop)'!$S:$S,Indicators!$B12,'Data(perSeason,perCrop)'!$O:$O,Indicators!F$7),"") -> 13322.803 | J12: ha | K12: =SUMIFS('Data(perSeason,perCrop)'!$A:$A,'Data(perSeason,perCrop)'!$S:$S,Indicators!$B12,'Data(perSeason,perCrop)'!$O:$O,Indicators!K$7,'Data(perSeason,perCrop)'!$C:$C,Indicators!K$3) -> 11.589767 | L12: =SUMIFS('Data(perSeason,perCrop)'!$A:$A,'Data(perSeason,perCrop)'!$S:$S,Indicators!$B12,'Data(perSeason,perCrop)'!$O:$O,Indicators!L$7,'Data(perSeason,perCrop)'!$C:$C,Indicators!L$3) -> 0 | M12: =SUMIFS('Data(perSeason,perCrop)'!$A:$A,'Data(perSeason,perCrop)'!$S:$S,Indicators!$B12,'Data(perSeason,perCrop)'!$O:$O,Indicators!M$7,'Data(perSeason,perCrop)'!$C:$C,Indicators!M$3) -> 0 | N12: =SUMIFS('Data(perSeason,perCrop)'!$A:$A,'Data(perSeason,perCrop)'!$S:$S,Indicators!$B12,'Data(perSeason,perCrop)'!$O:$O,Indicators!N$7,'Data(perSeason,perCrop)'!$C:$C,Indicators!N$3) -> 708.97698 | O12: =SUMIFS('Data(perSeason,perCrop)'!$A:$A,'Data(perSeason,perCrop)'!$S:$S,Indicators!$B12,'Data(perSeason,perCrop)'!$O:$O,Indicators!O$7,'Data(perSeason,perCrop)'!$C:$C,Indicators!O$3) -> 8199.9696 | P12: =SUMIFS('Data(perSeason,perCrop)'!$A:$A,'Data(perSeason,perCrop)'!$S:$S,Indicators!$B12,'Data(perSeason,perCrop)'!$O:$O,Indicators!P$7,'Data(perSeason,perCrop)'!$C:$C,Indicators!P$3) -> 0 | Q12: =SUMIFS('Data(perSeason,perCrop)'!$A:$A,'Data(perSeason,perCrop)'!$S:$S,Indicators!$B12,'Data(perSeason,perCrop)'!$O:$O,Indicators!Q$7,'Data(perSeason,perCrop)'!$C:$C,Indicators!Q$3) -> 4402.2663 | R12: =SUMIFS('Data(perSeason,perCrop)'!$A:$A,'Data(perSeason,perCrop)'!$S:$S,Indicators!$B12,'Data(perSeason,perCrop)'!$O:$O,Indicators!R$7,'Data(perSeason,perCrop)'!$C:$C,Indicators!R$3) -> 0 | ... DG12: =SUMIFS('Data(perSeason,perCrop)'!$A:$A,'Data(perSeason,perCrop)'!$S:$S,Indicators!$B12,'Data(perSeason,perCrop)'!$O:$O,Indicators!DG$7,'Data(perSeason,perCrop)'!$C:$C,Indicators!DG$3) -> 0
B13: AVERAGE | C13: =AVERAGE(C8:C12) -> 11544.413 | D13: =AVERAGE(D8:D12) -> 10802.366 | E13: =AVERAGE(E8:E12) -> 4058.2459 | F13: =AVERAGE(F8:F12) -> 11660.411 | J13: ha | K13: =AVERAGE(K8:K12) -> 75.013509 | L13: =AVERAGE(L8:L12) -> 15.814908 | M13: =AVERAGE(M8:M12) -> 25.157964 | N13: =AVERAGE(N8:N12) -> 1247.2369 | O13: =AVERAGE(O8:O12) -> 7068.4645 | P13: =AVERAGE(P8:P12) -> 43.114801 | Q13: =AVERAGE(Q8:Q12) -> 3184.031 | R13: =AVERAGE(R8:R12) -> 1.5778438 | ... DG13: =AVERAGE(DG8:DG12) -> 0
K14: =K13/SUM($K13:$R13) -> 0.0064331785 | L14: =L13/SUM($K13:$R13) -> 0.0013562907 | M14: =M13/SUM($K13:$R13) -> 0.0021575537 | N14: =N13/SUM($K13:$R13) -> 0.10696337 | O14: =O13/SUM($K13:$R13) -> 0.6061934 | P14: =P13/SUM($K13:$R13) -> 0.0036975368 | Q14: =Q13/SUM($K13:$R13) -> 0.27306335 | R14: =R13/SUM($K13:$R13) -> 0.0001353163 | S14: =S13/SUM($S13:$AH13) -> 0 | T14: =T13/SUM($S13:$AH13) -> 0.92281459 | U14: =U13/SUM($S13:$AH13) -> 0 | V14: =V13/SUM($S13:$AH13) -> 0 | W14: =W13/SUM($S13:$AH13) -> 0 | X14: =X13/SUM($S13:$AH13) -> 0 | Y14: =Y13/SUM($S13:$AH13) -> 0 | Z14: =Z13/SUM($S13:$AH13) -> 0 | ... AW14: =AW13/SUM($S13:$AH13) -> 0 | AX14: =AX13/SUM($AY13:$BM13) -> 0 | AY14: =AY13/SUM($AY13:$BM13) -> 0.98020071 | AZ14: =AZ13/SUM($AY13:$BM13) -> 0 | BA14: =BA13/SUM($AY13:$BM13) -> 0 | BB14: =BB13/SUM($AY13:$BM13) -> 0 | BC14: =BC13/SUM($AY13:$BM13) -> 0 | BD14: =BD13/SUM($AY13:$BM13) -> 0 | BE14: =BE13/SUM($AY13:$BM13) -> 0 | ... CB14: =CB13/SUM($AY13:$BM13) -> 0 | CC14: =CC13/SUM($CD13:$CR13) -> 0 | CD14: =CD13/SUM($CD13:$CR13) -> 0 | CE14: =CE13/SUM($CD13:$CR13) -> 0 | CF14: =CF13/SUM($CD13:$CR13) -> 0 | CG14: =CG13/SUM($CD13:$CR13) -> 0 | CH14: =CH13/SUM($CD13:$CR13) -> 0 | CI14: =CI13/SUM($CD13:$CR13) -> 0 | CJ14: =CJ13/SUM($CD13:$CR13) -> 0 | ... DG14: =DG13/SUM($CD13:$CR13) -> 0
A15: Irrigated Area | B15: 2018 | C15: =IF(COUNTIFS('Data(perSeason,perCrop)'!$S:$S,Indicators!$B15)>0,SUMIFS('Data(perSeason,perCrop)'!$A:$A,'Data(perSeason,perCrop)'!$S:$S,Indicators!$B15,'Data(perSeason,perCrop)'!$O:$O,Indicators!C$7,'Data(perSeason,perCrop)'!$R:$R,"IRRIGATED"),"") -> 7689.8545 | D15: =IF(COUNTIFS('Data(perSeason,perCrop)'!$S:$S,Indicators!$B15)>0,SUMIFS('Data(perSeason,perCrop)'!$A:$A,'Data(perSeason,perCrop)'!$S:$S,Indicators!$B15,'Data(perSeason,perCrop)'!$O:$O,Indicators!D$7,'Data(perSeason,perCrop)'!$R:$R,"IRRIGATED"),"") -> 7568.4326 | E15: =IF(COUNTIFS('Data(perSeason,perCrop)'!$S:$S,Indicators!$B15)>0,SUMIFS('Data(perSeason,perCrop)'!$A:$A,'Data(perSeason,perCrop)'!$S:$S,Indicators!$B15,'Data(perSeason,perCrop)'!$O:$O,Indicators!E$7,'Data(perSeason,perCrop)'!$R:$R,"IRRIGATED"),"") -> 2487.8555 | F15: =IF(COUNTIFS('Data(perSeason,perCrop)'!$S:$S,Indicators!$B15)>0,SUM(K15:R15),"") -> 9367.697 | J15: ha | K15: =SUMIFS('Data(perSeason,perCrop)'!$A:$A,'Data(perSeason,perCrop)'!$S:$S,Indicators!$B15,'Data(perSeason,perCrop)'!$O:$O,Indicators!K$7,'Data(perSeason,perCrop)'!$C:$C,Indicators!K$3,'Data(perSeason,perCrop)'!$R:$R,"IRRIGATED") -> 59.843344 | L15: =SUMIFS('Data(perSeason,perCrop)'!$A:$A,'Data(perSeason,perCrop)'!$S:$S,Indicators!$B15,'Data(perSeason,perCrop)'!$O:$O,Indicators!L$7,'Data(perSeason,perCrop)'!$C:$C,Indicators!L$3,'Data(perSeason,perCrop)'!$R:$R,"IRRIGATED") -> 0 | M15: =SUMIFS('Data(perSeason,perCrop)'!$A:$A,'Data(perSeason,perCrop)'!$S:$S,Indicators!$B15,'Data(perSeason,perCrop)'!$O:$O,Indicators!M$7,'Data(perSeason,perCrop)'!$C:$C,Indicators!M$3,'Data(perSeason,perCrop)'!$R:$R,"IRRIGATED") -> 0 | N15: =SUMIFS('Data(perSeason,perCrop)'!$A:$A,'Data(perSeason,perCrop)'!$S:$S,Indicators!$B15,'Data(perSeason,perCrop)'!$O:$O,Indicators!N$7,'Data(perSeason,perCrop)'!$C:$C,Indicators!N$3,'Data(perSeason,perCrop)'!$R:$R,"IRRIGATED") -> 674.8299 | O15: =SUMIFS('Data(perSeason,perCrop)'!$A:$A,'Data(perSeason,perCrop)'!$S:$S,Indicators!$B15,'Data(perSeason,perCrop)'!$O:$O,Indicators!O$7,'Data(perSeason,perCrop)'!$C:$C,Indicators!O$3,'Data(perSeason,perCrop)'!$R:$R,"IRRIGATED") -> 6429.0186 | P15: =SUMIFS('Data(perSeason,perCrop)'!$A:$A,'Data(perSeason,perCrop)'!$S:$S,Indicators!$B15,'Data(perSeason,perCrop)'!$O:$O,Indicators!P$7,'Data(perSeason,perCrop)'!$C:$C,Indicators!P$3,'Data(perSeason,perCrop)'!$R:$R,"IRRIGATED") -> 0 | Q15: =SUMIFS('Data(perSeason,perCrop)'!$A:$A,'Data(perSeason,perCrop)'!$S:$S,Indicators!$B15,'Data(perSeason,perCrop)'!$O:$O,Indicators!Q$7,'Data(perSeason,perCrop)'!$C:$C,Indicators!Q$3,'Data(perSeason,perCrop)'!$R:$R,"IRRIGATED") -> 2204.0052 | R15: =SUMIFS('Data(perSeason,perCrop)'!$A:$A,'Data(perSeason,perCrop)'!$S:$S,Indicators!$B15,'Data(perSeason,perCrop)'!$O:$O,Indicators!R$7,'Data(perSeason,perCrop)'!$C:$C,Indicators!R$3,'Data(perSeason,perCrop)'!$R:$R,"IRRIGATED") -> 0 | ... DG15: =SUMIFS('Data(perSeason,perCrop)'!$A:$A,'Data(perSeason,perCrop)'!$S:$S,Indicators!$B15,'Data(perSeason,perCrop)'!$O:$O,Indicators!DG$7,'Data(perSeason,perCrop)'!$C:$C,Indicators!DG$3,'Data(perSeason,perCrop)'!$R:$R,"IRRIGATED") -> 0
A16: hectares | B16: 2019 | C16: =IF(COUNTIFS('Data(perSeason,perCrop)'!$S:$S,Indicators!$B16)>0,SUMIFS('Data(perSeason,perCrop)'!$A:$A,'Data(perSeason,perCrop)'!$S:$S,Indicators!$B16,'Data(perSeason,perCrop)'!$O:$O,Indicators!C$7,'Data(perSeason,perCrop)'!$R:$R,"IRRIGATED"),"") -> 6859.2281 | D16: =IF(COUNTIFS('Data(perSeason,perCrop)'!$S:$S,Indicators!$B16)>0,SUMIFS('Data(perSeason,perCrop)'!$A:$A,'Data(perSeason,perCrop)'!$S:$S,Indicators!$B16,'Data(perSeason,perCrop)'!$O:$O,Indicators!D$7,'Data(perSeason,perCrop)'!$R:$R,"IRRIGATED"),"") -> 7941.8235 | E16: =IF(COUNTIFS('Data(perSeason,perCrop)'!$S:$S,Indicators!$B16)>0,SUMIFS('Data(perSeason,perCrop)'!$A:$A,'Data(perSeason,perCrop)'!$S:$S,Indicators!$B16,'Data(perSeason,perCrop)'!$O:$O,Indicators!E$7,'Data(perSeason,perCrop)'!$R:$R,"IRRIGATED"),"") -> 7379.0889 | F16: =IF(COUNTIFS('Data(perSeason,perCrop)'!$S:$S,Indicators!$B16)>0,SUM(K16:R16),"") -> 10483.216 | J16: ha | K16: =SUMIFS('Data(perSeason,perCrop)'!$A:$A,'Data(perSeason,perCrop)'!$S:$S,Indicators!$B16,'Data(perSeason,perCrop)'!$O:$O,Indicators!K$7,'Data(perSeason,perCrop)'!$C:$C,Indicators!K$3,'Data(perSeason,perCrop)'!$R:$R,"IRRIGATED") -> 75.894637 | L16: =SUMIFS('Data(perSeason,perCrop)'!$A:$A,'Data(perSeason,perCrop)'!$S:$S,Indicators!$B16,'Data(perSeason,perCrop)'!$O:$O,Indicators!L$7,'Data(perSeason,perCrop)'!$C:$C,Indicators!L$3,'Data(perSeason,perCrop)'!$R:$R,"IRRIGATED") -> 49.024806 | M16: =SUMIFS('Data(perSeason,perCrop)'!$A:$A,'Data(perSeason,perCrop)'!$S:$S,Indicators!$B16,'Data(perSeason,perCrop)'!$O:$O,Indicators!M$7,'Data(perSeason,perCrop)'!$C:$C,Indicators!M$3,'Data(perSeason,perCrop)'!$R:$R,"IRRIGATED") -> 107.79733 | N16: =SUMIFS('Data(perSeason,perCrop)'!$A:$A,'Data(perSeason,perCrop)'!$S:$S,Indicators!$B16,'Data(perSeason,perCrop)'!$O:$O,Indicators!N$7,'Data(perSeason,perCrop)'!$C:$C,Indicators!N$3,'Data(perSeason,perCrop)'!$R:$R,"IRRIGATED") -> 3035.494 | O16: =SUMIFS('Data(perSeason,perCrop)'!$A:$A,'Data(perSeason,perCrop)'!$S:$S,Indicators!$B16,'Data(perSeason,perCrop)'!$O:$O,Indicators!O$7,'Data(perSeason,perCrop)'!$C:$C,Indicators!O$3,'Data(perSeason,perCrop)'!$R:$R,"IRRIGATED") -> 2517.5209 | P16: =SUMIFS('Data(perSeason,perCrop)'!$A:$A,'Data(perSeason,perCrop)'!$S:$S,Indicators!$B16,'Data(perSeason,perCrop)'!$O:$O,Indicators!P$7,'Data(perSeason,perCrop)'!$C:$C,Indicators!P$3,'Data(perSeason,perCrop)'!$R:$R,"IRRIGATED") -> 80.534693 | Q16: =SUMIFS('Data(perSeason,perCrop)'!$A:$A,'Data(perSeason,perCrop)'!$S:$S,Indicators!$B16,'Data(perSeason,perCrop)'!$O:$O,Indicators!Q$7,'Data(perSeason,perCrop)'!$C:$C,Indicators!Q$3,'Data(perSeason,perCrop)'!$R:$R,"IRRIGATED") -> 4609.0601 | R16: =SUMIFS('Data(perSeason,perCrop)'!$A:$A,'Data(perSeason,perCrop)'!$S:$S,Indicators!$B16,'Data(perSeason,perCrop)'!$O:$O,Indicators!R$7,'Data(perSeason,perCrop)'!$C:$C,Indicators!R$3,'Data(perSeason,perCrop)'!$R:$R,"IRRIGATED") -> 7.8892189 | ... DG16: =SUMIFS('Data(perSeason,perCrop)'!$A:$A,'Data(perSeason,perCrop)'!$S:$S,Indicators!$B16,'Data(perSeason,perCrop)'!$O:$O,Indicators!DG$7,'Data(perSeason,perCrop)'!$C:$C,Indicators!DG$3,'Data(perSeason,perCrop)'!$R:$R,"IRRIGATED") -> 0
B17: 2020 | C17: =IF(COUNTIFS('Data(perSeason,perCrop)'!$S:$S,Indicators!$B17)>0,SUMIFS('Data(perSeason,perCrop)'!$A:$A,'Data(perSeason,perCrop)'!$S:$S,Indicators!$B17,'Data(perSeason,perCrop)'!$O:$O,Indicators!C$7,'Data(perSeason,perCrop)'!$R:$R,"IRRIGATED"),"") -> 3887.5939 | D17: =IF(COUNTIFS('Data(perSeason,perCrop)'!$S:$S,Indicators!$B17)>0,SUMIFS('Data(perSeason,perCrop)'!$A:$A,'Data(perSeason,perCrop)'!$S:$S,Indicators!$B17,'Data(perSeason,perCrop)'!$O:$O,Indicators!D$7,'Data(perSeason,perCrop)'!$R:$R,"IRRIGATED"),"") -> 4594.9125 | E17: =IF(COUNTIFS('Data(perSeason,perCrop)'!$S:$S,Indicators!$B17)>0,SUMIFS('Data(perSeason,perCrop)'!$A:$A,'Data(perSeason,perCrop)'!$S:$S,Indicators!$B17,'Data(perSeason,perCrop)'!$O:$O,Indicators!E$7,'Data(perSeason,perCrop)'!$R:$R,"IRRIGATED"),"") -> 2222.2352 | F17: =IF(COUNTIFS('Data(perSeason,perCrop)'!$S:$S,Indicators!$B17)>0,SUM(K17:R17),"") -> 6289.0048 | J17: ha | K17: =SUMIFS('Data(perSeason,perCrop)'!$A:$A,'Data(perSeason,perCrop)'!$S:$S,Indicators!$B17,'Data(perSeason,perCrop)'!$O:$O,Indicators!K$7,'Data(perSeason,perCrop)'!$C:$C,Indicators!K$3,'Data(perSeason,perCrop)'!$R:$R,"IRRIGATED") -> 25.360404 | L17: =SUMIFS('Data(perSeason,perCrop)'!$A:$A,'Data(perSeason,perCrop)'!$S:$S,Indicators!$B17,'Data(perSeason,perCrop)'!$O:$O,Indicators!L$7,'Data(perSeason,perCrop)'!$C:$C,Indicators!L$3,'Data(perSeason,perCrop)'!$R:$R,"IRRIGATED") -> 15.666136 | M17: =SUMIFS('Data(perSeason,perCrop)'!$A:$A,'Data(perSeason,perCrop)'!$S:$S,Indicators!$B17,'Data(perSeason,perCrop)'!$O:$O,Indicators!M$7,'Data(perSeason,perCrop)'!$C:$C,Indicators!M$3,'Data(perSeason,perCrop)'!$R:$R,"IRRIGATED") -> 6.7832797 | N17: =SUMIFS('Data(perSeason,perCrop)'!$A:$A,'Data(perSeason,perCrop)'!$S:$S,Indicators!$B17,'Data(perSeason,perCrop)'!$O:$O,Indicators!N$7,'Data(perSeason,perCrop)'!$C:$C,Indicators!N$3,'Data(perSeason,perCrop)'!$R:$R,"IRRIGATED") -> 251.17421 | O17: =SUMIFS('Data(perSeason,perCrop)'!$A:$A,'Data(perSeason,perCrop)'!$S:$S,Indicators!$B17,'Data(perSeason,perCrop)'!$O:$O,Indicators!O$7,'Data(perSeason,perCrop)'!$C:$C,Indicators!O$3,'Data(perSeason,perCrop)'!$R:$R,"IRRIGATED") -> 3835.7191 | P17: =SUMIFS('Data(perSeason,perCrop)'!$A:$A,'Data(perSeason,perCrop)'!$S:$S,Indicators!$B17,'Data(perSeason,perCrop)'!$O:$O,Indicators!P$7,'Data(perSeason,perCrop)'!$C:$C,Indicators!P$3,'Data(perSeason,perCrop)'!$R:$R,"IRRIGATED") -> 0 | Q17: =SUMIFS('Data(perSeason,perCrop)'!$A:$A,'Data(perSeason,perCrop)'!$S:$S,Indicators!$B17,'Data(perSeason,perCrop)'!$O:$O,Indicators!Q$7,'Data(perSeason,perCrop)'!$C:$C,Indicators!Q$3,'Data(perSeason,perCrop)'!$R:$R,"IRRIGATED") -> 2154.3017 | R17: =SUMIFS('Data(perSeason,perCrop)'!$A:$A,'Data(perSeason,perCrop)'!$S:$S,Indicators!$B17,'Data(perSeason,perCrop)'!$O:$O,Indicators!R$7,'Data(perSeason,perCrop)'!$C:$C,Indicators!R$3,'Data(perSeason,perCrop)'!$R:$R,"IRRIGATED") -> 0 | ... DG17: =SUMIFS('Data(perSeason,perCrop)'!$A:$A,'Data(perSeason,perCrop)'!$S:$S,Indicators!$B17,'Data(perSeason,perCrop)'!$O:$O,Indicators!DG$7,'Data(perSeason,perCrop)'!$C:$C,Indicators!DG$3,'Data(perSeason,perCrop)'!$R:$R,"IRRIGATED") -> 0
B18: 2021 | C18: =IF(COUNTIFS('Data(perSeason,perCrop)'!$S:$S,Indicators!$B18)>0,SUMIFS('Data(perSeason,perCrop)'!$A:$A,'Data(perSeason,perCrop)'!$S:$S,Indicators!$B18,'Data(perSeason,perCrop)'!$O:$O,Indicators!C$7,'Data(perSeason,perCrop)'!$R:$R,"IRRIGATED"),"") -> 4180.9654 | D18: =IF(COUNTIFS('Data(perSeason,perCrop)'!$S:$S,Indicators!$B18)>0,SUMIFS('Data(perSeason,perCrop)'!$A:$A,'Data(perSeason,perCrop)'!$S:$S,Indicators!$B18,'Data(perSeason,perCrop)'!$O:$O,Indicators!D$7,'Data(perSeason,perCrop)'!$R:$R,"IRRIGATED"),"") -> 5951.5333 | E18: =IF(COUNTIFS('Data(perSeason,perCrop)'!$S:$S,Indicators!$B18)>0,SUMIFS('Data(perSeason,perCrop)'!$A:$A,'Data(perSeason,perCrop)'!$S:$S,Indicators!$B18,'Data(perSeason,perCrop)'!$O:$O,Indicators!E$7,'Data(perSeason,perCrop)'!$R:$R,"IRRIGATED"),"") -> 2355.2261 | F18: =IF(COUNTIFS('Data(perSeason,perCrop)'!$S:$S,Indicators!$B18)>0,SUM(K18:R18),"") -> 6836.0164 | J18: ha | K18: =SUMIFS('Data(perSeason,perCrop)'!$A:$A,'Data(perSeason,perCrop)'!$S:$S,Indicators!$B18,'Data(perSeason,perCrop)'!$O:$O,Indicators!K$7,'Data(perSeason,perCrop)'!$C:$C,Indicators!K$3,'Data(perSeason,perCrop)'!$R:$R,"IRRIGATED") -> 67.455545 | L18: =SUMIFS('Data(perSeason,perCrop)'!$A:$A,'Data(perSeason,perCrop)'!$S:$S,Indicators!$B18,'Data(perSeason,perCrop)'!$O:$O,Indicators!L$7,'Data(perSeason,perCrop)'!$C:$C,Indicators!L$3,'Data(perSeason,perCrop)'!$R:$R,"IRRIGATED") -> 14.3836 | M18: =SUMIFS('Data(perSeason,perCrop)'!$A:$A,'Data(perSeason,perCrop)'!$S:$S,Indicators!$B18,'Data(perSeason,perCrop)'!$O:$O,Indicators!M$7,'Data(perSeason,perCrop)'!$C:$C,Indicators!M$3,'Data(perSeason,perCrop)'!$R:$R,"IRRIGATED") -> 11.209214 | N18: =SUMIFS('Data(perSeason,perCrop)'!$A:$A,'Data(perSeason,perCrop)'!$S:$S,Indicators!$B18,'Data(perSeason,perCrop)'!$O:$O,Indicators!N$7,'Data(perSeason,perCrop)'!$C:$C,Indicators!N$3,'Data(perSeason,perCrop)'!$R:$R,"IRRIGATED") -> 561.88327 | O18: =SUMIFS('Data(perSeason,perCrop)'!$A:$A,'Data(perSeason,perCrop)'!$S:$S,Indicators!$B18,'Data(perSeason,perCrop)'!$O:$O,Indicators!O$7,'Data(perSeason,perCrop)'!$C:$C,Indicators!O$3,'Data(perSeason,perCrop)'!$R:$R,"IRRIGATED") -> 4053.7929 | P18: =SUMIFS('Data(perSeason,perCrop)'!$A:$A,'Data(perSeason,perCrop)'!$S:$S,Indicators!$B18,'Data(perSeason,perCrop)'!$O:$O,Indicators!P$7,'Data(perSeason,perCrop)'!$C:$C,Indicators!P$3,'Data(perSeason,perCrop)'!$R:$R,"IRRIGATED") -> 33.569078 | Q18: =SUMIFS('Data(perSeason,perCrop)'!$A:$A,'Data(perSeason,perCrop)'!$S:$S,Indicators!$B18,'Data(perSeason,perCrop)'!$O:$O,Indicators!Q$7,'Data(perSeason,perCrop)'!$C:$C,Indicators!Q$3,'Data(perSeason,perCrop)'!$R:$R,"IRRIGATED") -> 2093.7228 | R18: =SUMIFS('Data(perSeason,perCrop)'!$A:$A,'Data(perSeason,perCrop)'!$S:$S,Indicators!$B18,'Data(perSeason,perCrop)'!$O:$O,Indicators!R$7,'Data(perSeason,perCrop)'!$C:$C,Indicators!R$3,'Data(perSeason,perCrop)'!$R:$R,"IRRIGATED") -> 0 | ... DG18: =SUMIFS('Data(perSeason,perCrop)'!$A:$A,'Data(perSeason,perCrop)'!$S:$S,Indicators!$B18,'Data(perSeason,perCrop)'!$O:$O,Indicators!DG$7,'Data(perSeason,perCrop)'!$C:$C,Indicators!DG$3,'Data(perSeason,perCrop)'!$R:$R,"IRRIGATED") -> 0
B19: 2022 | C19: =IF(COUNTIFS('Data(perSeason,perCrop)'!$S:$S,Indicators!$B19)>0,SUMIFS('Data(perSeason,perCrop)'!$A:$A,'Data(perSeason,perCrop)'!$S:$S,Indicators!$B19,'Data(perSeason,perCrop)'!$O:$O,Indicators!C$7,'Data(perSeason,perCrop)'!$R:$R,"IRRIGATED"),"") -> 5941.4719 | D19: =IF(COUNTIFS('Data(perSeason,perCrop)'!$S:$S,Indicators!$B19)>0,SUMIFS('Data(perSeason,perCrop)'!$A:$A,'Data(perSeason,perCrop)'!$S:$S,Indicators!$B19,'Data(perSeason,perCrop)'!$O:$O,Indicators!D$7,'Data(perSeason,perCrop)'!$R:$R,"IRRIGATED"),"") -> 7224.7289 | E19: =IF(COUNTIFS('Data(perSeason,perCrop)'!$S:$S,Indicators!$B19)>0,SUMIFS('Data(perSeason,perCrop)'!$A:$A,'Data(perSeason,perCrop)'!$S:$S,Indicators!$B19,'Data(perSeason,perCrop)'!$O:$O,Indicators!E$7,'Data(perSeason,perCrop)'!$R:$R,"IRRIGATED"),"") -> 4255.8917 | F19: =IF(COUNTIFS('Data(perSeason,perCrop)'!$S:$S,Indicators!$B19)>0,SUM(K19:R19),"") -> 9452.2954 | J19: ha | K19: =SUMIFS('Data(perSeason,perCrop)'!$A:$A,'Data(perSeason,perCrop)'!$S:$S,Indicators!$B19,'Data(perSeason,perCrop)'!$O:$O,Indicators!K$7,'Data(perSeason,perCrop)'!$C:$C,Indicators!K$3,'Data(perSeason,perCrop)'!$R:$R,"IRRIGATED") -> 0 | L19: =SUMIFS('Data(perSeason,perCrop)'!$A:$A,'Data(perSeason,perCrop)'!$S:$S,Indicators!$B19,'Data(perSeason,perCrop)'!$O:$O,Indicators!L$7,'Data(perSeason,perCrop)'!$C:$C,Indicators!L$3,'Data(perSeason,perCrop)'!$R:$R,"IRRIGATED") -> 0 | M19: =SUMIFS('Data(perSeason,perCrop)'!$A:$A,'Data(perSeason,perCrop)'!$S:$S,Indicators!$B19,'Data(perSeason,perCrop)'!$O:$O,Indicators!M$7,'Data(perSeason,perCrop)'!$C:$C,Indicators!M$3,'Data(perSeason,perCrop)'!$R:$R,"IRRIGATED") -> 0 | N19: =SUMIFS('Data(perSeason,perCrop)'!$A:$A,'Data(perSeason,perCrop)'!$S:$S,Indicators!$B19,'Data(perSeason,perCrop)'!$O:$O,Indicators!N$7,'Data(perSeason,perCrop)'!$C:$C,Indicators!N$3,'Data(perSeason,perCrop)'!$R:$R,"IRRIGATED") -> 597.41535 | O19: =SUMIFS('Data(perSeason,perCrop)'!$A:$A,'Data(perSeason,perCrop)'!$S:$S,Indicators!$B19,'Data(perSeason,perCrop)'!$O:$O,Indicators!O$7,'Data(perSeason,perCrop)'!$C:$C,Indicators!O$3,'Data(perSeason,perCrop)'!$R:$R,"IRRIGATED") -> 4785.7117 | P19: =SUMIFS('Data(perSeason,perCrop)'!$A:$A,'Data(perSeason,perCrop)'!$S:$S,Indicators!$B19,'Data(perSeason,perCrop)'!$O:$O,Indicators!P$7,'Data(perSeason,perCrop)'!$C:$C,Indicators!P$3,'Data(perSeason,perCrop)'!$R:$R,"IRRIGATED") -> 0 | Q19: =SUMIFS('Data(perSeason,perCrop)'!$A:$A,'Data(perSeason,perCrop)'!$S:$S,Indicators!$B19,'Data(perSeason,perCrop)'!$O:$O,Indicators!Q$7,'Data(perSeason,perCrop)'!$C:$C,Indicators!Q$3,'Data(perSeason,perCrop)'!$R:$R,"IRRIGATED") -> 4069.1684 | R19: =SUMIFS('Data(perSeason,perCrop)'!$A:$A,'Data(perSeason,perCrop)'!$S:$S,Indicators!$B19,'Data(perSeason,perCrop)'!$O:$O,Indicators!R$7,'Data(perSeason,perCrop)'!$C:$C,Indicators!R$3,'Data(perSeason,perCrop)'!$R:$R,"IRRIGATED") -> 0 | ... DG19: =SUMIFS('Data(perSeason,perCrop)'!$A:$A,'Data(perSeason,perCrop)'!$S:$S,Indicators!$B19,'Data(perSeason,perCrop)'!$O:$O,Indicators!DG$7,'Data(perSeason,perCrop)'!$C:$C,Indicators!DG$3,'Data(perSeason,perCrop)'!$R:$R,"IRRIGATED") -> 0
B20: AVERAGE | C20: =AVERAGE(C15:C19) -> 5711.8228 | D20: =AVERAGE(D15:D19) -> 6656.2862 | E20: =AVERAGE(E15:E19) -> 3740.0595 | F20: =AVERAGE(F15:F19) -> 8485.6459 | J20: ha | K20: =AVERAGE(K15:K19) -> 45.710786 | L20: =AVERAGE(L15:L19) -> 15.814908 | M20: =AVERAGE(M15:M19) -> 25.157964 | N20: =AVERAGE(N15:N19) -> 1024.1593 | O20: =AVERAGE(O15:O19) -> 4324.3526 | P20: =AVERAGE(P15:P19) -> 22.820754 | Q20: =AVERAGE(Q15:Q19) -> 3026.0516 | R20: =AVERAGE(R15:R19) -> 1.5778438 | ... DG20: =AVERAGE(DG15:DG19) -> 0
B21: min | C21: =(MIN(C15:C19)-AVERAGE(C15:C19))/AVERAGE(C15:C19) -> -0.31937771 | D21: =(MIN(D15:D19)-AVERAGE(D15:D19))/AVERAGE(D15:D19) -> -0.30968825 | E21: =(MIN(E15:E19)-AVERAGE(E15:E19))/AVERAGE(E15:E19) -> -0.40582891 | F21: =(MIN(F15:F19)-AVERAGE(F15:F19))/AVERAGE(F15:F19) -> -0.25886551 | K21: =K20/SUM($K20:$R20) -> 0.0053868364 | L21: =L20/SUM($K20:$R20) -> 0.0018637248 | M21: =M20/SUM($K20:$R20) -> 0.0029647672 | N21: =N20/SUM($K20:$R20) -> 0.12069315 | O21: =O20/SUM($K20:$R20) -> 0.50960796 | P21: =P20/SUM($K20:$R20) -> 0.0026893362 | Q21: =Q20/SUM($K20:$R20) -> 0.35660829 | R21: =R20/SUM($K20:$R20) -> 0.00018594269 | S21: =S20/SUM($S20:$AH20) -> 0 | T21: =T20/SUM($S20:$AH20) -> 0.89020582 | U21: =U20/SUM($S20:$AH20) -> 0 | V21: =V20/SUM($S20:$AH20) -> 0 | W21: =W20/SUM($S20:$AH20) -> 0 | X21: =X20/SUM($S20:$AH20) -> 0 | Y21: =Y20/SUM($S20:$AH20) -> 0 | Z21: =Z20/SUM($S20:$AH20) -> 0 | ... AW21: =AW20/SUM($S20:$AH20) -> 0 | AX21: =AX20/SUM($AY20:$BM20) -> 0 | AY21: =AY20/SUM($AY20:$BM20) -> 0.98589538 | AZ21: =AZ20/SUM($AY20:$BM20) -> 0 | BA21: =BA20/SUM($AY20:$BM20) -> 0 | BB21: =BB20/SUM($AY20:$BM20) -> 0 | BC21: =BC20/SUM($AY20:$BM20) -> 0 | BD21: =BD20/SUM($AY20:$BM20) -> 0 | BE21: =BE20/SUM($AY20:$BM20) -> 0 | ... CB21: =CB20/SUM($AY20:$BM20) -> 0 | CC21: =CC20/SUM($CD20:$CR20) -> 0 | CD21: =CD20/SUM($CD20:$CR20) -> 0 | CE21: =CE20/SUM($CD20:$CR20) -> 0 | CF21: =CF20/SUM($CD20:$CR20) -> 0 | CG21: =CG20/SUM($CD20:$CR20) -> 0 | CH21: =CH20/SUM($CD20:$CR20) -> 0 | CI21: =CI20/SUM($CD20:$CR20) -> 0 | CJ21: =CJ20/SUM($CD20:$CR20) -> 0 | ... DG21: =DG20/SUM($CD20:$CR20) -> 0
B22: max | C22: =(MAX(C15:C19)-AVERAGE(C15:C19))/AVERAGE(C15:C19) -> 0.34630482 | D22: =MAX((MAX(D15:D19)-AVERAGE(D15:D19))/AVERAGE(D15:D19),ABS((MIN(D15:D19)-AVERAGE(D15:D19))/AVERAGE(D15:D19))) -> 0.30968825 | E22: =MAX((MAX(E15:E19)-AVERAGE(E15:E19))/AVERAGE(E15:E19),ABS((MIN(E15:E19)-AVERAGE(E15:E19))/AVERAGE(E15:E19))) -> 0.97298705 | F22: =MAX((MAX(F15:F19)-AVERAGE(F15:F19))/AVERAGE(F15:F19),ABS((MIN(F15:F19)-AVERAGE(F15:F19))/AVERAGE(F15:F19))) -> 0.25886551
A23: Rainfed Area | B23: 2018 | C23: =IF(COUNTIFS('Data(perSeason,perCrop)'!$S:$S,Indicators!$B23)>0,SUMIFS('Data(perSeason,perCrop)'!$A:$A,'Data(perSeason,perCrop)'!$S:$S,Indicators!$B23,'Data(perSeason,perCrop)'!$O:$O,Indicators!C$7,'Data(perSeason,perCrop)'!$R:$R,"RAINFED"),"") -> 4068.3599 | D23: =IF(COUNTIFS('Data(perSeason,perCrop)'!$S:$S,Indicators!$B23)>0,SUMIFS('Data(perSeason,perCrop)'!$A:$A,'Data(perSeason,perCrop)'!$S:$S,Indicators!$B23,'Data(perSeason,perCrop)'!$O:$O,Indicators!D$7,'Data(perSeason,perCrop)'!$R:$R,"RAINFED"),"") -> 2859.9598 | E23: =IF(COUNTIFS('Data(perSeason,perCrop)'!$S:$S,Indicators!$B23)>0,SUMIFS('Data(perSeason,perCrop)'!$A:$A,'Data(perSeason,perCrop)'!$S:$S,Indicators!$B23,'Data(perSeason,perCrop)'!$O:$O,Indicators!E$7,'Data(perSeason,perCrop)'!$R:$R,"RAINFED"),"") -> 144.54215 | F23: =IF(COUNTIFS('Data(perSeason,perCrop)'!$S:$S,Indicators!$B23)>0,SUMIFS('Data(perSeason,perCrop)'!$A:$A,'Data(perSeason,perCrop)'!$S:$S,Indicators!$B23,'Data(perSeason,perCrop)'!$O:$O,Indicators!F$7,'Data(perSeason,perCrop)'!$R:$R,"RAINFED"),"") -> 2426.3902 | J23: ha | K23: =SUMIFS('Data(perSeason,perCrop)'!$A:$A,'Data(perSeason,perCrop)'!$S:$S,Indicators!$B23,'Data(perSeason,perCrop)'!$O:$O,Indicators!K$7,'Data(perSeason,perCrop)'!$C:$C,Indicators!K$3,'Data(perSeason,perCrop)'!$R:$R,"RAINFED") -> 10.83453 | L23: =SUMIFS('Data(perSeason,perCrop)'!$A:$A,'Data(perSeason,perCrop)'!$S:$S,Indicators!$B23,'Data(perSeason,perCrop)'!$O:$O,Indicators!L$7,'Data(perSeason,perCrop)'!$C:$C,Indicators!L$3,'Data(perSeason,perCrop)'!$R:$R,"RAINFED") -> 0 | M23: =SUMIFS('Data(perSeason,perCrop)'!$A:$A,'Data(perSeason,perCrop)'!$S:$S,Indicators!$B23,'Data(perSeason,perCrop)'!$O:$O,Indicators!M$7,'Data(perSeason,perCrop)'!$C:$C,Indicators!M$3,'Data(perSeason,perCrop)'!$R:$R,"RAINFED") -> 0 | N23: =SUMIFS('Data(perSeason,perCrop)'!$A:$A,'Data(perSeason,perCrop)'!$S:$S,Indicators!$B23,'Data(perSeason,perCrop)'!$O:$O,Indicators!N$7,'Data(perSeason,perCrop)'!$C:$C,Indicators!N$3,'Data(perSeason,perCrop)'!$R:$R,"RAINFED") -> 122.03933 | O23: =SUMIFS('Data(perSeason,perCrop)'!$A:$A,'Data(perSeason,perCrop)'!$S:$S,Indicators!$B23,'Data(perSeason,perCrop)'!$O:$O,Indicators!O$7,'Data(perSeason,perCrop)'!$C:$C,Indicators!O$3,'Data(perSeason,perCrop)'!$R:$R,"RAINFED") -> 2248.5741 | P23: =SUMIFS('Data(perSeason,perCrop)'!$A:$A,'Data(perSeason,perCrop)'!$S:$S,Indicators!$B23,'Data(perSeason,perCrop)'!$O:$O,Indicators!P$7,'Data(perSeason,perCrop)'!$C:$C,Indicators!P$3,'Data(perSeason,perCrop)'!$R:$R,"RAINFED") -> 0 | Q23: =SUMIFS('Data(perSeason,perCrop)'!$A:$A,'Data(perSeason,perCrop)'!$S:$S,Indicators!$B23,'Data(perSeason,perCrop)'!$O:$O,Indicators!Q$7,'Data(perSeason,perCrop)'!$C:$C,Indicators!Q$3,'Data(perSeason,perCrop)'!$R:$R,"RAINFED") -> 44.942276 | R23: =SUMIFS('Data(perSeason,perCrop)'!$A:$A,'Data(perSeason,perCrop)'!$S:$S,Indicators!$B23,'Data(perSeason,perCrop)'!$O:$O,Indicators!R$7,'Data(perSeason,perCrop)'!$C:$C,Indicators!R$3,'Data(perSeason,perCrop)'!$R:$R,"RAINFED") -> 0 | ... DG23: =SUMIFS('Data(perSeason,perCrop)'!$A:$A,'Data(perSeason,perCrop)'!$S:$S,Indicators!$B23,'Data(perSeason,perCrop)'!$O:$O,Indicators!DG$7,'Data(perSeason,perCrop)'!$C:$C,Indicators!DG$3,'Data(perSeason,perCrop)'!$R:$R,"RAINFED") -> 0
A24: hectares | B24: 2019 | C24: =IF(COUNTIFS('Data(perSeason,perCrop)'!$S:$S,Indicators!$B24)>0,SUMIFS('Data(perSeason,perCrop)'!$A:$A,'Data(perSeason,perCrop)'!$S:$S,Indicators!$B24,'Data(perSeason,perCrop)'!$O:$O,Indicators!C$7,'Data(perSeason,perCrop)'!$R:$R,"RAINFED"),"") -> 6479.4824 | D24: =IF(COUNTIFS('Data(perSeason,perCrop)'!$S:$S,Indicators!$B24)>0,SUMIFS('Data(perSeason,perCrop)'!$A:$A,'Data(perSeason,perCrop)'!$S:$S,Indicators!$B24,'Data(perSeason,perCrop)'!$O:$O,Indicators!D$7,'Data(perSeason,perCrop)'!$R:$R,"RAINFED"),"") -> 4984.8783 | E24: =IF(COUNTIFS('Data(perSeason,perCrop)'!$S:$S,Indicators!$B24)>0,SUMIFS('Data(perSeason,perCrop)'!$A:$A,'Data(perSeason,perCrop)'!$S:$S,Indicators!$B24,'Data(perSeason,perCrop)'!$O:$O,Indicators!E$7,'Data(perSeason,perCrop)'!$R:$R,"RAINFED"),"") -> 860.52708 | F24: =IF(COUNTIFS('Data(perSeason,perCrop)'!$S:$S,Indicators!$B24)>0,SUMIFS('Data(perSeason,perCrop)'!$A:$A,'Data(perSeason,perCrop)'!$S:$S,Indicators!$B24,'Data(perSeason,perCrop)'!$O:$O,Indicators!F$7,'Data(perSeason,perCrop)'!$R:$R,"RAINFED"),"") -> 3121.3948 | J24: ha | K24: =SUMIFS('Data(perSeason,perCrop)'!$A:$A,'Data(perSeason,perCrop)'!$S:$S,Indicators!$B24,'Data(perSeason,perCrop)'!$O:$O,Indicators!K$7,'Data(perSeason,perCrop)'!$C:$C,Indicators!K$3,'Data(perSeason,perCrop)'!$R:$R,"RAINFED") -> 42.775745 | L24: =SUMIFS('Data(perSeason,perCrop)'!$A:$A,'Data(perSeason,perCrop)'!$S:$S,Indicators!$B24,'Data(perSeason,perCrop)'!$O:$O,Indicators!L$7,'Data(perSeason,perCrop)'!$C:$C,Indicators!L$3,'Data(perSeason,perCrop)'!$R:$R,"RAINFED") -> 0 | M24: =SUMIFS('Data(perSeason,perCrop)'!$A:$A,'Data(perSeason,perCrop)'!$S:$S,Indicators!$B24,'Data(perSeason,perCrop)'!$O:$O,Indicators!M$7,'Data(perSeason,perCrop)'!$C:$C,Indicators!M$3,'Data(perSeason,perCrop)'!$R:$R,"RAINFED") -> 0 | N24: =SUMIFS('Data(perSeason,perCrop)'!$A:$A,'Data(perSeason,perCrop)'!$S:$S,Indicators!$B24,'Data(perSeason,perCrop)'!$O:$O,Indicators!N$7,'Data(perSeason,perCrop)'!$C:$C,Indicators!N$3,'Data(perSeason,perCrop)'!$R:$R,"RAINFED") -> 738.90942 | O24: =SUMIFS('Data(perSeason,perCrop)'!$A:$A,'Data(perSeason,perCrop)'!$S:$S,Indicators!$B24,'Data(perSeason,perCrop)'!$O:$O,Indicators!O$7,'Data(perSeason,perCrop)'!$C:$C,Indicators!O$3,'Data(perSeason,perCrop)'!$R:$R,"RAINFED") -> 2020.1564 | P24: =SUMIFS('Data(perSeason,perCrop)'!$A:$A,'Data(perSeason,perCrop)'!$S:$S,Indicators!$B24,'Data(perSeason,perCrop)'!$O:$O,Indicators!P$7,'Data(perSeason,perCrop)'!$C:$C,Indicators!P$3,'Data(perSeason,perCrop)'!$R:$R,"RAINFED") -> 39.735977 | Q24: =SUMIFS('Data(perSeason,perCrop)'!$A:$A,'Data(perSeason,perCrop)'!$S:$S,Indicators!$B24,'Data(perSeason,perCrop)'!$O:$O,Indicators!Q$7,'Data(perSeason,perCrop)'!$C:$C,Indicators!Q$3,'Data(perSeason,perCrop)'!$R:$R,"RAINFED") -> 279.81732 | R24: =SUMIFS('Data(perSeason,perCrop)'!$A:$A,'Data(perSeason,perCrop)'!$S:$S,Indicators!$B24,'Data(perSeason,perCrop)'!$O:$O,Indicators!R$7,'Data(perSeason,perCrop)'!$C:$C,Indicators!R$3,'Data(perSeason,perCrop)'!$R:$R,"RAINFED") -> 0 | ... DG24: =SUMIFS('Data(perSeason,perCrop)'!$A:$A,'Data(perSeason,perCrop)'!$S:$S,Indicators!$B24,'Data(perSeason,perCrop)'!$O:$O,Indicators!DG$7,'Data(perSeason,perCrop)'!$C:$C,Indicators!DG$3,'Data(perSeason,perCrop)'!$R:$R,"RAINFED") -> 0
B25: 2020 | C25: =IF(COUNTIFS('Data(perSeason,perCrop)'!$S:$S,Indicators!$B25)>0,SUMIFS('Data(perSeason,perCrop)'!$A:$A,'Data(perSeason,perCrop)'!$S:$S,Indicators!$B25,'Data(perSeason,perCrop)'!$O:$O,Indicators!C$7,'Data(perSeason,perCrop)'!$R:$R,"RAINFED"),"") -> 6601.7264 | D25: =IF(COUNTIFS('Data(perSeason,perCrop)'!$S:$S,Indicators!$B25)>0,SUMIFS('Data(perSeason,perCrop)'!$A:$A,'Data(perSeason,perCrop)'!$S:$S,Indicators!$B25,'Data(perSeason,perCrop)'!$O:$O,Indicators!D$7,'Data(perSeason,perCrop)'!$R:$R,"RAINFED"),"") -> 5027.2255 | E25: =IF(COUNTIFS('Data(perSeason,perCrop)'!$S:$S,Indicators!$B25)>0,SUMIFS('Data(perSeason,perCrop)'!$A:$A,'Data(perSeason,perCrop)'!$S:$S,Indicators!$B25,'Data(perSeason,perCrop)'!$O:$O,Indicators!E$7,'Data(perSeason,perCrop)'!$R:$R,"RAINFED"),"") -> 88.685249 | F25: =IF(COUNTIFS('Data(perSeason,perCrop)'!$S:$S,Indicators!$B25)>0,SUMIFS('Data(perSeason,perCrop)'!$A:$A,'Data(perSeason,perCrop)'!$S:$S,Indicators!$B25,'Data(perSeason,perCrop)'!$O:$O,Indicators!F$7,'Data(perSeason,perCrop)'!$R:$R,"RAINFED"),"") -> 4268.4209 | J25: ha | K25: =SUMIFS('Data(perSeason,perCrop)'!$A:$A,'Data(perSeason,perCrop)'!$S:$S,Indicators!$B25,'Data(perSeason,perCrop)'!$O:$O,Indicators!K$7,'Data(perSeason,perCrop)'!$C:$C,Indicators!K$3,'Data(perSeason,perCrop)'!$R:$R,"RAINFED") -> 34.23743 | L25: =SUMIFS('Data(perSeason,perCrop)'!$A:$A,'Data(perSeason,perCrop)'!$S:$S,Indicators!$B25,'Data(perSeason,perCrop)'!$O:$O,Indicators!L$7,'Data(perSeason,perCrop)'!$C:$C,Indicators!L$3,'Data(perSeason,perCrop)'!$R:$R,"RAINFED") -> 0 | M25: =SUMIFS('Data(perSeason,perCrop)'!$A:$A,'Data(perSeason,perCrop)'!$S:$S,Indicators!$B25,'Data(perSeason,perCrop)'!$O:$O,Indicators!M$7,'Data(perSeason,perCrop)'!$C:$C,Indicators!M$3,'Data(perSeason,perCrop)'!$R:$R,"RAINFED") -> 0 | N25: =SUMIFS('Data(perSeason,perCrop)'!$A:$A,'Data(perSeason,perCrop)'!$S:$S,Indicators!$B25,'Data(perSeason,perCrop)'!$O:$O,Indicators!N$7,'Data(perSeason,perCrop)'!$C:$C,Indicators!N$3,'Data(perSeason,perCrop)'!$R:$R,"RAINFED") -> 55.763782 | O25: =SUMIFS('Data(perSeason,perCrop)'!$A:$A,'Data(perSeason,perCrop)'!$S:$S,Indicators!$B25,'Data(perSeason,perCrop)'!$O:$O,Indicators!O$7,'Data(perSeason,perCrop)'!$C:$C,Indicators!O$3,'Data(perSeason,perCrop)'!$R:$R,"RAINFED") -> 4062.36 | P25: =SUMIFS('Data(perSeason,perCrop)'!$A:$A,'Data(perSeason,perCrop)'!$S:$S,Indicators!$B25,'Data(perSeason,perCrop)'!$O:$O,Indicators!P$7,'Data(perSeason,perCrop)'!$C:$C,Indicators!P$3,'Data(perSeason,perCrop)'!$R:$R,"RAINFED") -> 13.218432 | Q25: =SUMIFS('Data(perSeason,perCrop)'!$A:$A,'Data(perSeason,perCrop)'!$S:$S,Indicators!$B25,'Data(perSeason,perCrop)'!$O:$O,Indicators!Q$7,'Data(perSeason,perCrop)'!$C:$C,Indicators!Q$3,'Data(perSeason,perCrop)'!$R:$R,"RAINFED") -> 102.84126 | R25: =SUMIFS('Data(perSeason,perCrop)'!$A:$A,'Data(perSeason,perCrop)'!$S:$S,Indicators!$B25,'Data(perSeason,perCrop)'!$O:$O,Indicators!R$7,'Data(perSeason,perCrop)'!$C:$C,Indicators!R$3,'Data(perSeason,perCrop)'!$R:$R,"RAINFED") -> 0 | ... DG25: =SUMIFS('Data(perSeason,perCrop)'!$A:$A,'Data(perSeason,perCrop)'!$S:$S,Indicators!$B25,'Data(perSeason,perCrop)'!$O:$O,Indicators!DG$7,'Data(perSeason,perCrop)'!$C:$C,Indicators!DG$3,'Data(perSeason,perCrop)'!$R:$R,"RAINFED") -> 0
B26: 2021 | C26: =IF(COUNTIFS('Data(perSeason,perCrop)'!$S:$S,Indicators!$B26)>0,SUMIFS('Data(perSeason,perCrop)'!$A:$A,'Data(perSeason,perCrop)'!$S:$S,Indicators!$B26,'Data(perSeason,perCrop)'!$O:$O,Indicators!C$7,'Data(perSeason,perCrop)'!$R:$R,"RAINFED"),"") -> 4685.3613 | D26: =IF(COUNTIFS('Data(perSeason,perCrop)'!$S:$S,Indicators!$B26)>0,SUMIFS('Data(perSeason,perCrop)'!$A:$A,'Data(perSeason,perCrop)'!$S:$S,Indicators!$B26,'Data(perSeason,perCrop)'!$O:$O,Indicators!D$7,'Data(perSeason,perCrop)'!$R:$R,"RAINFED"),"") -> 2635.155 | E26: =IF(COUNTIFS('Data(perSeason,perCrop)'!$S:$S,Indicators!$B26)>0,SUMIFS('Data(perSeason,perCrop)'!$A:$A,'Data(perSeason,perCrop)'!$S:$S,Indicators!$B26,'Data(perSeason,perCrop)'!$O:$O,Indicators!E$7,'Data(perSeason,perCrop)'!$R:$R,"RAINFED"),"") -> 169.31232 | F26: =IF(COUNTIFS('Data(perSeason,perCrop)'!$S:$S,Indicators!$B26)>0,SUMIFS('Data(perSeason,perCrop)'!$A:$A,'Data(perSeason,perCrop)'!$S:$S,Indicators!$B26,'Data(perSeason,perCrop)'!$O:$O,Indicators!F$7,'Data(perSeason,perCrop)'!$R:$R,"RAINFED"),"") -> 2187.115 | J26: ha | K26: =SUMIFS('Data(perSeason,perCrop)'!$A:$A,'Data(perSeason,perCrop)'!$S:$S,Indicators!$B26,'Data(perSeason,perCrop)'!$O:$O,Indicators!K$7,'Data(perSeason,perCrop)'!$C:$C,Indicators!K$3,'Data(perSeason,perCrop)'!$R:$R,"RAINFED") -> 47.076143 | L26: =SUMIFS('Data(perSeason,perCrop)'!$A:$A,'Data(perSeason,perCrop)'!$S:$S,Indicators!$B26,'Data(perSeason,perCrop)'!$O:$O,Indicators!L$7,'Data(perSeason,perCrop)'!$C:$C,Indicators!L$3,'Data(perSeason,perCrop)'!$R:$R,"RAINFED") -> 0 | M26: =SUMIFS('Data(perSeason,perCrop)'!$A:$A,'Data(perSeason,perCrop)'!$S:$S,Indicators!$B26,'Data(perSeason,perCrop)'!$O:$O,Indicators!M$7,'Data(perSeason,perCrop)'!$C:$C,Indicators!M$3,'Data(perSeason,perCrop)'!$R:$R,"RAINFED") -> 0 | N26: =SUMIFS('Data(perSeason,perCrop)'!$A:$A,'Data(perSeason,perCrop)'!$S:$S,Indicators!$B26,'Data(perSeason,perCrop)'!$O:$O,Indicators!N$7,'Data(perSeason,perCrop)'!$C:$C,Indicators!N$3,'Data(perSeason,perCrop)'!$R:$R,"RAINFED") -> 87.113644 | O26: =SUMIFS('Data(perSeason,perCrop)'!$A:$A,'Data(perSeason,perCrop)'!$S:$S,Indicators!$B26,'Data(perSeason,perCrop)'!$O:$O,Indicators!O$7,'Data(perSeason,perCrop)'!$C:$C,Indicators!O$3,'Data(perSeason,perCrop)'!$R:$R,"RAINFED") -> 1975.211 | P26: =SUMIFS('Data(perSeason,perCrop)'!$A:$A,'Data(perSeason,perCrop)'!$S:$S,Indicators!$B26,'Data(perSeason,perCrop)'!$O:$O,Indicators!P$7,'Data(perSeason,perCrop)'!$C:$C,Indicators!P$3,'Data(perSeason,perCrop)'!$R:$R,"RAINFED") -> 48.515824 | Q26: =SUMIFS('Data(perSeason,perCrop)'!$A:$A,'Data(perSeason,perCrop)'!$S:$S,Indicators!$B26,'Data(perSeason,perCrop)'!$O:$O,Indicators!Q$7,'Data(perSeason,perCrop)'!$C:$C,Indicators!Q$3,'Data(perSeason,perCrop)'!$R:$R,"RAINFED") -> 29.198354 | R26: =SUMIFS('Data(perSeason,perCrop)'!$A:$A,'Data(perSeason,perCrop)'!$S:$S,Indicators!$B26,'Data(perSeason,perCrop)'!$O:$O,Indicators!R$7,'Data(perSeason,perCrop)'!$C:$C,Indicators!R$3,'Data(perSeason,perCrop)'!$R:$R,"RAINFED") -> 0 | ... DG26: =SUMIFS('Data(perSeason,perCrop)'!$A:$A,'Data(perSeason,perCrop)'!$S:$S,Indicators!$B26,'Data(perSeason,perCrop)'!$O:$O,Indicators!DG$7,'Data(perSeason,perCrop)'!$C:$C,Indicators!DG$3,'Data(perSeason,perCrop)'!$R:$R,"RAINFED") -> 0
B27: 2022 | C27: =IF(COUNTIFS('Data(perSeason,perCrop)'!$S:$S,Indicators!$B27)>0,SUMIFS('Data(perSeason,perCrop)'!$A:$A,'Data(perSeason,perCrop)'!$S:$S,Indicators!$B27,'Data(perSeason,perCrop)'!$O:$O,Indicators!C$7,'Data(perSeason,perCrop)'!$R:$R,"RAINFED"),"") -> 7328.0194 | D27: =IF(COUNTIFS('Data(perSeason,perCrop)'!$S:$S,Indicators!$B27)>0,SUMIFS('Data(perSeason,perCrop)'!$A:$A,'Data(perSeason,perCrop)'!$S:$S,Indicators!$B27,'Data(perSeason,perCrop)'!$O:$O,Indicators!D$7,'Data(perSeason,perCrop)'!$R:$R,"RAINFED"),"") -> 5223.1786 | E27: =IF(COUNTIFS('Data(perSeason,perCrop)'!$S:$S,Indicators!$B27)>0,SUMIFS('Data(perSeason,perCrop)'!$A:$A,'Data(perSeason,perCrop)'!$S:$S,Indicators!$B27,'Data(perSeason,perCrop)'!$O:$O,Indicators!E$7,'Data(perSeason,perCrop)'!$R:$R,"RAINFED"),"") -> 327.86526 | F27: =IF(COUNTIFS('Data(perSeason,perCrop)'!$S:$S,Indicators!$B27)>0,SUMIFS('Data(perSeason,perCrop)'!$A:$A,'Data(perSeason,perCrop)'!$S:$S,Indicators!$B27,'Data(perSeason,perCrop)'!$O:$O,Indicators!F$7,'Data(perSeason,perCrop)'!$R:$R,"RAINFED"),"") -> 3870.5072 | J27: ha | K27: =SUMIFS('Data(perSeason,perCrop)'!$A:$A,'Data(perSeason,perCrop)'!$S:$S,Indicators!$B27,'Data(perSeason,perCrop)'!$O:$O,Indicators!K$7,'Data(perSeason,perCrop)'!$C:$C,Indicators!K$3,'Data(perSeason,perCrop)'!$R:$R,"RAINFED") -> 11.589767 | L27: =SUMIFS('Data(perSeason,perCrop)'!$A:$A,'Data(perSeason,perCrop)'!$S:$S,Indicators!$B27,'Data(perSeason,perCrop)'!$O:$O,Indicators!L$7,'Data(perSeason,perCrop)'!$C:$C,Indicators!L$3,'Data(perSeason,perCrop)'!$R:$R,"RAINFED") -> 0 | M27: =SUMIFS('Data(perSeason,perCrop)'!$A:$A,'Data(perSeason,perCrop)'!$S:$S,Indicators!$B27,'Data(perSeason,perCrop)'!$O:$O,Indicators!M$7,'Data(perSeason,perCrop)'!$C:$C,Indicators!M$3,'Data(perSeason,perCrop)'!$R:$R,"RAINFED") -> 0 | N27: =SUMIFS('Data(perSeason,perCrop)'!$A:$A,'Data(perSeason,perCrop)'!$S:$S,Indicators!$B27,'Data(perSeason,perCrop)'!$O:$O,Indicators!N$7,'Data(perSeason,perCrop)'!$C:$C,Indicators!N$3,'Data(perSeason,perCrop)'!$R:$R,"RAINFED") -> 111.56163 | O27: =SUMIFS('Data(perSeason,perCrop)'!$A:$A,'Data(perSeason,perCrop)'!$S:$S,Indicators!$B27,'Data(perSeason,perCrop)'!$O:$O,Indicators!O$7,'Data(perSeason,perCrop)'!$C:$C,Indicators!O$3,'Data(perSeason,perCrop)'!$R:$R,"RAINFED") -> 3414.2579 | P27: =SUMIFS('Data(perSeason,perCrop)'!$A:$A,'Data(perSeason,perCrop)'!$S:$S,Indicators!$B27,'Data(perSeason,perCrop)'!$O:$O,Indicators!P$7,'Data(perSeason,perCrop)'!$C:$C,Indicators!P$3,'Data(perSeason,perCrop)'!$R:$R,"RAINFED") -> 0 | Q27: =SUMIFS('Data(perSeason,perCrop)'!$A:$A,'Data(perSeason,perCrop)'!$S:$S,Indicators!$B27,'Data(perSeason,perCrop)'!$O:$O,Indicators!Q$7,'Data(perSeason,perCrop)'!$C:$C,Indicators!Q$3,'Data(perSeason,perCrop)'!$R:$R,"RAINFED") -> 333.09788 | R27: =SUMIFS('Data(perSeason,perCrop)'!$A:$A,'Data(perSeason,perCrop)'!$S:$S,Indicators!$B27,'Data(perSeason,perCrop)'!$O:$O,Indicators!R$7,'Data(perSeason,perCrop)'!$C:$C,Indicators!R$3,'Data(perSeason,perCrop)'!$R:$R,"RAINFED") -> 0 | ... DG27: =SUMIFS('Data(perSeason,perCrop)'!$A:$A,'Data(perSeason,perCrop)'!$S:$S,Indicators!$B27,'Data(perSeason,perCrop)'!$O:$O,Indicators!DG$7,'Data(perSeason,perCrop)'!$C:$C,Indicators!DG$3,'Data(perSeason,perCrop)'!$R:$R,"RAINFED") -> 0
B28: AVERAGE | C28: =AVERAGE(C23:C27) -> 5832.5899 | D28: =AVERAGE(D23:D27) -> 4146.0794 | E28: =AVERAGE(E23:E27) -> 318.18641 | F28: =AVERAGE(F23:F27) -> 3174.7656 | J28: ha | K28: =AVERAGE(K23:K27) -> 29.302723 | L28: =AVERAGE(L23:L27) -> 0 | M28: =AVERAGE(M23:M27) -> 0 | N28: =AVERAGE(N23:N27) -> 223.07756 | O28: =AVERAGE(O23:O27) -> 2744.1119 | P28: =AVERAGE(P23:P27) -> 20.294047 | Q28: =AVERAGE(Q23:Q27) -> 157.97942 | R28: =AVERAGE(R23:R27) -> 0 | ... DG28: =AVERAGE(DG23:DG27) -> 0
A29: IRRIGATED AREA FRACTION | B29: 2018 | C29: =IF(COUNTIFS('Data(perSeason,perCrop)'!$S:$S,Indicators!$B29)>0,C15/C$5,"") -> 0.44511777 | D29: =IF(COUNTIFS('Data(perSeason,perCrop)'!$S:$S,Indicators!$B29)>0,D15/D$5,"") -> 0.43808941 | E29: =IF(COUNTIFS('Data(perSeason,perCrop)'!$S:$S,Indicators!$B29)>0,E15/E$5,"") -> 0.14400645 | F29: =IF(COUNTIFS('Data(perSeason,perCrop)'!$S:$S,Indicators!$B29)>0,F15/F$5,"") -> 0.54223761
A30: FRACTION OF IRRIGABLE LAND | B30: 2019 | C30: =IF(COUNTIFS('Data(perSeason,perCrop)'!$S:$S,Indicators!$B30)>0,C16/C$5,"") -> 0.39703797 | D30: =IF(COUNTIFS('Data(perSeason,perCrop)'!$S:$S,Indicators!$B30)>0,D16/D$5,"") -> 0.45970268 | E30: =IF(COUNTIFS('Data(perSeason,perCrop)'!$S:$S,Indicators!$B30)>0,E16/E$5,"") -> 0.42712948 | F30: =IF(COUNTIFS('Data(perSeason,perCrop)'!$S:$S,Indicators!$B30)>0,F16/F$5,"") -> 0.60680804
A31: WITHIN CCA | B31: 2020 | C31: =IF(COUNTIFS('Data(perSeason,perCrop)'!$S:$S,Indicators!$B31)>0,C17/C$5,"") -> 0.22502859 | D31: =IF(COUNTIFS('Data(perSeason,perCrop)'!$S:$S,Indicators!$B31)>0,D17/D$5,"") -> 0.26597086 | E31: =IF(COUNTIFS('Data(perSeason,perCrop)'!$S:$S,Indicators!$B31)>0,E17/E$5,"") -> 0.12863135 | F31: =IF(COUNTIFS('Data(perSeason,perCrop)'!$S:$S,Indicators!$B31)>0,F17/F$5,"") -> 0.3640313
B32: 2021 | C32: =IF(COUNTIFS('Data(perSeason,perCrop)'!$S:$S,Indicators!$B32)>0,C18/C$5,"") -> 0.24201004 | D32: =IF(COUNTIFS('Data(perSeason,perCrop)'!$S:$S,Indicators!$B32)>0,D18/D$5,"") -> 0.34449718 | E32: =IF(COUNTIFS('Data(perSeason,perCrop)'!$S:$S,Indicators!$B32)>0,E18/E$5,"") -> 0.13632937 | F32: =IF(COUNTIFS('Data(perSeason,perCrop)'!$S:$S,Indicators!$B32)>0,F18/F$5,"") -> 0.3956944
B33: 2022 | C33: =IF(COUNTIFS('Data(perSeason,perCrop)'!$S:$S,Indicators!$B33)>0,C19/C$5,"") -> 0.34391479 | D33: =IF(COUNTIFS('Data(perSeason,perCrop)'!$S:$S,Indicators!$B33)>0,D19/D$5,"") -> 0.41819454 | E33: =IF(COUNTIFS('Data(perSeason,perCrop)'!$S:$S,Indicators!$B33)>0,E19/E$5,"") -> 0.24634705 | F33: =IF(COUNTIFS('Data(perSeason,perCrop)'!$S:$S,Indicators!$B33)>0,F19/F$5,"") -> 0.54713449
B34: AVERAGE | C34: =AVERAGE(C29:C33) -> 0.33062183 | D34: =AVERAGE(D29:D33) -> 0.38529093 | E34: =AVERAGE(E29:E33) -> 0.21648874 | F34: =AVERAGE(F29:F33) -> 0.49118117
A35: Low Water Intensive Crops | B35: 2018 | C35: =IF(COUNTIFS('Data(perSeason,perCrop)'!$S:$S,Indicators!$B35)>0,SUMIFS('Data(perSeason,perCrop)'!$A:$A,'Data(perSeason,perCrop)'!$S:$S,Indicators!$B35,'Data(perSeason,perCrop)'!$O:$O,Indicators!C$7,'Data(perSeason,perCrop)'!$R:$R,"IRRIGATED",'Data(perSeason,perCrop)'!$T:$T,0)/C15,"") -> 0 | D35: =IF(COUNTIFS('Data(perSeason,perCrop)'!$S:$S,Indicators!$B35)>0,SUMIFS('Data(perSeason,perCrop)'!$A:$A,'Data(perSeason,perCrop)'!$S:$S,Indicators!$B35,'Data(perSeason,perCrop)'!$O:$O,Indicators!D$7,'Data(perSeason,perCrop)'!$R:$R,"IRRIGATED",'Data(perSeason,perCrop)'!$T:$T,0)/D15,"") -> 0.86422733 | E35: =IF(COUNTIFS('Data(perSeason,perCrop)'!$S:$S,Indicators!$B35)>0,SUMIFS('Data(perSeason,perCrop)'!$A:$A,'Data(perSeason,perCrop)'!$S:$S,Indicators!$B35,'Data(perSeason,perCrop)'!$O:$O,Indicators!E$7,'Data(perSeason,perCrop)'!$R:$R,"IRRIGATED",'Data(perSeason,perCrop)'!$T:$T,0)/E15,"") -> 0 | F35: =IF(COUNTIFS('Data(perSeason,perCrop)'!$S:$S,Indicators!$B35)>0,SUMIFS('Data(perCrop)'!A:A,'Data(perCrop)'!O:O,Indicators!B35,'Data(perCrop)'!P:P,0)/SUMIFS('Data(perCrop)'!A:A,'Data(perCrop)'!O:O,Indicators!B35),"") -> 0.21003502
A36: Per season or per whole cropping season of each crop | B36: 2019 | C36: =IF(COUNTIFS('Data(perSeason,perCrop)'!$S:$S,Indicators!$B36)>0,SUMIFS('Data(perSeason,perCrop)'!$A:$A,'Data(perSeason,perCrop)'!$S:$S,Indicators!$B36,'Data(perSeason,perCrop)'!$O:$O,Indicators!C$7,'Data(perSeason,perCrop)'!$R:$R,"IRRIGATED",'Data(perSeason,perCrop)'!$T:$T,0)/C16,"") -> 0.13908437 | D36: =IF(COUNTIFS('Data(perSeason,perCrop)'!$S:$S,Indicators!$B36)>0,SUMIFS('Data(perSeason,perCrop)'!$A:$A,'Data(perSeason,perCrop)'!$S:$S,Indicators!$B36,'Data(perSeason,perCrop)'!$O:$O,Indicators!D$7,'Data(perSeason,perCrop)'!$R:$R,"IRRIGATED",'Data(perSeason,perCrop)'!$T:$T,0)/D16,"") -> 0.37842603 | E36: =IF(COUNTIFS('Data(perSeason,perCrop)'!$S:$S,Indicators!$B36)>0,SUMIFS('Data(perSeason,perCrop)'!$A:$A,'Data(perSeason,perCrop)'!$S:$S,Indicators!$B36,'Data(perSeason,perCrop)'!$O:$O,Indicators!E$7,'Data(perSeason,perCrop)'!$R:$R,"IRRIGATED",'Data(perSeason,perCrop)'!$T:$T,0)/E16,"") -> 0 | F36: =IF(COUNTIFS('Data(perSeason,perCrop)'!$S:$S,Indicators!$B36)>0,SUMIFS('Data(perCrop)'!A:A,'Data(perCrop)'!O:O,Indicators!B36,'Data(perCrop)'!P:P,0)/SUMIFS('Data(perCrop)'!A:A,'Data(perCrop)'!O:O,Indicators!B36),"") -> 0.91954736
A37: Based on 90th percentile ETa | B37: 2020 | C37: =IF(COUNTIFS('Data(perSeason,perCrop)'!$S:$S,Indicators!$B37)>0,SUMIFS('Data(perSeason,perCrop)'!$A:$A,'Data(perSeason,perCrop)'!$S:$S,Indicators!$B37,'Data(perSeason,perCrop)'!$O:$O,Indicators!C$7,'Data(perSeason,perCrop)'!$R:$R,"IRRIGATED",'Data(perSeason,perCrop)'!$T:$T,0)/C17,"") -> 0 | D37: =IF(COUNTIFS('Data(perSeason,perCrop)'!$S:$S,Indicators!$B37)>0,SUMIFS('Data(perSeason,perCrop)'!$A:$A,'Data(perSeason,perCrop)'!$S:$S,Indicators!$B37,'Data(perSeason,perCrop)'!$O:$O,Indicators!D$7,'Data(perSeason,perCrop)'!$R:$R,"IRRIGATED",'Data(perSeason,perCrop)'!$T:$T,0)/D17,"") -> 0.91363362 | E37: =IF(COUNTIFS('Data(perSeason,perCrop)'!$S:$S,Indicators!$B37)>0,SUMIFS('Data(perSeason,perCrop)'!$A:$A,'Data(perSeason,perCrop)'!$S:$S,Indicators!$B37,'Data(perSeason,perCrop)'!$O:$O,Indicators!E$7,'Data(perSeason,perCrop)'!$R:$R,"IRRIGATED",'Data(perSeason,perCrop)'!$T:$T,0)/E17,"") -> 0 | F37: =IF(COUNTIFS('Data(perSeason,perCrop)'!$S:$S,Indicators!$B37)>0,SUMIFS('Data(perCrop)'!A:A,'Data(perCrop)'!O:O,Indicators!B37,'Data(perCrop)'!P:P,0)/SUMIFS('Data(perCrop)'!A:A,'Data(perCrop)'!O:O,Indicators!B37),"") -> 0.31469097
B38: 2021 | C38: =IF(COUNTIFS('Data(perSeason,perCrop)'!$S:$S,Indicators!$B38)>0,SUMIFS('Data(perSeason,perCrop)'!$A:$A,'Data(perSeason,perCrop)'!$S:$S,Indicators!$B38,'Data(perSeason,perCrop)'!$O:$O,Indicators!C$7,'Data(perSeason,perCrop)'!$R:$R,"IRRIGATED",'Data(perSeason,perCrop)'!$T:$T,0)/C18,"") -> 0.87957357 | D38: =IF(COUNTIFS('Data(perSeason,perCrop)'!$S:$S,Indicators!$B38)>0,SUMIFS('Data(perSeason,perCrop)'!$A:$A,'Data(perSeason,perCrop)'!$S:$S,Indicators!$B38,'Data(perSeason,perCrop)'!$O:$O,Indicators!D$7,'Data(perSeason,perCrop)'!$R:$R,"IRRIGATED",'Data(perSeason,perCrop)'!$T:$T,0)/D18,"") -> 0.76685889 | E38: =IF(COUNTIFS('Data(perSeason,perCrop)'!$S:$S,Indicators!$B38)>0,SUMIFS('Data(perSeason,perCrop)'!$A:$A,'Data(perSeason,perCrop)'!$S:$S,Indicators!$B38,'Data(perSeason,perCrop)'!$O:$O,Indicators!E$7,'Data(perSeason,perCrop)'!$R:$R,"IRRIGATED",'Data(perSeason,perCrop)'!$T:$T,0)/E18,"") -> 0 | F38: =IF(COUNTIFS('Data(perSeason,perCrop)'!$S:$S,Indicators!$B38)>0,SUMIFS('Data(perCrop)'!A:A,'Data(perCrop)'!O:O,Indicators!B38,'Data(perCrop)'!P:P,0)/SUMIFS('Data(perCrop)'!A:A,'Data(perCrop)'!O:O,Indicators!B38),"") -> 0.21061197
B39: 2022 | C39: =IF(COUNTIFS('Data(perSeason,perCrop)'!$S:$S,Indicators!$B39)>0,SUMIFS('Data(perSeason,perCrop)'!$A:$A,'Data(perSeason,perCrop)'!$S:$S,Indicators!$B39,'Data(perSeason,perCrop)'!$O:$O,Indicators!C$7,'Data(perSeason,perCrop)'!$R:$R,"IRRIGATED",'Data(perSeason,perCrop)'!$T:$T,0)/C19,"") -> 0.67401168 | D39: =IF(COUNTIFS('Data(perSeason,perCrop)'!$S:$S,Indicators!$B39)>0,SUMIFS('Data(perSeason,perCrop)'!$A:$A,'Data(perSeason,perCrop)'!$S:$S,Indicators!$B39,'Data(perSeason,perCrop)'!$O:$O,Indicators!D$7,'Data(perSeason,perCrop)'!$R:$R,"IRRIGATED",'Data(perSeason,perCrop)'!$T:$T,0)/D19,"") -> 0.84668177 | E39: =IF(COUNTIFS('Data(perSeason,perCrop)'!$S:$S,Indicators!$B39)>0,SUMIFS('Data(perSeason,perCrop)'!$A:$A,'Data(perSeason,perCrop)'!$S:$S,Indicators!$B39,'Data(perSeason,perCrop)'!$O:$O,Indicators!E$7,'Data(perSeason,perCrop)'!$R:$R,"IRRIGATED",'Data(perSeason,perCrop)'!$T:$T,0)/E19,"") -> 0 | F39: =IF(COUNTIFS('Data(perSeason,perCrop)'!$S:$S,Indicators!$B39)>0,SUMIFS('Data(perCrop)'!A:A,'Data(perCrop)'!O:O,Indicators!B39,'Data(perCrop)'!P:P,0)/SUMIFS('Data(perCrop)'!A:A,'Data(perCrop)'!O:O,Indicators!B39),"") -> 0.25347211
B40: AVERAGE | C40: =AVERAGE(C35:C39) -> 0.33853392 | D40: =AVERAGE(D35:D39) -> 0.75396553 | E40: =AVERAGE(E35:E39) -> 0 | F40: =AVERAGE(F35:F39) -> 0.38167149
A41: Low Water Intensive Crops | F41: FAO-Aquastat
A42: Considering the whole cropping season of each crop | D42: Crops represented: | F42: =(SUMIFS('Data(FAO-AQUASTAT)'!$B$5:$B$19,'Data(FAO-AQUASTAT)'!$F$5:$F$19,0)+SUMIFS('Data(FAO-AQUASTAT)'!$B$5:$B$19,'Data(FAO-AQUASTAT)'!$F$5:$F$19,1))/(SUM('Data(perCrop)'!A:A)/Summary!C7) -> 0.71602852
A43: FAO-Aquastat | B43: 2018 | F43: =IF(F$42<0.5,NA(),SUMIFS('Data(FAO-AQUASTAT)'!$B$5:$B$19,'Data(FAO-AQUASTAT)'!$F$5:$F$19,0)/(SUMIFS('Data(FAO-AQUASTAT)'!$B$5:$B$19,'Data(FAO-AQUASTAT)'!$F$5:$F$19,0)+SUMIFS('Data(FAO-AQUASTAT)'!$B$5:$B$19,'Data(FAO-AQUASTAT)'!$F$5:$F$19,1))) -> 0.074714178
B44: 2019 | F44: =IF(F$42<0.5,NA(),SUMIFS('Data(FAO-AQUASTAT)'!$B$5:$B$19,'Data(FAO-AQUASTAT)'!$F$5:$F$19,0)/(SUMIFS('Data(FAO-AQUASTAT)'!$B$5:$B$19,'Data(FAO-AQUASTAT)'!$F$5:$F$19,0)+SUMIFS('Data(FAO-AQUASTAT)'!$B$5:$B$19,'Data(FAO-AQUASTAT)'!$F$5:$F$19,1))) -> 0.074714178
B45: 2020 | F45: =IF(F$42<0.5,NA(),SUMIFS('Data(FAO-AQUASTAT)'!$B$5:$B$19,'Data(FAO-AQUASTAT)'!$F$5:$F$19,0)/(SUMIFS('Data(FAO-AQUASTAT)'!$B$5:$B$19,'Data(FAO-AQUASTAT)'!$F$5:$F$19,0)+SUMIFS('Data(FAO-AQUASTAT)'!$B$5:$B$19,'Data(FAO-AQUASTAT)'!$F$5:$F$19,1))) -> 0.074714178
B46: 2021 | F46: =IF(F$42<0.5,NA(),SUMIFS('Data(FAO-AQUASTAT)'!$B$5:$B$19,'Data(FAO-AQUASTAT)'!$F$5:$F$19,0)/(SUMIFS('Data(FAO-AQUASTAT)'!$B$5:$B$19,'Data(FAO-AQUASTAT)'!$F$5:$F$19,0)+SUMIFS('Data(FAO-AQUASTAT)'!$B$5:$B$19,'Data(FAO-AQUASTAT)'!$F$5:$F$19,1))) -> 0.074714178
B47: 2022 | F47: =IF(F$42<0.5,NA(),SUMIFS('Data(FAO-AQUASTAT)'!$B$5:$B$19,'Data(FAO-AQUASTAT)'!$F$5:$F$19,0)/(SUMIFS('Data(FAO-AQUASTAT)'!$B$5:$B$19,'Data(FAO-AQUASTAT)'!$F$5:$F$19,0)+SUMIFS('Data(FAO-AQUASTAT)'!$B$5:$B$19,'Data(FAO-AQUASTAT)'!$F$5:$F$19,1))) -> 0.074714178
B48: AVERAGE | F48: =AVERAGE(F43:F47) -> 0.074714178
A49: Cropping Intensity | B49: 2018 | F49: =IF(COUNTIFS('Data(perSeason,perCrop)'!$S:$S,Indicators!$B49)>0,SUMPRODUCT(K$5:R$5,K8:R8)/SUM(K8:R8),"") -> 1.196677 | J49: %/100 | K49: =K15*K$5/$C$5 -> 0.0069279166 | L49: =L15*L$5/$C$5 -> 0 | M49: =M15*M$5/$C$5 -> 0 | N49: =N15*N$5/$C$5 -> 0.039061698 | O49: =O15*O$5/$C$5 -> 0.37213583 | P49: =P15*P$5/$C$5 -> 0 | Q49: =Q15*Q$5/$C$5 -> 0.25515225 | R49: =R15*R$5/$C$5 -> 0
B50: 2019 | F50: =IF(COUNTIFS('Data(perSeason,perCrop)'!$S:$S,Indicators!$B50)>0,SUMPRODUCT(K$5:R$5,K9:R9)/SUM(K9:R9),"") -> 1.387528 | J50: %/100 | K50: =K16*K$5/$C$5 -> 0.0087861354 | L50: =L16*L$5/$C$5 -> 0.0056754811 | M50: =M16*M$5/$C$5 -> 0.018719147 | N50: =N16*N$5/$C$5 -> 0.17570583 | O50: =O16*O$5/$C$5 -> 0.1457236 | P50: =P16*P$5/$C$5 -> 0.0046616516 | Q50: =Q16*Q$5/$C$5 -> 0.53357954 | R50: =R16*R$5/$C$5 -> 0.00045665773
B51: 2020 | F51: =IF(COUNTIFS('Data(perSeason,perCrop)'!$S:$S,Indicators!$B51)>0,SUMPRODUCT(K$5:R$5,K10:R10)/SUM(K10:R10),"") -> 1.2222107 | J51: %/100 | K51: =K17*K$5/$C$5 -> 0.0029359116 | L51: =L17*L$5/$C$5 -> 0.00181363 | M51: =M17*M$5/$C$5 -> 0.0011779254 | N51: =N17*N$5/$C$5 -> 0.01453891 | O51: =O17*O$5/$C$5 -> 0.22202588 | P51: =P17*P$5/$C$5 -> 0 | Q51: =Q17*Q$5/$C$5 -> 0.2493982 | R51: =R17*R$5/$C$5 -> 0
B52: 2021 | F52: =IF(COUNTIFS('Data(perSeason,perCrop)'!$S:$S,Indicators!$B52)>0,SUMPRODUCT(K$5:R$5,K11:R11)/SUM(K11:R11),"") -> 1.2520472 | J52: %/100 | K52: =K18*K$5/$C$5 -> 0.0078091624 | L52: =L18*L$5/$C$5 -> 0.001665154 | M52: =M18*M$5/$C$5 -> 0.0019464947 | N52: =N18*N$5/$C$5 -> 0.032523921 | O52: =O18*O$5/$C$5 -> 0.23464882 | P52: =P18*P$5/$C$5 -> 0.0019431047 | Q52: =Q18*Q$5/$C$5 -> 0.24238513 | R52: =R18*R$5/$C$5 -> 0
B53: 2022 | F53: =IF(COUNTIFS('Data(perSeason,perCrop)'!$S:$S,Indicators!$B53)>0,SUMPRODUCT(K$5:R$5,K12:R12)/SUM(K12:R12),"") -> 1.3313009 | J53: %/100 | K53: =K19*K$5/$C$5 -> 0 | L53: =L19*L$5/$C$5 -> 0 | M53: =M19*M$5/$C$5 -> 0 | N53: =N19*N$5/$C$5 -> 0.034580652 | O53: =O19*O$5/$C$5 -> 0.27701503 | P53: =P19*P$5/$C$5 -> 0 | Q53: =Q19*Q$5/$C$5 -> 0.47107761 | R53: =R19*R$5/$C$5 -> 0
B54: AVERAGE | F54: =AVERAGE(F49:F53) -> 1.2779527
D55: Irrigation Intensity | F55: Cropping Intensity
A56: Cropping Intensity (based on CCA) | B56: 2018 | D56: =IF(COUNTIFS('Data(perSeason,perCrop)'!$S:$S,Indicators!$B56)>0,SUM(K49:R49),"") -> 0.6732777 | E56: =IF(COUNTIFS('Data(perSeason,perCrop)'!$S:$S,Indicators!$B56)>0,F56*F$5,"") -> 14113.712 | F56: =IF(COUNTIFS('Data(perSeason,perCrop)'!$S:$S,Indicators!$B56)>0,SUM(K56:R56),"") -> 0.81695488 | J56: %/100 | K56: =K8*K$5/$C$5 -> 0.0081822035 | L56: =L8*L$5/$C$5 -> 0 | M56: =M8*M$5/$C$5 -> 0 | N56: =N8*N$5/$C$5 -> 0.046125795 | O56: =O8*O$5/$C$5 -> 0.50229177 | P56: =P8*P$5/$C$5 -> 0 | Q56: =Q8*Q$5/$C$5 -> 0.26035511 | R56: =R8*R$5/$C$5 -> 0
B57: 2019 | D57: =IF(COUNTIFS('Data(perSeason,perCrop)'!$S:$S,Indicators!$B57)>0,SUM(K50:R50),"") -> 0.89330805 | E57: =IF(COUNTIFS('Data(perSeason,perCrop)'!$S:$S,Indicators!$B57)>0,F57*F$5,"") -> 18876.778 | F57: =IF(COUNTIFS('Data(perSeason,perCrop)'!$S:$S,Indicators!$B57)>0,SUM(K57:R57),"") -> 1.092659 | J57: %/100 | K57: =K9*K$5/$C$5 -> 0.013738178 | L57: =L9*L$5/$C$5 -> 0.0056754811 | M57: =M9*M$5/$C$5 -> 0.018719147 | N57: =N9*N$5/$C$5 -> 0.2184767 | O57: =O9*O$5/$C$5 -> 0.26265786 | P57: =P9*P$5/$C$5 -> 0.0069617197 | Q57: =Q9*Q$5/$C$5 -> 0.56597331 | R57: =R9*R$5/$C$5 -> 0.00045665773
B58: 2020 | D58: =IF(COUNTIFS('Data(perSeason,perCrop)'!$S:$S,Indicators!$B58)>0,SUM(K51:R51),"") -> 0.49189046 | E58: =IF(COUNTIFS('Data(perSeason,perCrop)'!$S:$S,Indicators!$B58)>0,F58*F$5,"") -> 12903.399 | F58: =IF(COUNTIFS('Data(perSeason,perCrop)'!$S:$S,Indicators!$B58)>0,SUM(K58:R58),"") -> 0.74689739 | J58: %/100 | K58: =K10*K$5/$C$5 -> 0.0068994946 | L58: =L10*L$5/$C$5 -> 0.00181363 | M58: =M10*M$5/$C$5 -> 0.0011779254 | N58: =N10*N$5/$C$5 -> 0.017766728 | O58: =O10*O$5/$C$5 -> 0.45717059 | P58: =P10*P$5/$C$5 -> 0.00076513268 | Q58: =Q10*Q$5/$C$5 -> 0.26130388 | R58: =R10*R$5/$C$5 -> 0
B59: 2021 | D59: =IF(COUNTIFS('Data(perSeason,perCrop)'!$S:$S,Indicators!$B59)>0,SUM(K52:R52),"") -> 0.52292179 | E59: =IF(COUNTIFS('Data(perSeason,perCrop)'!$S:$S,Indicators!$B59)>0,F59*F$5,"") -> 11297.386 | F59: =IF(COUNTIFS('Data(perSeason,perCrop)'!$S:$S,Indicators!$B59)>0,SUM(K59:R59),"") -> 0.6539353 | J59: %/100 | K59: =K11*K$5/$C$5 -> 0.013259052 | L59: =L11*L$5/$C$5 -> 0.001665154 | M59: =M11*M$5/$C$5 -> 0.0019464947 | N59: =N11*N$5/$C$5 -> 0.037566388 | O59: =O11*O$5/$C$5 -> 0.34898147 | P59: =P11*P$5/$C$5 -> 0.0047513835 | Q59: =Q11*Q$5/$C$5 -> 0.24576536 | R59: =R11*R$5/$C$5 -> 0
B60: 2022 | D60: =IF(COUNTIFS('Data(perSeason,perCrop)'!$S:$S,Indicators!$B60)>0,SUM(K53:R53),"") -> 0.78267329 | E60: =IF(COUNTIFS('Data(perSeason,perCrop)'!$S:$S,Indicators!$B60)>0,F60*F$5,"") -> 17736.659 | F60: =IF(COUNTIFS('Data(perSeason,perCrop)'!$S:$S,Indicators!$B60)>0,SUM(K60:R60),"") -> 1.0266647 | J60: %/100 | K60: =K12*K$5/$C$5 -> 0.0013417188 | L60: =L12*L$5/$C$5 -> 0 | M60: =M12*M$5/$C$5 -> 0 | N60: =N12*N$5/$C$5 -> 0.04103826 | O60: =O12*O$5/$C$5 -> 0.47464515 | P60: =P12*P$5/$C$5 -> 0 | Q60: =Q12*Q$5/$C$5 -> 0.50963953 | R60: =R12*R$5/$C$5 -> 0
B61: AVERAGE | D61: =AVERAGE(D56:D60) -> 0.67281426 | E61: =F61*F$5 -> 14985.587 | F61: =AVERAGE(F56:F60) -> 0.86742226
A62: Adequacy | B62: 2018 | C62: =IF(COUNTIFS('Data(perSeason,perCrop)'!$S:$S,Indicators!$B62)>0,SUMPRODUCT(S15:AW15,S62:AW62)/SUM(S15:AW15),"") -> 0.15703752 | D62: =IF(COUNTIFS('Data(perSeason,perCrop)'!$S:$S,Indicators!$B62)>0,SUMPRODUCT(AX15:CB15,AX62:CB62)/SUM(AX15:CB15),"") -> 0.16901738 | E62: =IF(COUNTIFS('Data(perSeason,perCrop)'!$S:$S,Indicators!$B62)>0,SUMPRODUCT(CC15:DG15,CC62:DG62)/SUM(CC15:DG15),"") -> 0.15284159 | F62: =IF(COUNTIFS('Data(perSeason,perCrop)'!$S:$S,Indicators!$B62)>0,'Indicators(perCrop)'!V$38,"") -> 0.23802652 | J62: %/100 | K62: =IF(K15>0,1-AVERAGEIFS('Data(perSeason,perCrop)'!$E:$E,'Data(perSeason,perCrop)'!$S:$S,Indicators!$B62,'Data(perSeason,perCrop)'!$O:$O,0,'Data(perSeason,perCrop)'!$C:$C,Indicators!K$3,'Data(perSeason,perCrop)'!$R:$R,"IRRIGATED")/AVERAGEIFS('Data(perSeason,perCrop)'!$F:$F,'Data(perSeason,perCrop)'!$S:$S,Indicators!$B62,'Data(perSeason,perCrop)'!$O:$O,0,'Data(perSeason,perCrop)'!$C:$C,Indicators!K$3,'Data(perSeason,perCrop)'!$R:$R,"IRRIGATED"),"") -> 0.15033557 | L62: =IF(L15>0,1-AVERAGEIFS('Data(perSeason,perCrop)'!$E:$E,'Data(perSeason,perCrop)'!$S:$S,Indicators!$B62,'Data(perSeason,perCrop)'!$O:$O,0,'Data(perSeason,perCrop)'!$C:$C,Indicators!L$3,'Data(perSeason,perCrop)'!$R:$R,"IRRIGATED")/AVERAGEIFS('Data(perSeason,perCrop)'!$F:$F,'Data(perSeason,perCrop)'!$S:$S,Indicators!$B62,'Data(perSeason,perCrop)'!$O:$O,0,'Data(perSeason,perCrop)'!$C:$C,Indicators!L$3,'Data(perSeason,perCrop)'!$R:$R,"IRRIGATED"),"") | M62: =IF(M15>0,1-AVERAGEIFS('Data(perSeason,perCrop)'!$E:$E,'Data(perSeason,perCrop)'!$S:$S,Indicators!$B62,'Data(perSeason,perCrop)'!$O:$O,0,'Data(perSeason,perCrop)'!$C:$C,Indicators!M$3,'Data(perSeason,perCrop)'!$R:$R,"IRRIGATED")/AVERAGEIFS('Data(perSeason,perCrop)'!$F:$F,'Data(perSeason,perCrop)'!$S:$S,Indicators!$B62,'Data(perSeason,perCrop)'!$O:$O,0,'Data(perSeason,perCrop)'!$C:$C,Indicators!M$3,'Data(perSeason,perCrop)'!$R:$R,"IRRIGATED"),"") | N62: =IF(N15>0,1-AVERAGEIFS('Data(perSeason,perCrop)'!$E:$E,'Data(perSeason,perCrop)'!$S:$S,Indicators!$B62,'Data(perSeason,perCrop)'!$O:$O,0,'Data(perSeason,perCrop)'!$C:$C,Indicators!N$3,'Data(perSeason,perCrop)'!$R:$R,"IRRIGATED")/AVERAGEIFS('Data(perSeason,perCrop)'!$F:$F,'Data(perSeason,perCrop)'!$S:$S,Indicators!$B62,'Data(perSeason,perCrop)'!$O:$O,0,'Data(perSeason,perCrop)'!$C:$C,Indicators!N$3,'Data(perSeason,perCrop)'!$R:$R,"IRRIGATED"),"") -> 0.13032581 | O62: =IF(O15>0,1-AVERAGEIFS('Data(perSeason,perCrop)'!$E:$E,'Data(perSeason,perCrop)'!$S:$S,Indicators!$B62,'Data(perSeason,perCrop)'!$O:$O,0,'Data(perSeason,perCrop)'!$C:$C,Indicators!O$3,'Data(perSeason,perCrop)'!$R:$R,"IRRIGATED")/AVERAGEIFS('Data(perSeason,perCrop)'!$F:$F,'Data(perSeason,perCrop)'!$S:$S,Indicators!$B62,'Data(perSeason,perCrop)'!$O:$O,0,'Data(perSeason,perCrop)'!$C:$C,Indicators!O$3,'Data(perSeason,perCrop)'!$R:$R,"IRRIGATED"),"") -> 0.13438045 | P62: =IF(P15>0,1-AVERAGEIFS('Data(perSeason,perCrop)'!$E:$E,'Data(perSeason,perCrop)'!$S:$S,Indicators!$B62,'Data(perSeason,perCrop)'!$O:$O,0,'Data(perSeason,perCrop)'!$C:$C,Indicators!P$3,'Data(perSeason,perCrop)'!$R:$R,"IRRIGATED")/AVERAGEIFS('Data(perSeason,perCrop)'!$F:$F,'Data(perSeason,perCrop)'!$S:$S,Indicators!$B62,'Data(perSeason,perCrop)'!$O:$O,0,'Data(perSeason,perCrop)'!$C:$C,Indicators!P$3,'Data(perSeason,perCrop)'!$R:$R,"IRRIGATED"),"") | Q62: =IF(Q15>0,1-AVERAGEIFS('Data(perSeason,perCrop)'!$E:$E,'Data(perSeason,perCrop)'!$S:$S,Indicators!$B62,'Data(perSeason,perCrop)'!$O:$O,0,'Data(perSeason,perCrop)'!$C:$C,Indicators!Q$3,'Data(perSeason,perCrop)'!$R:$R,"IRRIGATED")/AVERAGEIFS('Data(perSeason,perCrop)'!$F:$F,'Data(perSeason,perCrop)'!$S:$S,Indicators!$B62,'Data(perSeason,perCrop)'!$O:$O,0,'Data(perSeason,perCrop)'!$C:$C,Indicators!Q$3,'Data(perSeason,perCrop)'!$R:$R,"IRRIGATED"),"") -> 0.13821138 | R62: =IF(R15>0,1-AVERAGEIFS('Data(perSeason,perCrop)'!$E:$E,'Data(perSeason,perCrop)'!$S:$S,Indicators!$B62,'Data(perSeason,perCrop)'!$O:$O,0,'Data(perSeason,perCrop)'!$C:$C,Indicators!R$3,'Data(perSeason,perCrop)'!$R:$R,"IRRIGATED")/AVERAGEIFS('Data(perSeason,perCrop)'!$F:$F,'Data(perSeason,perCrop)'!$S:$S,Indicators!$B62,'Data(perSeason,perCrop)'!$O:$O,0,'Data(perSeason,perCrop)'!$C:$C,Indicators!R$3,'Data(perSeason,perCrop)'!$R:$R,"IRRIGATED"),"") | S62: =IF(S15>0,1-AVERAGEIFS('Data(perSeason,perCrop)'!$E:$E,'Data(perSeason,perCrop)'!$S:$S,Indicators!$B62,'Data(perSeason,perCrop)'!$O:$O,S$7,'Data(perSeason,perCrop)'!$C:$C,Indicators!S$3,'Data(perSeason,perCrop)'!$R:$R,"IRRIGATED")/AVERAGEIFS('Data(perSeason,perCrop)'!$F:$F,'Data(perSeason,perCrop)'!$S:$S,Indicators!$B62,'Data(perSeason,perCrop)'!$O:$O,S$7,'Data(perSeason,perCrop)'!$C:$C,Indicators!S$3,'Data(perSeason,perCrop)'!$R:$R,"IRRIGATED"),"") | T62: =IF(T15>0,1-AVERAGEIFS('Data(perSeason,perCrop)'!$E:$E,'Data(perSeason,perCrop)'!$S:$S,Indicators!$B62,'Data(perSeason,perCrop)'!$O:$O,T$7,'Data(perSeason,perCrop)'!$C:$C,Indicators!T$3,'Data(perSeason,perCrop)'!$R:$R,"IRRIGATED")/AVERAGEIFS('Data(perSeason,perCrop)'!$F:$F,'Data(perSeason,perCrop)'!$S:$S,Indicators!$B62,'Data(perSeason,perCrop)'!$O:$O,T$7,'Data(perSeason,perCrop)'!$C:$C,Indicators!T$3,'Data(perSeason,perCrop)'!$R:$R,"IRRIGATED"),"") -> 0.16473988 | U62: =IF(U15>0,1-AVERAGEIFS('Data(perSeason,perCrop)'!$E:$E,'Data(perSeason,perCrop)'!$S:$S,Indicators!$B62,'Data(perSeason,perCrop)'!$O:$O,U$7,'Data(perSeason,perCrop)'!$C:$C,Indicators!U$3,'Data(perSeason,perCrop)'!$R:$R,"IRRIGATED")/AVERAGEIFS('Data(perSeason,perCrop)'!$F:$F,'Data(perSeason,perCrop)'!$S:$S,Indicators!$B62,'Data(perSeason,perCrop)'!$O:$O,U$7,'Data(perSeason,perCrop)'!$C:$C,Indicators!U$3,'Data(perSeason,perCrop)'!$R:$R,"IRRIGATED"),"") | V62: =IF(V15>0,1-AVERAGEIFS('Data(perSeason,perCrop)'!$E:$E,'Data(perSeason,perCrop)'!$S:$S,Indicators!$B62,'Data(perSeason,perCrop)'!$O:$O,V$7,'Data(perSeason,perCrop)'!$C:$C,Indicators!V$3,'Data(perSeason,perCrop)'!$R:$R,"IRRIGATED")/AVERAGEIFS('Data(perSeason,perCrop)'!$F:$F,'Data(perSeason,perCrop)'!$S:$S,Indicators!$B62,'Data(perSeason,perCrop)'!$O:$O,V$7,'Data(perSeason,perCrop)'!$C:$C,Indicators!V$3,'Data(perSeason,perCrop)'!$R:$R,"IRRIGATED"),"") | W62: =IF(W15>0,1-AVERAGEIFS('Data(perSeason,perCrop)'!$E:$E,'Data(perSeason,perCrop)'!$S:$S,Indicators!$B62,'Data(perSeason,perCrop)'!$O:$O,W$7,'Data(perSeason,perCrop)'!$C:$C,Indicators!W$3,'Data(perSeason,perCrop)'!$R:$R,"IRRIGATED")/AVERAGEIFS('Data(perSeason,perCrop)'!$F:$F,'Data(perSeason,perCrop)'!$S:$S,Indicators!$B62,'Data(perSeason,perCrop)'!$O:$O,W$7,'Data(perSeason,perCrop)'!$C:$C,Indicators!W$3,'Data(perSeason,perCrop)'!$R:$R,"IRRIGATED"),"") | X62: =IF(X15>0,1-AVERAGEIFS('Data(perSeason,perCrop)'!$E:$E,'Data(perSeason,perCrop)'!$S:$S,Indicators!$B62,'Data(perSeason,perCrop)'!$O:$O,X$7,'Data(perSeason,perCrop)'!$C:$C,Indicators!X$3,'Data(perSeason,perCrop)'!$R:$R,"IRRIGATED")/AVERAGEIFS('Data(perSeason,perCrop)'!$F:$F,'Data(perSeason,perCrop)'!$S:$S,Indicators!$B62,'Data(perSeason,perCrop)'!$O:$O,X$7,'Data(perSeason,perCrop)'!$C:$C,Indicators!X$3,'Data(perSeason,perCrop)'!$R:$R,"IRRIGATED"),"") | Y62: =IF(Y15>0,1-AVERAGEIFS('Data(perSeason,perCrop)'!$E:$E,'Data(perSeason,perCrop)'!$S:$S,Indicators!$B62,'Data(perSeason,perCrop)'!$O:$O,Y$7,'Data(perSeason,perCrop)'!$C:$C,Indicators!Y$3,'Data(perSeason,perCrop)'!$R:$R,"IRRIGATED")/AVERAGEIFS('Data(perSeason,perCrop)'!$F:$F,'Data(perSeason,perCrop)'!$S:$S,Indicators!$B62,'Data(perSeason,perCrop)'!$O:$O,Y$7,'Data(perSeason,perCrop)'!$C:$C,Indicators!Y$3,'Data(perSeason,perCrop)'!$R:$R,"IRRIGATED"),"") | Z62: =IF(Z15>0,1-AVERAGEIFS('Data(perSeason,perCrop)'!$E:$E,'Data(perSeason,perCrop)'!$S:$S,Indicators!$B62,'Data(perSeason,perCrop)'!$O:$O,Z$7,'Data(perSeason,perCrop)'!$C:$C,Indicators!Z$3,'Data(perSeason,perCrop)'!$R:$R,"IRRIGATED")/AVERAGEIFS('Data(perSeason,perCrop)'!$F:$F,'Data(perSeason,perCrop)'!$S:$S,Indicators!$B62,'Data(perSeason,perCrop)'!$O:$O,Z$7,'Data(perSeason,perCrop)'!$C:$C,Indicators!Z$3,'Data(perSeason,perCrop)'!$R:$R,"IRRIGATED"),"") | ... DG62: =IF(DG15>0,1-AVERAGEIFS('Data(perSeason,perCrop)'!$E:$E,'Data(perSeason,perCrop)'!$S:$S,Indicators!$B62,'Data(perSeason,perCrop)'!$O:$O,DG$7,'Data(perSeason,perCrop)'!$C:$C,Indicators!DG$3,'Data(perSeason,perCrop)'!$R:$R,"IRRIGATED")/AVERAGEIFS('Data(perSeason,perCrop)'!$F:$F,'Data(perSeason,perCrop)'!$S:$S,Indicators!$B62,'Data(perSeason,perCrop)'!$O:$O,DG$7,'Data(perSeason,perCrop)'!$C:$C,Indicators!DG$3,'Data(perSeason,perCrop)'!$R:$R,"IRRIGATED"),"")
A63: RWD=1-(Eta/Etp) | B63: 2019 | C63: =IF(COUNTIFS('Data(perSeason,perCrop)'!$S:$S,Indicators!$B63)>0,SUMPRODUCT(S16:AW16,S63:AW63)/SUM(S16:AW16),"") -> 0.24365026 | D63: =IF(COUNTIFS('Data(perSeason,perCrop)'!$S:$S,Indicators!$B63)>0,SUMPRODUCT(AX16:CB16,AX63:CB63)/SUM(AX16:CB16),"") -> 0.21212052 | E63: =IF(COUNTIFS('Data(perSeason,perCrop)'!$S:$S,Indicators!$B63)>0,SUMPRODUCT(CC16:DG16,CC63:DG63)/SUM(CC16:DG16),"") -> 0.15385729 | F63: =IF(COUNTIFS('Data(perSeason,perCrop)'!$S:$S,Indicators!$B63)>0,'Indicators(perCrop)'!W$38,"") -> 0.24483373 | J63: %/100 | K63: =IF(K16>0,1-AVERAGEIFS('Data(perSeason,perCrop)'!$E:$E,'Data(perSeason,perCrop)'!$S:$S,Indicators!$B63,'Data(perSeason,perCrop)'!$O:$O,0,'Data(perSeason,perCrop)'!$C:$C,Indicators!K$3,'Data(perSeason,perCrop)'!$R:$R,"IRRIGATED")/AVERAGEIFS('Data(perSeason,perCrop)'!$F:$F,'Data(perSeason,perCrop)'!$S:$S,Indicators!$B63,'Data(perSeason,perCrop)'!$O:$O,0,'Data(perSeason,perCrop)'!$C:$C,Indicators!K$3,'Data(perSeason,perCrop)'!$R:$R,"IRRIGATED"),"") -> 0.29908257 | L63: =IF(L16>0,1-AVERAGEIFS('Data(perSeason,perCrop)'!$E:$E,'Data(perSeason,perCrop)'!$S:$S,Indicators!$B63,'Data(perSeason,perCrop)'!$O:$O,0,'Data(perSeason,perCrop)'!$C:$C,Indicators!L$3,'Data(perSeason,perCrop)'!$R:$R,"IRRIGATED")/AVERAGEIFS('Data(perSeason,perCrop)'!$F:$F,'Data(perSeason,perCrop)'!$S:$S,Indicators!$B63,'Data(perSeason,perCrop)'!$O:$O,0,'Data(perSeason,perCrop)'!$C:$C,Indicators!L$3,'Data(perSeason,perCrop)'!$R:$R,"IRRIGATED"),"") -> 0.2343949 | M63: =IF(M16>0,1-AVERAGEIFS('Data(perSeason,perCrop)'!$E:$E,'Data(perSeason,perCrop)'!$S:$S,Indicators!$B63,'Data(perSeason,perCrop)'!$O:$O,0,'Data(perSeason,perCrop)'!$C:$C,Indicators!M$3,'Data(perSeason,perCrop)'!$R:$R,"IRRIGATED")/AVERAGEIFS('Data(perSeason,perCrop)'!$F:$F,'Data(perSeason,perCrop)'!$S:$S,Indicators!$B63,'Data(perSeason,perCrop)'!$O:$O,0,'Data(perSeason,perCrop)'!$C:$C,Indicators!M$3,'Data(perSeason,perCrop)'!$R:$R,"IRRIGATED"),"") -> 0.18697226 | N63: =IF(N16>0,1-AVERAGEIFS('Data(perSeason,perCrop)'!$E:$E,'Data(perSeason,perCrop)'!$S:$S,Indicators!$B63,'Data(perSeason,perCrop)'!$O:$O,0,'Data(perSeason,perCrop)'!$C:$C,Indicators!N$3,'Data(perSeason,perCrop)'!$R:$R,"IRRIGATED")/AVERAGEIFS('Data(perSeason,perCrop)'!$F:$F,'Data(perSeason,perCrop)'!$S:$S,Indicators!$B63,'Data(perSeason,perCrop)'!$O:$O,0,'Data(perSeason,perCrop)'!$C:$C,Indicators!N$3,'Data(perSeason,perCrop)'!$R:$R,"IRRIGATED"),"") -> 0.11212397 | O63: =IF(O16>0,1-AVERAGEIFS('Data(perSeason,perCrop)'!$E:$E,'Data(perSeason,perCrop)'!$S:$S,Indicators!$B63,'Data(perSeason,perCrop)'!$O:$O,0,'Data(perSeason,perCrop)'!$C:$C,Indicators!O$3,'Data(perSeason,perCrop)'!$R:$R,"IRRIGATED")/AVERAGEIFS('Data(perSeason,perCrop)'!$F:$F,'Data(perSeason,perCrop)'!$S:$S,Indicators!$B63,'Data(perSeason,perCrop)'!$O:$O,0,'Data(perSeason,perCrop)'!$C:$C,Indicators!O$3,'Data(perSeason,perCrop)'!$R:$R,"IRRIGATED"),"") -> 0.2 | P63: =IF(P16>0,1-AVERAGEIFS('Data(perSeason,perCrop)'!$E:$E,'Data(perSeason,perCrop)'!$S:$S,Indicators!$B63,'Data(perSeason,perCrop)'!$O:$O,0,'Data(perSeason,perCrop)'!$C:$C,Indicators!P$3,'Data(perSeason,perCrop)'!$R:$R,"IRRIGATED")/AVERAGEIFS('Data(perSeason,perCrop)'!$F:$F,'Data(perSeason,perCrop)'!$S:$S,Indicators!$B63,'Data(perSeason,perCrop)'!$O:$O,0,'Data(perSeason,perCrop)'!$C:$C,Indicators!P$3,'Data(perSeason,perCrop)'!$R:$R,"IRRIGATED"),"") -> 0.42690815 | Q63: =IF(Q16>0,1-AVERAGEIFS('Data(perSeason,perCrop)'!$E:$E,'Data(perSeason,perCrop)'!$S:$S,Indicators!$B63,'Data(perSeason,perCrop)'!$O:$O,0,'Data(perSeason,perCrop)'!$C:$C,Indicators!Q$3,'Data(perSeason,perCrop)'!$R:$R,"IRRIGATED")/AVERAGEIFS('Data(perSeason,perCrop)'!$F:$F,'Data(perSeason,perCrop)'!$S:$S,Indicators!$B63,'Data(perSeason,perCrop)'!$O:$O,0,'Data(perSeason,perCrop)'!$C:$C,Indicators!Q$3,'Data(perSeason,perCrop)'!$R:$R,"IRRIGATED"),"") -> 0.15345005 | R63: =IF(R16>0,1-AVERAGEIFS('Data(perSeason,perCrop)'!$E:$E,'Data(perSeason,perCrop)'!$S:$S,Indicators!$B63,'Data(perSeason,perCrop)'!$O:$O,0,'Data(perSeason,perCrop)'!$C:$C,Indicators!R$3,'Data(perSeason,perCrop)'!$R:$R,"IRRIGATED")/AVERAGEIFS('Data(perSeason,perCrop)'!$F:$F,'Data(perSeason,perCrop)'!$S:$S,Indicators!$B63,'Data(perSeason,perCrop)'!$O:$O,0,'Data(perSeason,perCrop)'!$C:$C,Indicators!R$3,'Data(perSeason,perCrop)'!$R:$R,"IRRIGATED"),"") -> 0.26900585 | S63: =IF(S16>0,1-AVERAGEIFS('Data(perSeason,perCrop)'!$E:$E,'Data(perSeason,perCrop)'!$S:$S,Indicators!$B63,'Data(perSeason,perCrop)'!$O:$O,S$7,'Data(perSeason,perCrop)'!$C:$C,Indicators!S$3,'Data(perSeason,perCrop)'!$R:$R,"IRRIGATED")/AVERAGEIFS('Data(perSeason,perCrop)'!$F:$F,'Data(perSeason,perCrop)'!$S:$S,Indicators!$B63,'Data(perSeason,perCrop)'!$O:$O,S$7,'Data(perSeason,perCrop)'!$C:$C,Indicators!S$3,'Data(perSeason,perCrop)'!$R:$R,"IRRIGATED"),"") | T63: =IF(T16>0,1-AVERAGEIFS('Data(perSeason,perCrop)'!$E:$E,'Data(perSeason,perCrop)'!$S:$S,Indicators!$B63,'Data(perSeason,perCrop)'!$O:$O,T$7,'Data(perSeason,perCrop)'!$C:$C,Indicators!T$3,'Data(perSeason,perCrop)'!$R:$R,"IRRIGATED")/AVERAGEIFS('Data(perSeason,perCrop)'!$F:$F,'Data(perSeason,perCrop)'!$S:$S,Indicators!$B63,'Data(perSeason,perCrop)'!$O:$O,T$7,'Data(perSeason,perCrop)'!$C:$C,Indicators!T$3,'Data(perSeason,perCrop)'!$R:$R,"IRRIGATED"),"") -> 0.25157233 | U63: =IF(U16>0,1-AVERAGEIFS('Data(perSeason,perCrop)'!$E:$E,'Data(perSeason,perCrop)'!$S:$S,Indicators!$B63,'Data(perSeason,perCrop)'!$O:$O,U$7,'Data(perSeason,perCrop)'!$C:$C,Indicators!U$3,'Data(perSeason,perCrop)'!$R:$R,"IRRIGATED")/AVERAGEIFS('Data(perSeason,perCrop)'!$F:$F,'Data(perSeason,perCrop)'!$S:$S,Indicators!$B63,'Data(perSeason,perCrop)'!$O:$O,U$7,'Data(perSeason,perCrop)'!$C:$C,Indicators!U$3,'Data(perSeason,perCrop)'!$R:$R,"IRRIGATED"),"") | V63: =IF(V16>0,1-AVERAGEIFS('Data(perSeason,perCrop)'!$E:$E,'Data(perSeason,perCrop)'!$S:$S,Indicators!$B63,'Data(perSeason,perCrop)'!$O:$O,V$7,'Data(perSeason,perCrop)'!$C:$C,Indicators!V$3,'Data(perSeason,perCrop)'!$R:$R,"IRRIGATED")/AVERAGEIFS('Data(perSeason,perCrop)'!$F:$F,'Data(perSeason,perCrop)'!$S:$S,Indicators!$B63,'Data(perSeason,perCrop)'!$O:$O,V$7,'Data(perSeason,perCrop)'!$C:$C,Indicators!V$3,'Data(perSeason,perCrop)'!$R:$R,"IRRIGATED"),"") | W63: =IF(W16>0,1-AVERAGEIFS('Data(perSeason,perCrop)'!$E:$E,'Data(perSeason,perCrop)'!$S:$S,Indicators!$B63,'Data(perSeason,perCrop)'!$O:$O,W$7,'Data(perSeason,perCrop)'!$C:$C,Indicators!W$3,'Data(perSeason,perCrop)'!$R:$R,"IRRIGATED")/AVERAGEIFS('Data(perSeason,perCrop)'!$F:$F,'Data(perSeason,perCrop)'!$S:$S,Indicators!$B63,'Data(perSeason,perCrop)'!$O:$O,W$7,'Data(perSeason,perCrop)'!$C:$C,Indicators!W$3,'Data(perSeason,perCrop)'!$R:$R,"IRRIGATED"),"") | X63: =IF(X16>0,1-AVERAGEIFS('Data(perSeason,perCrop)'!$E:$E,'Data(perSeason,perCrop)'!$S:$S,Indicators!$B63,'Data(perSeason,perCrop)'!$O:$O,X$7,'Data(perSeason,perCrop)'!$C:$C,Indicators!X$3,'Data(perSeason,perCrop)'!$R:$R,"IRRIGATED")/AVERAGEIFS('Data(perSeason,perCrop)'!$F:$F,'Data(perSeason,perCrop)'!$S:$S,Indicators!$B63,'Data(perSeason,perCrop)'!$O:$O,X$7,'Data(perSeason,perCrop)'!$C:$C,Indicators!X$3,'Data(perSeason,perCrop)'!$R:$R,"IRRIGATED"),"") | Y63: =IF(Y16>0,1-AVERAGEIFS('Data(perSeason,perCrop)'!$E:$E,'Data(perSeason,perCrop)'!$S:$S,Indicators!$B63,'Data(perSeason,perCrop)'!$O:$O,Y$7,'Data(perSeason,perCrop)'!$C:$C,Indicators!Y$3,'Data(perSeason,perCrop)'!$R:$R,"IRRIGATED")/AVERAGEIFS('Data(perSeason,perCrop)'!$F:$F,'Data(perSeason,perCrop)'!$S:$S,Indicators!$B63,'Data(perSeason,perCrop)'!$O:$O,Y$7,'Data(perSeason,perCrop)'!$C:$C,Indicators!Y$3,'Data(perSeason,perCrop)'!$R:$R,"IRRIGATED"),"") | Z63: =IF(Z16>0,1-AVERAGEIFS('Data(perSeason,perCrop)'!$E:$E,'Data(perSeason,perCrop)'!$S:$S,Indicators!$B63,'Data(perSeason,perCrop)'!$O:$O,Z$7,'Data(perSeason,perCrop)'!$C:$C,Indicators!Z$3,'Data(perSeason,perCrop)'!$R:$R,"IRRIGATED")/AVERAGEIFS('Data(perSeason,perCrop)'!$F:$F,'Data(perSeason,perCrop)'!$S:$S,Indicators!$B63,'Data(perSeason,perCrop)'!$O:$O,Z$7,'Data(perSeason,perCrop)'!$C:$C,Indicators!Z$3,'Data(perSeason,perCrop)'!$R:$R,"IRRIGATED"),"") | ... DG63: =IF(DG16>0,1-AVERAGEIFS('Data(perSeason,perCrop)'!$E:$E,'Data(perSeason,perCrop)'!$S:$S,Indicators!$B63,'Data(perSeason,perCrop)'!$O:$O,DG$7,'Data(perSeason,perCrop)'!$C:$C,Indicators!DG$3,'Data(perSeason,perCrop)'!$R:$R,"IRRIGATED")/AVERAGEIFS('Data(perSeason,perCrop)'!$F:$F,'Data(perSeason,perCrop)'!$S:$S,Indicators!$B63,'Data(perSeason,perCrop)'!$O:$O,DG$7,'Data(perSeason,perCrop)'!$C:$C,Indicators!DG$3,'Data(perSeason,perCrop)'!$R:$R,"IRRIGATED"),"")
B64: 2020 | C64: =IF(COUNTIFS('Data(perSeason,perCrop)'!$S:$S,Indicators!$B64)>0,SUMPRODUCT(S17:AW17,S64:AW64)/SUM(S17:AW17),"") -> 0.17837009 | D64: =IF(COUNTIFS('Data(perSeason,perCrop)'!$S:$S,Indicators!$B64)>0,SUMPRODUCT(AX17:CB17,AX64:CB64)/SUM(AX17:CB17),"") -> 0.19518293 | E64: =IF(COUNTIFS('Data(perSeason,perCrop)'!$S:$S,Indicators!$B64)>0,SUMPRODUCT(CC17:DG17,CC64:DG64)/SUM(CC17:DG17),"") -> 0.19716989 | F64: =IF(COUNTIFS('Data(perSeason,perCrop)'!$S:$S,Indicators!$B64)>0,'Indicators(perCrop)'!X$38,"") -> 0.29111703 | J64: %/100 | K64: =IF(K17>0,1-AVERAGEIFS('Data(perSeason,perCrop)'!$E:$E,'Data(perSeason,perCrop)'!$S:$S,Indicators!$B64,'Data(perSeason,perCrop)'!$O:$O,0,'Data(perSeason,perCrop)'!$C:$C,Indicators!K$3,'Data(perSeason,perCrop)'!$R:$R,"IRRIGATED")/AVERAGEIFS('Data(perSeason,perCrop)'!$F:$F,'Data(perSeason,perCrop)'!$S:$S,Indicators!$B64,'Data(perSeason,perCrop)'!$O:$O,0,'Data(perSeason,perCrop)'!$C:$C,Indicators!K$3,'Data(perSeason,perCrop)'!$R:$R,"IRRIGATED"),"") -> 0.34744526 | L64: =IF(L17>0,1-AVERAGEIFS('Data(perSeason,perCrop)'!$E:$E,'Data(perSeason,perCrop)'!$S:$S,Indicators!$B64,'Data(perSeason,perCrop)'!$O:$O,0,'Data(perSeason,perCrop)'!$C:$C,Indicators!L$3,'Data(perSeason,perCrop)'!$R:$R,"IRRIGATED")/AVERAGEIFS('Data(perSeason,perCrop)'!$F:$F,'Data(perSeason,perCrop)'!$S:$S,Indicators!$B64,'Data(perSeason,perCrop)'!$O:$O,0,'Data(perSeason,perCrop)'!$C:$C,Indicators!L$3,'Data(perSeason,perCrop)'!$R:$R,"IRRIGATED"),"") -> 0.15923567 | M64: =IF(M17>0,1-AVERAGEIFS('Data(perSeason,perCrop)'!$E:$E,'Data(perSeason,perCrop)'!$S:$S,Indicators!$B64,'Data(perSeason,perCrop)'!$O:$O,0,'Data(perSeason,perCrop)'!$C:$C,Indicators!M$3,'Data(perSeason,perCrop)'!$R:$R,"IRRIGATED")/AVERAGEIFS('Data(perSeason,perCrop)'!$F:$F,'Data(perSeason,perCrop)'!$S:$S,Indicators!$B64,'Data(perSeason,perCrop)'!$O:$O,0,'Data(perSeason,perCrop)'!$C:$C,Indicators!M$3,'Data(perSeason,perCrop)'!$R:$R,"IRRIGATED"),"") -> 0.21685509 | N64: =IF(N17>0,1-AVERAGEIFS('Data(perSeason,perCrop)'!$E:$E,'Data(perSeason,perCrop)'!$S:$S,Indicators!$B64,'Data(perSeason,perCrop)'!$O:$O,0,'Data(perSeason,perCrop)'!$C:$C,Indicators!N$3,'Data(perSeason,perCrop)'!$R:$R,"IRRIGATED")/AVERAGEIFS('Data(perSeason,perCrop)'!$F:$F,'Data(perSeason,perCrop)'!$S:$S,Indicators!$B64,'Data(perSeason,perCrop)'!$O:$O,0,'Data(perSeason,perCrop)'!$C:$C,Indicators!N$3,'Data(perSeason,perCrop)'!$R:$R,"IRRIGATED"),"") -> 0.15538847 | O64: =IF(O17>0,1-AVERAGEIFS('Data(perSeason,perCrop)'!$E:$E,'Data(perSeason,perCrop)'!$S:$S,Indicators!$B64,'Data(perSeason,perCrop)'!$O:$O,0,'Data(perSeason,perCrop)'!$C:$C,Indicators!O$3,'Data(perSeason,perCrop)'!$R:$R,"IRRIGATED")/AVERAGEIFS('Data(perSeason,perCrop)'!$F:$F,'Data(perSeason,perCrop)'!$S:$S,Indicators!$B64,'Data(perSeason,perCrop)'!$O:$O,0,'Data(perSeason,perCrop)'!$C:$C,Indicators!O$3,'Data(perSeason,perCrop)'!$R:$R,"IRRIGATED"),"") -> 0.18632479 | P64: =IF(P17>0,1-AVERAGEIFS('Data(perSeason,perCrop)'!$E:$E,'Data(perSeason,perCrop)'!$S:$S,Indicators!$B64,'Data(perSeason,perCrop)'!$O:$O,0,'Data(perSeason,perCrop)'!$C:$C,Indicators!P$3,'Data(perSeason,perCrop)'!$R:$R,"IRRIGATED")/AVERAGEIFS('Data(perSeason,perCrop)'!$F:$F,'Data(perSeason,perCrop)'!$S:$S,Indicators!$B64,'Data(perSeason,perCrop)'!$O:$O,0,'Data(perSeason,perCrop)'!$C:$C,Indicators!P$3,'Data(perSeason,perCrop)'!$R:$R,"IRRIGATED"),"") | Q64: =IF(Q17>0,1-AVERAGEIFS('Data(perSeason,perCrop)'!$E:$E,'Data(perSeason,perCrop)'!$S:$S,Indicators!$B64,'Data(perSeason,perCrop)'!$O:$O,0,'Data(perSeason,perCrop)'!$C:$C,Indicators!Q$3,'Data(perSeason,perCrop)'!$R:$R,"IRRIGATED")/AVERAGEIFS('Data(perSeason,perCrop)'!$F:$F,'Data(perSeason,perCrop)'!$S:$S,Indicators!$B64,'Data(perSeason,perCrop)'!$O:$O,0,'Data(perSeason,perCrop)'!$C:$C,Indicators!Q$3,'Data(perSeason,perCrop)'!$R:$R,"IRRIGATED"),"") -> 0.17449664 | R64: =IF(R17>0,1-AVERAGEIFS('Data(perSeason,perCrop)'!$E:$E,'Data(perSeason,perCrop)'!$S:$S,Indicators!$B64,'Data(perSeason,perCrop)'!$O:$O,0,'Data(perSeason,perCrop)'!$C:$C,Indicators!R$3,'Data(perSeason,perCrop)'!$R:$R,"IRRIGATED")/AVERAGEIFS('Data(perSeason,perCrop)'!$F:$F,'Data(perSeason,perCrop)'!$S:$S,Indicators!$B64,'Data(perSeason,perCrop)'!$O:$O,0,'Data(perSeason,perCrop)'!$C:$C,Indicators!R$3,'Data(perSeason,perCrop)'!$R:$R,"IRRIGATED"),"") | S64: =IF(S17>0,1-AVERAGEIFS('Data(perSeason,perCrop)'!$E:$E,'Data(perSeason,perCrop)'!$S:$S,Indicators!$B64,'Data(perSeason,perCrop)'!$O:$O,S$7,'Data(perSeason,perCrop)'!$C:$C,Indicators!S$3,'Data(perSeason,perCrop)'!$R:$R,"IRRIGATED")/AVERAGEIFS('Data(perSeason,perCrop)'!$F:$F,'Data(perSeason,perCrop)'!$S:$S,Indicators!$B64,'Data(perSeason,perCrop)'!$O:$O,S$7,'Data(perSeason,perCrop)'!$C:$C,Indicators!S$3,'Data(perSeason,perCrop)'!$R:$R,"IRRIGATED"),"") | T64: =IF(T17>0,1-AVERAGEIFS('Data(perSeason,perCrop)'!$E:$E,'Data(perSeason,perCrop)'!$S:$S,Indicators!$B64,'Data(perSeason,perCrop)'!$O:$O,T$7,'Data(perSeason,perCrop)'!$C:$C,Indicators!T$3,'Data(perSeason,perCrop)'!$R:$R,"IRRIGATED")/AVERAGEIFS('Data(perSeason,perCrop)'!$F:$F,'Data(perSeason,perCrop)'!$S:$S,Indicators!$B64,'Data(perSeason,perCrop)'!$O:$O,T$7,'Data(perSeason,perCrop)'!$C:$C,Indicators!T$3,'Data(perSeason,perCrop)'!$R:$R,"IRRIGATED"),"") -> 0.2173913 | U64: =IF(U17>0,1-AVERAGEIFS('Data(perSeason,perCrop)'!$E:$E,'Data(perSeason,perCrop)'!$S:$S,Indicators!$B64,'Data(perSeason,perCrop)'!$O:$O,U$7,'Data(perSeason,perCrop)'!$C:$C,Indicators!U$3,'Data(perSeason,perCrop)'!$R:$R,"IRRIGATED")/AVERAGEIFS('Data(perSeason,perCrop)'!$F:$F,'Data(perSeason,perCrop)'!$S:$S,Indicators!$B64,'Data(perSeason,perCrop)'!$O:$O,U$7,'Data(perSeason,perCrop)'!$C:$C,Indicators!U$3,'Data(perSeason,perCrop)'!$R:$R,"IRRIGATED"),"") | V64: =IF(V17>0,1-AVERAGEIFS('Data(perSeason,perCrop)'!$E:$E,'Data(perSeason,perCrop)'!$S:$S,Indicators!$B64,'Data(perSeason,perCrop)'!$O:$O,V$7,'Data(perSeason,perCrop)'!$C:$C,Indicators!V$3,'Data(perSeason,perCrop)'!$R:$R,"IRRIGATED")/AVERAGEIFS('Data(perSeason,perCrop)'!$F:$F,'Data(perSeason,perCrop)'!$S:$S,Indicators!$B64,'Data(perSeason,perCrop)'!$O:$O,V$7,'Data(perSeason,perCrop)'!$C:$C,Indicators!V$3,'Data(perSeason,perCrop)'!$R:$R,"IRRIGATED"),"") | W64: =IF(W17>0,1-AVERAGEIFS('Data(perSeason,perCrop)'!$E:$E,'Data(perSeason,perCrop)'!$S:$S,Indicators!$B64,'Data(perSeason,perCrop)'!$O:$O,W$7,'Data(perSeason,perCrop)'!$C:$C,Indicators!W$3,'Data(perSeason,perCrop)'!$R:$R,"IRRIGATED")/AVERAGEIFS('Data(perSeason,perCrop)'!$F:$F,'Data(perSeason,perCrop)'!$S:$S,Indicators!$B64,'Data(perSeason,perCrop)'!$O:$O,W$7,'Data(perSeason,perCrop)'!$C:$C,Indicators!W$3,'Data(perSeason,perCrop)'!$R:$R,"IRRIGATED"),"") | X64: =IF(X17>0,1-AVERAGEIFS('Data(perSeason,perCrop)'!$E:$E,'Data(perSeason,perCrop)'!$S:$S,Indicators!$B64,'Data(perSeason,perCrop)'!$O:$O,X$7,'Data(perSeason,perCrop)'!$C:$C,Indicators!X$3,'Data(perSeason,perCrop)'!$R:$R,"IRRIGATED")/AVERAGEIFS('Data(perSeason,perCrop)'!$F:$F,'Data(perSeason,perCrop)'!$S:$S,Indicators!$B64,'Data(perSeason,perCrop)'!$O:$O,X$7,'Data(perSeason,perCrop)'!$C:$C,Indicators!X$3,'Data(perSeason,perCrop)'!$R:$R,"IRRIGATED"),"") | Y64: =IF(Y17>0,1-AVERAGEIFS('Data(perSeason,perCrop)'!$E:$E,'Data(perSeason,perCrop)'!$S:$S,Indicators!$B64,'Data(perSeason,perCrop)'!$O:$O,Y$7,'Data(perSeason,perCrop)'!$C:$C,Indicators!Y$3,'Data(perSeason,perCrop)'!$R:$R,"IRRIGATED")/AVERAGEIFS('Data(perSeason,perCrop)'!$F:$F,'Data(perSeason,perCrop)'!$S:$S,Indicators!$B64,'Data(perSeason,perCrop)'!$O:$O,Y$7,'Data(perSeason,perCrop)'!$C:$C,Indicators!Y$3,'Data(perSeason,perCrop)'!$R:$R,"IRRIGATED"),"") | Z64: =IF(Z17>0,1-AVERAGEIFS('Data(perSeason,perCrop)'!$E:$E,'Data(perSeason,perCrop)'!$S:$S,Indicators!$B64,'Data(perSeason,perCrop)'!$O:$O,Z$7,'Data(perSeason,perCrop)'!$C:$C,Indicators!Z$3,'Data(perSeason,perCrop)'!$R:$R,"IRRIGATED")/AVERAGEIFS('Data(perSeason,perCrop)'!$F:$F,'Data(perSeason,perCrop)'!$S:$S,Indicators!$B64,'Data(perSeason,perCrop)'!$O:$O,Z$7,'Data(perSeason,perCrop)'!$C:$C,Indicators!Z$3,'Data(perSeason,perCrop)'!$R:$R,"IRRIGATED"),"") | ... DG64: =IF(DG17>0,1-AVERAGEIFS('Data(perSeason,perCrop)'!$E:$E,'Data(perSeason,perCrop)'!$S:$S,Indicators!$B64,'Data(perSeason,perCrop)'!$O:$O,DG$7,'Data(perSeason,perCrop)'!$C:$C,Indicators!DG$3,'Data(perSeason,perCrop)'!$R:$R,"IRRIGATED")/AVERAGEIFS('Data(perSeason,perCrop)'!$F:$F,'Data(perSeason,perCrop)'!$S:$S,Indicators!$B64,'Data(perSeason,perCrop)'!$O:$O,DG$7,'Data(perSeason,perCrop)'!$C:$C,Indicators!DG$3,'Data(perSeason,perCrop)'!$R:$R,"IRRIGATED"),"")
B65: 2021 | C65: =IF(COUNTIFS('Data(perSeason,perCrop)'!$S:$S,Indicators!$B65)>0,SUMPRODUCT(S18:AW18,S65:AW65)/SUM(S18:AW18),"") -> 0.22996328 | D65: =IF(COUNTIFS('Data(perSeason,perCrop)'!$S:$S,Indicators!$B65)>0,SUMPRODUCT(AX18:CB18,AX65:CB65)/SUM(AX18:CB18),"") -> 0.20604179 | E65: =IF(COUNTIFS('Data(perSeason,perCrop)'!$S:$S,Indicators!$B65)>0,SUMPRODUCT(CC18:DG18,CC65:DG65)/SUM(CC18:DG18),"") -> 0.17901165 | F65: =IF(COUNTIFS('Data(perSeason,perCrop)'!$S:$S,Indicators!$B65)>0,'Indicators(perCrop)'!Y$38,"") -> 0.25664981 | J65: %/100 | K65: =IF(K18>0,1-AVERAGEIFS('Data(perSeason,perCrop)'!$E:$E,'Data(perSeason,perCrop)'!$S:$S,Indicators!$B65,'Data(perSeason,perCrop)'!$O:$O,0,'Data(perSeason,perCrop)'!$C:$C,Indicators!K$3,'Data(perSeason,perCrop)'!$R:$R,"IRRIGATED")/AVERAGEIFS('Data(perSeason,perCrop)'!$F:$F,'Data(perSeason,perCrop)'!$S:$S,Indicators!$B65,'Data(perSeason,perCrop)'!$O:$O,0,'Data(perSeason,perCrop)'!$C:$C,Indicators!K$3,'Data(perSeason,perCrop)'!$R:$R,"IRRIGATED"),"") -> 0.27669173 | L65: =IF(L18>0,1-AVERAGEIFS('Data(perSeason,perCrop)'!$E:$E,'Data(perSeason,perCrop)'!$S:$S,Indicators!$B65,'Data(perSeason,perCrop)'!$O:$O,0,'Data(perSeason,perCrop)'!$C:$C,Indicators!L$3,'Data(perSeason,perCrop)'!$R:$R,"IRRIGATED")/AVERAGEIFS('Data(perSeason,perCrop)'!$F:$F,'Data(perSeason,perCrop)'!$S:$S,Indicators!$B65,'Data(perSeason,perCrop)'!$O:$O,0,'Data(perSeason,perCrop)'!$C:$C,Indicators!L$3,'Data(perSeason,perCrop)'!$R:$R,"IRRIGATED"),"") -> 0.14827586 | M65: =IF(M18>0,1-AVERAGEIFS('Data(perSeason,perCrop)'!$E:$E,'Data(perSeason,perCrop)'!$S:$S,Indicators!$B65,'Data(perSeason,perCrop)'!$O:$O,0,'Data(perSeason,perCrop)'!$C:$C,Indicators!M$3,'Data(perSeason,perCrop)'!$R:$R,"IRRIGATED")/AVERAGEIFS('Data(perSeason,perCrop)'!$F:$F,'Data(perSeason,perCrop)'!$S:$S,Indicators!$B65,'Data(perSeason,perCrop)'!$O:$O,0,'Data(perSeason,perCrop)'!$C:$C,Indicators!M$3,'Data(perSeason,perCrop)'!$R:$R,"IRRIGATED"),"") -> 0.1752361 | N65: =IF(N18>0,1-AVERAGEIFS('Data(perSeason,perCrop)'!$E:$E,'Data(perSeason,perCrop)'!$S:$S,Indicators!$B65,'Data(perSeason,perCrop)'!$O:$O,0,'Data(perSeason,perCrop)'!$C:$C,Indicators!N$3,'Data(perSeason,perCrop)'!$R:$R,"IRRIGATED")/AVERAGEIFS('Data(perSeason,perCrop)'!$F:$F,'Data(perSeason,perCrop)'!$S:$S,Indicators!$B65,'Data(perSeason,perCrop)'!$O:$O,0,'Data(perSeason,perCrop)'!$C:$C,Indicators!N$3,'Data(perSeason,perCrop)'!$R:$R,"IRRIGATED"),"") -> 0.19946092 | O65: =IF(O18>0,1-AVERAGEIFS('Data(perSeason,perCrop)'!$E:$E,'Data(perSeason,perCrop)'!$S:$S,Indicators!$B65,'Data(perSeason,perCrop)'!$O:$O,0,'Data(perSeason,perCrop)'!$C:$C,Indicators!O$3,'Data(perSeason,perCrop)'!$R:$R,"IRRIGATED")/AVERAGEIFS('Data(perSeason,perCrop)'!$F:$F,'Data(perSeason,perCrop)'!$S:$S,Indicators!$B65,'Data(perSeason,perCrop)'!$O:$O,0,'Data(perSeason,perCrop)'!$C:$C,Indicators!O$3,'Data(perSeason,perCrop)'!$R:$R,"IRRIGATED"),"") -> 0.17485265 | P65: =IF(P18>0,1-AVERAGEIFS('Data(perSeason,perCrop)'!$E:$E,'Data(perSeason,perCrop)'!$S:$S,Indicators!$B65,'Data(perSeason,perCrop)'!$O:$O,0,'Data(perSeason,perCrop)'!$C:$C,Indicators!P$3,'Data(perSeason,perCrop)'!$R:$R,"IRRIGATED")/AVERAGEIFS('Data(perSeason,perCrop)'!$F:$F,'Data(perSeason,perCrop)'!$S:$S,Indicators!$B65,'Data(perSeason,perCrop)'!$O:$O,0,'Data(perSeason,perCrop)'!$C:$C,Indicators!P$3,'Data(perSeason,perCrop)'!$R:$R,"IRRIGATED"),"") -> 0.43351548 | Q65: =IF(Q18>0,1-AVERAGEIFS('Data(perSeason,perCrop)'!$E:$E,'Data(perSeason,perCrop)'!$S:$S,Indicators!$B65,'Data(perSeason,perCrop)'!$O:$O,0,'Data(perSeason,perCrop)'!$C:$C,Indicators!Q$3,'Data(perSeason,perCrop)'!$R:$R,"IRRIGATED")/AVERAGEIFS('Data(perSeason,perCrop)'!$F:$F,'Data(perSeason,perCrop)'!$S:$S,Indicators!$B65,'Data(perSeason,perCrop)'!$O:$O,0,'Data(perSeason,perCrop)'!$C:$C,Indicators!Q$3,'Data(perSeason,perCrop)'!$R:$R,"IRRIGATED"),"") -> 0.14271357 | R65: =IF(R18>0,1-AVERAGEIFS('Data(perSeason,perCrop)'!$E:$E,'Data(perSeason,perCrop)'!$S:$S,Indicators!$B65,'Data(perSeason,perCrop)'!$O:$O,0,'Data(perSeason,perCrop)'!$C:$C,Indicators!R$3,'Data(perSeason,perCrop)'!$R:$R,"IRRIGATED")/AVERAGEIFS('Data(perSeason,perCrop)'!$F:$F,'Data(perSeason,perCrop)'!$S:$S,Indicators!$B65,'Data(perSeason,perCrop)'!$O:$O,0,'Data(perSeason,perCrop)'!$C:$C,Indicators!R$3,'Data(perSeason,perCrop)'!$R:$R,"IRRIGATED"),"") | S65: =IF(S18>0,1-AVERAGEIFS('Data(perSeason,perCrop)'!$E:$E,'Data(perSeason,perCrop)'!$S:$S,Indicators!$B65,'Data(perSeason,perCrop)'!$O:$O,S$7,'Data(perSeason,perCrop)'!$C:$C,Indicators!S$3,'Data(perSeason,perCrop)'!$R:$R,"IRRIGATED")/AVERAGEIFS('Data(perSeason,perCrop)'!$F:$F,'Data(perSeason,perCrop)'!$S:$S,Indicators!$B65,'Data(perSeason,perCrop)'!$O:$O,S$7,'Data(perSeason,perCrop)'!$C:$C,Indicators!S$3,'Data(perSeason,perCrop)'!$R:$R,"IRRIGATED"),"") | T65: =IF(T18>0,1-AVERAGEIFS('Data(perSeason,perCrop)'!$E:$E,'Data(perSeason,perCrop)'!$S:$S,Indicators!$B65,'Data(perSeason,perCrop)'!$O:$O,T$7,'Data(perSeason,perCrop)'!$C:$C,Indicators!T$3,'Data(perSeason,perCrop)'!$R:$R,"IRRIGATED")/AVERAGEIFS('Data(perSeason,perCrop)'!$F:$F,'Data(perSeason,perCrop)'!$S:$S,Indicators!$B65,'Data(perSeason,perCrop)'!$O:$O,T$7,'Data(perSeason,perCrop)'!$C:$C,Indicators!T$3,'Data(perSeason,perCrop)'!$R:$R,"IRRIGATED"),"") -> 0.23943662 | U65: =IF(U18>0,1-AVERAGEIFS('Data(perSeason,perCrop)'!$E:$E,'Data(perSeason,perCrop)'!$S:$S,Indicators!$B65,'Data(perSeason,perCrop)'!$O:$O,U$7,'Data(perSeason,perCrop)'!$C:$C,Indicators!U$3,'Data(perSeason,perCrop)'!$R:$R,"IRRIGATED")/AVERAGEIFS('Data(perSeason,perCrop)'!$F:$F,'Data(perSeason,perCrop)'!$S:$S,Indicators!$B65,'Data(perSeason,perCrop)'!$O:$O,U$7,'Data(perSeason,perCrop)'!$C:$C,Indicators!U$3,'Data(perSeason,perCrop)'!$R:$R,"IRRIGATED"),"") | V65: =IF(V18>0,1-AVERAGEIFS('Data(perSeason,perCrop)'!$E:$E,'Data(perSeason,perCrop)'!$S:$S,Indicators!$B65,'Data(perSeason,perCrop)'!$O:$O,V$7,'Data(perSeason,perCrop)'!$C:$C,Indicators!V$3,'Data(perSeason,perCrop)'!$R:$R,"IRRIGATED")/AVERAGEIFS('Data(perSeason,perCrop)'!$F:$F,'Data(perSeason,perCrop)'!$S:$S,Indicators!$B65,'Data(perSeason,perCrop)'!$O:$O,V$7,'Data(perSeason,perCrop)'!$C:$C,Indicators!V$3,'Data(perSeason,perCrop)'!$R:$R,"IRRIGATED"),"") | W65: =IF(W18>0,1-AVERAGEIFS('Data(perSeason,perCrop)'!$E:$E,'Data(perSeason,perCrop)'!$S:$S,Indicators!$B65,'Data(perSeason,perCrop)'!$O:$O,W$7,'Data(perSeason,perCrop)'!$C:$C,Indicators!W$3,'Data(perSeason,perCrop)'!$R:$R,"IRRIGATED")/AVERAGEIFS('Data(perSeason,perCrop)'!$F:$F,'Data(perSeason,perCrop)'!$S:$S,Indicators!$B65,'Data(perSeason,perCrop)'!$O:$O,W$7,'Data(perSeason,perCrop)'!$C:$C,Indicators!W$3,'Data(perSeason,perCrop)'!$R:$R,"IRRIGATED"),"") | X65: =IF(X18>0,1-AVERAGEIFS('Data(perSeason,perCrop)'!$E:$E,'Data(perSeason,perCrop)'!$S:$S,Indicators!$B65,'Data(perSeason,perCrop)'!$O:$O,X$7,'Data(perSeason,perCrop)'!$C:$C,Indicators!X$3,'Data(perSeason,perCrop)'!$R:$R,"IRRIGATED")/AVERAGEIFS('Data(perSeason,perCrop)'!$F:$F,'Data(perSeason,perCrop)'!$S:$S,Indicators!$B65,'Data(perSeason,perCrop)'!$O:$O,X$7,'Data(perSeason,perCrop)'!$C:$C,Indicators!X$3,'Data(perSeason,perCrop)'!$R:$R,"IRRIGATED"),"") | Y65: =IF(Y18>0,1-AVERAGEIFS('Data(perSeason,perCrop)'!$E:$E,'Data(perSeason,perCrop)'!$S:$S,Indicators!$B65,'Data(perSeason,perCrop)'!$O:$O,Y$7,'Data(perSeason,perCrop)'!$C:$C,Indicators!Y$3,'Data(perSeason,perCrop)'!$R:$R,"IRRIGATED")/AVERAGEIFS('Data(perSeason,perCrop)'!$F:$F,'Data(perSeason,perCrop)'!$S:$S,Indicators!$B65,'Data(perSeason,perCrop)'!$O:$O,Y$7,'Data(perSeason,perCrop)'!$C:$C,Indicators!Y$3,'Data(perSeason,perCrop)'!$R:$R,"IRRIGATED"),"") | Z65: =IF(Z18>0,1-AVERAGEIFS('Data(perSeason,perCrop)'!$E:$E,'Data(perSeason,perCrop)'!$S:$S,Indicators!$B65,'Data(perSeason,perCrop)'!$O:$O,Z$7,'Data(perSeason,perCrop)'!$C:$C,Indicators!Z$3,'Data(perSeason,perCrop)'!$R:$R,"IRRIGATED")/AVERAGEIFS('Data(perSeason,perCrop)'!$F:$F,'Data(perSeason,perCrop)'!$S:$S,Indicators!$B65,'Data(perSeason,perCrop)'!$O:$O,Z$7,'Data(perSeason,perCrop)'!$C:$C,Indicators!Z$3,'Data(perSeason,perCrop)'!$R:$R,"IRRIGATED"),"") | ... DG65: =IF(DG18>0,1-AVERAGEIFS('Data(perSeason,perCrop)'!$E:$E,'Data(perSeason,perCrop)'!$S:$S,Indicators!$B65,'Data(perSeason,perCrop)'!$O:$O,DG$7,'Data(perSeason,perCrop)'!$C:$C,Indicators!DG$3,'Data(perSeason,perCrop)'!$R:$R,"IRRIGATED")/AVERAGEIFS('Data(perSeason,perCrop)'!$F:$F,'Data(perSeason,perCrop)'!$S:$S,Indicators!$B65,'Data(perSeason,perCrop)'!$O:$O,DG$7,'Data(perSeason,perCrop)'!$C:$C,Indicators!DG$3,'Data(perSeason,perCrop)'!$R:$R,"IRRIGATED"),"")
B66: 2022 | C66: =IF(COUNTIFS('Data(perSeason,perCrop)'!$S:$S,Indicators!$B66)>0,SUMPRODUCT(S19:AW19,S66:AW66)/SUM(S19:AW19),"") -> 0.15256733 | D66: =IF(COUNTIFS('Data(perSeason,perCrop)'!$S:$S,Indicators!$B66)>0,SUMPRODUCT(AX19:CB19,AX66:CB66)/SUM(AX19:CB19),"") -> 0.20859179 | E66: =IF(COUNTIFS('Data(perSeason,perCrop)'!$S:$S,Indicators!$B66)>0,SUMPRODUCT(CC19:DG19,CC66:DG66)/SUM(CC19:DG19),"") -> 0.2070099 | F66: =IF(COUNTIFS('Data(perSeason,perCrop)'!$S:$S,Indicators!$B66)>0,'Indicators(perCrop)'!Z$38,"") -> 0.20567695 | J66: %/100 | K66: =IF(K19>0,1-AVERAGEIFS('Data(perSeason,perCrop)'!$E:$E,'Data(perSeason,perCrop)'!$S:$S,Indicators!$B66,'Data(perSeason,perCrop)'!$O:$O,0,'Data(perSeason,perCrop)'!$C:$C,Indicators!K$3,'Data(perSeason,perCrop)'!$R:$R,"IRRIGATED")/AVERAGEIFS('Data(perSeason,perCrop)'!$F:$F,'Data(perSeason,perCrop)'!$S:$S,Indicators!$B66,'Data(perSeason,perCrop)'!$O:$O,0,'Data(perSeason,perCrop)'!$C:$C,Indicators!K$3,'Data(perSeason,perCrop)'!$R:$R,"IRRIGATED"),"") | L66: =IF(L19>0,1-AVERAGEIFS('Data(perSeason,perCrop)'!$E:$E,'Data(perSeason,perCrop)'!$S:$S,Indicators!$B66,'Data(perSeason,perCrop)'!$O:$O,0,'Data(perSeason,perCrop)'!$C:$C,Indicators!L$3,'Data(perSeason,perCrop)'!$R:$R,"IRRIGATED")/AVERAGEIFS('Data(perSeason,perCrop)'!$F:$F,'Data(perSeason,perCrop)'!$S:$S,Indicators!$B66,'Data(perSeason,perCrop)'!$O:$O,0,'Data(perSeason,perCrop)'!$C:$C,Indicators!L$3,'Data(perSeason,perCrop)'!$R:$R,"IRRIGATED"),"") | M66: =IF(M19>0,1-AVERAGEIFS('Data(perSeason,perCrop)'!$E:$E,'Data(perSeason,perCrop)'!$S:$S,Indicators!$B66,'Data(perSeason,perCrop)'!$O:$O,0,'Data(perSeason,perCrop)'!$C:$C,Indicators!M$3,'Data(perSeason,perCrop)'!$R:$R,"IRRIGATED")/AVERAGEIFS('Data(perSeason,perCrop)'!$F:$F,'Data(perSeason,perCrop)'!$S:$S,Indicators!$B66,'Data(perSeason,perCrop)'!$O:$O,0,'Data(perSeason,perCrop)'!$C:$C,Indicators!M$3,'Data(perSeason,perCrop)'!$R:$R,"IRRIGATED"),"") | N66: =IF(N19>0,1-AVERAGEIFS('Data(perSeason,perCrop)'!$E:$E,'Data(perSeason,perCrop)'!$S:$S,Indicators!$B66,'Data(perSeason,perCrop)'!$O:$O,0,'Data(perSeason,perCrop)'!$C:$C,Indicators!N$3,'Data(perSeason,perCrop)'!$R:$R,"IRRIGATED")/AVERAGEIFS('Data(perSeason,perCrop)'!$F:$F,'Data(perSeason,perCrop)'!$S:$S,Indicators!$B66,'Data(perSeason,perCrop)'!$O:$O,0,'Data(perSeason,perCrop)'!$C:$C,Indicators!N$3,'Data(perSeason,perCrop)'!$R:$R,"IRRIGATED"),"") -> 0.12867956 | O66: =IF(O19>0,1-AVERAGEIFS('Data(perSeason,perCrop)'!$E:$E,'Data(perSeason,perCrop)'!$S:$S,Indicators!$B66,'Data(perSeason,perCrop)'!$O:$O,0,'Data(perSeason,perCrop)'!$C:$C,Indicators!O$3,'Data(perSeason,perCrop)'!$R:$R,"IRRIGATED")/AVERAGEIFS('Data(perSeason,perCrop)'!$F:$F,'Data(perSeason,perCrop)'!$S:$S,Indicators!$B66,'Data(perSeason,perCrop)'!$O:$O,0,'Data(perSeason,perCrop)'!$C:$C,Indicators!O$3,'Data(perSeason,perCrop)'!$R:$R,"IRRIGATED"),"") -> 0.12670565 | P66: =IF(P19>0,1-AVERAGEIFS('Data(perSeason,perCrop)'!$E:$E,'Data(perSeason,perCrop)'!$S:$S,Indicators!$B66,'Data(perSeason,perCrop)'!$O:$O,0,'Data(perSeason,perCrop)'!$C:$C,Indicators!P$3,'Data(perSeason,perCrop)'!$R:$R,"IRRIGATED")/AVERAGEIFS('Data(perSeason,perCrop)'!$F:$F,'Data(perSeason,perCrop)'!$S:$S,Indicators!$B66,'Data(perSeason,perCrop)'!$O:$O,0,'Data(perSeason,perCrop)'!$C:$C,Indicators!P$3,'Data(perSeason,perCrop)'!$R:$R,"IRRIGATED"),"") | Q66: =IF(Q19>0,1-AVERAGEIFS('Data(perSeason,perCrop)'!$E:$E,'Data(perSeason,perCrop)'!$S:$S,Indicators!$B66,'Data(perSeason,perCrop)'!$O:$O,0,'Data(perSeason,perCrop)'!$C:$C,Indicators!Q$3,'Data(perSeason,perCrop)'!$R:$R,"IRRIGATED")/AVERAGEIFS('Data(perSeason,perCrop)'!$F:$F,'Data(perSeason,perCrop)'!$S:$S,Indicators!$B66,'Data(perSeason,perCrop)'!$O:$O,0,'Data(perSeason,perCrop)'!$C:$C,Indicators!Q$3,'Data(perSeason,perCrop)'!$R:$R,"IRRIGATED"),"") -> 0.1609421 | R66: =IF(R19>0,1-AVERAGEIFS('Data(perSeason,perCrop)'!$E:$E,'Data(perSeason,perCrop)'!$S:$S,Indicators!$B66,'Data(perSeason,perCrop)'!$O:$O,0,'Data(perSeason,perCrop)'!$C:$C,Indicators!R$3,'Data(perSeason,perCrop)'!$R:$R,"IRRIGATED")/AVERAGEIFS('Data(perSeason,perCrop)'!$F:$F,'Data(perSeason,perCrop)'!$S:$S,Indicators!$B66,'Data(perSeason,perCrop)'!$O:$O,0,'Data(perSeason,perCrop)'!$C:$C,Indicators!R$3,'Data(perSeason,perCrop)'!$R:$R,"IRRIGATED"),"") | S66: =IF(S19>0,1-AVERAGEIFS('Data(perSeason,perCrop)'!$E:$E,'Data(perSeason,perCrop)'!$S:$S,Indicators!$B66,'Data(perSeason,perCrop)'!$O:$O,S$7,'Data(perSeason,perCrop)'!$C:$C,Indicators!S$3,'Data(perSeason,perCrop)'!$R:$R,"IRRIGATED")/AVERAGEIFS('Data(perSeason,perCrop)'!$F:$F,'Data(perSeason,perCrop)'!$S:$S,Indicators!$B66,'Data(perSeason,perCrop)'!$O:$O,S$7,'Data(perSeason,perCrop)'!$C:$C,Indicators!S$3,'Data(perSeason,perCrop)'!$R:$R,"IRRIGATED"),"") | T66: =IF(T19>0,1-AVERAGEIFS('Data(perSeason,perCrop)'!$E:$E,'Data(perSeason,perCrop)'!$S:$S,Indicators!$B66,'Data(perSeason,perCrop)'!$O:$O,T$7,'Data(perSeason,perCrop)'!$C:$C,Indicators!T$3,'Data(perSeason,perCrop)'!$R:$R,"IRRIGATED")/AVERAGEIFS('Data(perSeason,perCrop)'!$F:$F,'Data(perSeason,perCrop)'!$S:$S,Indicators!$B66,'Data(perSeason,perCrop)'!$O:$O,T$7,'Data(perSeason,perCrop)'!$C:$C,Indicators!T$3,'Data(perSeason,perCrop)'!$R:$R,"IRRIGATED"),"") -> 0.15878378 | U66: =IF(U19>0,1-AVERAGEIFS('Data(perSeason,perCrop)'!$E:$E,'Data(perSeason,perCrop)'!$S:$S,Indicators!$B66,'Data(perSeason,perCrop)'!$O:$O,U$7,'Data(perSeason,perCrop)'!$C:$C,Indicators!U$3,'Data(perSeason,perCrop)'!$R:$R,"IRRIGATED")/AVERAGEIFS('Data(perSeason,perCrop)'!$F:$F,'Data(perSeason,perCrop)'!$S:$S,Indicators!$B66,'Data(perSeason,perCrop)'!$O:$O,U$7,'Data(perSeason,perCrop)'!$C:$C,Indicators!U$3,'Data(perSeason,perCrop)'!$R:$R,"IRRIGATED"),"") | V66: =IF(V19>0,1-AVERAGEIFS('Data(perSeason,perCrop)'!$E:$E,'Data(perSeason,perCrop)'!$S:$S,Indicators!$B66,'Data(perSeason,perCrop)'!$O:$O,V$7,'Data(perSeason,perCrop)'!$C:$C,Indicators!V$3,'Data(perSeason,perCrop)'!$R:$R,"IRRIGATED")/AVERAGEIFS('Data(perSeason,perCrop)'!$F:$F,'Data(perSeason,perCrop)'!$S:$S,Indicators!$B66,'Data(perSeason,perCrop)'!$O:$O,V$7,'Data(perSeason,perCrop)'!$C:$C,Indicators!V$3,'Data(perSeason,perCrop)'!$R:$R,"IRRIGATED"),"") | W66: =IF(W19>0,1-AVERAGEIFS('Data(perSeason,perCrop)'!$E:$E,'Data(perSeason,perCrop)'!$S:$S,Indicators!$B66,'Data(perSeason,perCrop)'!$O:$O,W$7,'Data(perSeason,perCrop)'!$C:$C,Indicators!W$3,'Data(perSeason,perCrop)'!$R:$R,"IRRIGATED")/AVERAGEIFS('Data(perSeason,perCrop)'!$F:$F,'Data(perSeason,perCrop)'!$S:$S,Indicators!$B66,'Data(perSeason,perCrop)'!$O:$O,W$7,'Data(perSeason,perCrop)'!$C:$C,Indicators!W$3,'Data(perSeason,perCrop)'!$R:$R,"IRRIGATED"),"") | X66: =IF(X19>0,1-AVERAGEIFS('Data(perSeason,perCrop)'!$E:$E,'Data(perSeason,perCrop)'!$S:$S,Indicators!$B66,'Data(perSeason,perCrop)'!$O:$O,X$7,'Data(perSeason,perCrop)'!$C:$C,Indicators!X$3,'Data(perSeason,perCrop)'!$R:$R,"IRRIGATED")/AVERAGEIFS('Data(perSeason,perCrop)'!$F:$F,'Data(perSeason,perCrop)'!$S:$S,Indicators!$B66,'Data(perSeason,perCrop)'!$O:$O,X$7,'Data(perSeason,perCrop)'!$C:$C,Indicators!X$3,'Data(perSeason,perCrop)'!$R:$R,"IRRIGATED"),"") | Y66: =IF(Y19>0,1-AVERAGEIFS('Data(perSeason,perCrop)'!$E:$E,'Data(perSeason,perCrop)'!$S:$S,Indicators!$B66,'Data(perSeason,perCrop)'!$O:$O,Y$7,'Data(perSeason,perCrop)'!$C:$C,Indicators!Y$3,'Data(perSeason,perCrop)'!$R:$R,"IRRIGATED")/AVERAGEIFS('Data(perSeason,perCrop)'!$F:$F,'Data(perSeason,perCrop)'!$S:$S,Indicators!$B66,'Data(perSeason,perCrop)'!$O:$O,Y$7,'Data(perSeason,perCrop)'!$C:$C,Indicators!Y$3,'Data(perSeason,perCrop)'!$R:$R,"IRRIGATED"),"") | Z66: =IF(Z19>0,1-AVERAGEIFS('Data(perSeason,perCrop)'!$E:$E,'Data(perSeason,perCrop)'!$S:$S,Indicators!$B66,'Data(perSeason,perCrop)'!$O:$O,Z$7,'Data(perSeason,perCrop)'!$C:$C,Indicators!Z$3,'Data(perSeason,perCrop)'!$R:$R,"IRRIGATED")/AVERAGEIFS('Data(perSeason,perCrop)'!$F:$F,'Data(perSeason,perCrop)'!$S:$S,Indicators!$B66,'Data(perSeason,perCrop)'!$O:$O,Z$7,'Data(perSeason,perCrop)'!$C:$C,Indicators!Z$3,'Data(perSeason,perCrop)'!$R:$R,"IRRIGATED"),"") | ... DG66: =IF(DG19>0,1-AVERAGEIFS('Data(perSeason,perCrop)'!$E:$E,'Data(perSeason,perCrop)'!$S:$S,Indicators!$B66,'Data(perSeason,perCrop)'!$O:$O,DG$7,'Data(perSeason,perCrop)'!$C:$C,Indicators!DG$3,'Data(perSeason,perCrop)'!$R:$R,"IRRIGATED")/AVERAGEIFS('Data(perSeason,perCrop)'!$F:$F,'Data(perSeason,perCrop)'!$S:$S,Indicators!$B66,'Data(perSeason,perCrop)'!$O:$O,DG$7,'Data(perSeason,perCrop)'!$C:$C,Indicators!DG$3,'Data(perSeason,perCrop)'!$R:$R,"IRRIGATED"),"")
B67: AVERAGE | C67: =AVERAGE(C62:C66) -> 0.1923177 | D67: =AVERAGE(D62:D66) -> 0.19819088 | E67: =AVERAGE(E62:E66) -> 0.17797807 | F67: =AVERAGE(F62:F66) -> 0.24726081
A68: Equity | B68: 2018 | C68: =IF(COUNTIFS('Data(perSeason,perCrop)'!$S:$S,Indicators!$B68)>0,AVERAGEIFS('Data(perSeason,perCrop)'!$H:$H,'Data(perSeason,perCrop)'!$S:$S,Indicators!$B68,'Data(perSeason,perCrop)'!$O:$O,Indicators!C$7,'Data(perSeason,perCrop)'!$R:$R,"IRRIGATED"),"") -> 0.12617248 | D68: =IF(COUNTIFS('Data(perSeason,perCrop)'!$S:$S,Indicators!$B68)>0,AVERAGEIFS('Data(perSeason,perCrop)'!$H:$H,'Data(perSeason,perCrop)'!$S:$S,Indicators!$B68,'Data(perSeason,perCrop)'!$O:$O,Indicators!D$7,'Data(perSeason,perCrop)'!$R:$R,"IRRIGATED"),"") -> 0.040802421 | E68: =IF(COUNTIFS('Data(perSeason,perCrop)'!$S:$S,Indicators!$B68)>0,AVERAGEIFS('Data(perSeason,perCrop)'!$H:$H,'Data(perSeason,perCrop)'!$S:$S,Indicators!$B68,'Data(perSeason,perCrop)'!$O:$O,Indicators!E$7,'Data(perSeason,perCrop)'!$R:$R,"IRRIGATED"),"") -> 0.098095935 | F68: =IF(COUNTIFS('Data(perSeason,perCrop)'!$S:$S,Indicators!$B68)>0,AVERAGEIFS('Data(perSeason,perCrop)'!$H:$H,'Data(perSeason,perCrop)'!$S:$S,Indicators!$B68,'Data(perSeason,perCrop)'!$O:$O,Indicators!F$7,'Data(perSeason,perCrop)'!$R:$R,"IRRIGATED"),"") -> 0.089735728 | J68: ETa | K68: =AVERAGEIFS('Data(perSeason,perCrop)'!$E:$E,'Data(perSeason,perCrop)'!$S:$S,Indicators!$B68,'Data(perSeason,perCrop)'!$O:$O,Indicators!K$7,'Data(perSeason,perCrop)'!$C:$C,Indicators!K$3,'Data(perSeason,perCrop)'!$R:$R,"IRRIGATED") -> 633 | L68: =AVERAGEIFS('Data(perSeason,perCrop)'!$E:$E,'Data(perSeason,perCrop)'!$S:$S,Indicators!$B68,'Data(perSeason,perCrop)'!$O:$O,Indicators!L$7,'Data(perSeason,perCrop)'!$C:$C,Indicators!L$3,'Data(perSeason,perCrop)'!$R:$R,"IRRIGATED") -> #DIV/0! | M68: =AVERAGEIFS('Data(perSeason,perCrop)'!$E:$E,'Data(perSeason,perCrop)'!$S:$S,Indicators!$B68,'Data(perSeason,perCrop)'!$O:$O,Indicators!M$7,'Data(perSeason,perCrop)'!$C:$C,Indicators!M$3,'Data(perSeason,perCrop)'!$R:$R,"IRRIGATED") -> #DIV/0! | N68: =AVERAGEIFS('Data(perSeason,perCrop)'!$E:$E,'Data(perSeason,perCrop)'!$S:$S,Indicators!$B68,'Data(perSeason,perCrop)'!$O:$O,Indicators!N$7,'Data(perSeason,perCrop)'!$C:$C,Indicators!N$3,'Data(perSeason,perCrop)'!$R:$R,"IRRIGATED") -> 1041 | O68: =AVERAGEIFS('Data(perSeason,perCrop)'!$E:$E,'Data(perSeason,perCrop)'!$S:$S,Indicators!$B68,'Data(perSeason,perCrop)'!$O:$O,Indicators!O$7,'Data(perSeason,perCrop)'!$C:$C,Indicators!O$3,'Data(perSeason,perCrop)'!$R:$R,"IRRIGATED") -> 496 | P68: =AVERAGEIFS('Data(perSeason,perCrop)'!$E:$E,'Data(perSeason,perCrop)'!$S:$S,Indicators!$B68,'Data(perSeason,perCrop)'!$O:$O,Indicators!P$7,'Data(perSeason,perCrop)'!$C:$C,Indicators!P$3,'Data(perSeason,perCrop)'!$R:$R,"IRRIGATED") -> #DIV/0! | Q68: =AVERAGEIFS('Data(perSeason,perCrop)'!$E:$E,'Data(perSeason,perCrop)'!$S:$S,Indicators!$B68,'Data(perSeason,perCrop)'!$O:$O,Indicators!Q$7,'Data(perSeason,perCrop)'!$C:$C,Indicators!Q$3,'Data(perSeason,perCrop)'!$R:$R,"IRRIGATED") -> 954 | R68: =AVERAGEIFS('Data(perSeason,perCrop)'!$E:$E,'Data(perSeason,perCrop)'!$S:$S,Indicators!$B68,'Data(perSeason,perCrop)'!$O:$O,Indicators!R$7,'Data(perSeason,perCrop)'!$C:$C,Indicators!R$3,'Data(perSeason,perCrop)'!$R:$R,"IRRIGATED") -> #DIV/0! | ... AW68: =AVERAGEIFS('Data(perSeason,perCrop)'!$E:$E,'Data(perSeason,perCrop)'!$S:$S,Indicators!$B68,'Data(perSeason,perCrop)'!$O:$O,Indicators!AW$7,'Data(perSeason,perCrop)'!$C:$C,Indicators!AW$3,'Data(perSeason,perCrop)'!$R:$R,"IRRIGATED") -> #DIV/0! | AY68: =IFERROR(AVERAGEIFS('Data(perSeason,perCrop)'!$E:$E,'Data(perSeason,perCrop)'!$S:$S,Indicators!$B68,'Data(perSeason,perCrop)'!$O:$O,Indicators!AY$7,'Data(perSeason,perCrop)'!$C:$C,Indicators!AY$3,'Data(perSeason,perCrop)'!$R:$R,"IRRIGATED"),"") -> 228 | AZ68: =IFERROR(AVERAGEIFS('Data(perSeason,perCrop)'!$E:$E,'Data(perSeason,perCrop)'!$S:$S,Indicators!$B68,'Data(perSeason,perCrop)'!$O:$O,Indicators!AZ$7,'Data(perSeason,perCrop)'!$C:$C,Indicators!AZ$3,'Data(perSeason,perCrop)'!$R:$R,"IRRIGATED"),"") | BA68: =IFERROR(AVERAGEIFS('Data(perSeason,perCrop)'!$E:$E,'Data(perSeason,perCrop)'!$S:$S,Indicators!$B68,'Data(perSeason,perCrop)'!$O:$O,Indicators!BA$7,'Data(perSeason,perCrop)'!$C:$C,Indicators!BA$3,'Data(perSeason,perCrop)'!$R:$R,"IRRIGATED"),"") | BB68: =IFERROR(AVERAGEIFS('Data(perSeason,perCrop)'!$E:$E,'Data(perSeason,perCrop)'!$S:$S,Indicators!$B68,'Data(perSeason,perCrop)'!$O:$O,Indicators!BB$7,'Data(perSeason,perCrop)'!$C:$C,Indicators!BB$3,'Data(perSeason,perCrop)'!$R:$R,"IRRIGATED"),"") | BC68: =IFERROR(AVERAGEIFS('Data(perSeason,perCrop)'!$E:$E,'Data(perSeason,perCrop)'!$S:$S,Indicators!$B68,'Data(perSeason,perCrop)'!$O:$O,Indicators!BC$7,'Data(perSeason,perCrop)'!$C:$C,Indicators!BC$3,'Data(perSeason,perCrop)'!$R:$R,"IRRIGATED"),"") | BD68: =IFERROR(AVERAGEIFS('Data(perSeason,perCrop)'!$E:$E,'Data(perSeason,perCrop)'!$S:$S,Indicators!$B68,'Data(perSeason,perCrop)'!$O:$O,Indicators!BD$7,'Data(perSeason,perCrop)'!$C:$C,Indicators!BD$3,'Data(perSeason,perCrop)'!$R:$R,"IRRIGATED"),"") | BE68: =IFERROR(AVERAGEIFS('Data(perSeason,perCrop)'!$E:$E,'Data(perSeason,perCrop)'!$S:$S,Indicators!$B68,'Data(perSeason,perCrop)'!$O:$O,Indicators!BE$7,'Data(perSeason,perCrop)'!$C:$C,Indicators!BE$3,'Data(perSeason,perCrop)'!$R:$R,"IRRIGATED"),"") | BF68: =IFERROR(AVERAGEIFS('Data(perSeason,perCrop)'!$E:$E,'Data(perSeason,perCrop)'!$S:$S,Indicators!$B68,'Data(perSeason,perCrop)'!$O:$O,Indicators!BF$7,'Data(perSeason,perCrop)'!$C:$C,Indicators!BF$3,'Data(perSeason,perCrop)'!$R:$R,"IRRIGATED"),"") | ... CB68: =IFERROR(AVERAGEIFS('Data(perSeason,perCrop)'!$E:$E,'Data(perSeason,perCrop)'!$S:$S,Indicators!$B68,'Data(perSeason,perCrop)'!$O:$O,Indicators!CB$7,'Data(perSeason,perCrop)'!$C:$C,Indicators!CB$3,'Data(perSeason,perCrop)'!$R:$R,"IRRIGATED"),"") | CC68: =AVERAGEIFS('Data(perSeason,perCrop)'!$E:$E,'Data(perSeason,perCrop)'!$S:$S,Indicators!$B68,'Data(perSeason,perCrop)'!$O:$O,Indicators!CC$7,'Data(perSeason,perCrop)'!$C:$C,Indicators!CC$3,'Data(perSeason,perCrop)'!$R:$R,"IRRIGATED") -> #DIV/0! | CD68: =AVERAGEIFS('Data(perSeason,perCrop)'!$E:$E,'Data(perSeason,perCrop)'!$S:$S,Indicators!$B68,'Data(perSeason,perCrop)'!$O:$O,Indicators!CD$7,'Data(perSeason,perCrop)'!$C:$C,Indicators!CD$3,'Data(perSeason,perCrop)'!$R:$R,"IRRIGATED") -> #DIV/0! | CE68: =AVERAGEIFS('Data(perSeason,perCrop)'!$E:$E,'Data(perSeason,perCrop)'!$S:$S,Indicators!$B68,'Data(perSeason,perCrop)'!$O:$O,Indicators!CE$7,'Data(perSeason,perCrop)'!$C:$C,Indicators!CE$3,'Data(perSeason,perCrop)'!$R:$R,"IRRIGATED") -> #DIV/0! | CF68: =AVERAGEIFS('Data(perSeason,perCrop)'!$E:$E,'Data(perSeason,perCrop)'!$S:$S,Indicators!$B68,'Data(perSeason,perCrop)'!$O:$O,Indicators!CF$7,'Data(perSeason,perCrop)'!$C:$C,Indicators!CF$3,'Data(perSeason,perCrop)'!$R:$R,"IRRIGATED") -> #DIV/0! | CG68: =AVERAGEIFS('Data(perSeason,perCrop)'!$E:$E,'Data(perSeason,perCrop)'!$S:$S,Indicators!$B68,'Data(perSeason,perCrop)'!$O:$O,Indicators!CG$7,'Data(perSeason,perCrop)'!$C:$C,Indicators!CG$3,'Data(perSeason,perCrop)'!$R:$R,"IRRIGATED") -> #DIV/0! | CH68: =AVERAGEIFS('Data(perSeason,perCrop)'!$E:$E,'Data(perSeason,perCrop)'!$S:$S,Indicators!$B68,'Data(perSeason,perCrop)'!$O:$O,Indicators!CH$7,'Data(perSeason,perCrop)'!$C:$C,Indicators!CH$3,'Data(perSeason,perCrop)'!$R:$R,"IRRIGATED") -> #DIV/0! | CI68: =AVERAGEIFS('Data(perSeason,perCrop)'!$E:$E,'Data(perSeason,perCrop)'!$S:$S,Indicators!$B68,'Data(perSeason,perCrop)'!$O:$O,Indicators!CI$7,'Data(perSeason,perCrop)'!$C:$C,Indicators!CI$3,'Data(perSeason,perCrop)'!$R:$R,"IRRIGATED") -> #DIV/0! | CJ68: =AVERAGEIFS('Data(perSeason,perCrop)'!$E:$E,'Data(perSeason,perCrop)'!$S:$S,Indicators!$B68,'Data(perSeason,perCrop)'!$O:$O,Indicators!CJ$7,'Data(perSeason,perCrop)'!$C:$C,Indicators!CJ$3,'Data(perSeason,perCrop)'!$R:$R,"IRRIGATED") -> #DIV/0! | ... DG68: =AVERAGEIFS('Data(perSeason,perCrop)'!$E:$E,'Data(perSeason,perCrop)'!$S:$S,Indicators!$B68,'Data(perSeason,perCrop)'!$O:$O,Indicators!DG$7,'Data(perSeason,perCrop)'!$C:$C,Indicators!DG$3,'Data(perSeason,perCrop)'!$R:$R,"IRRIGATED") -> #DIV/0!
A69: Standard deviation of ETa | B69: 2019 | C69: =IF(COUNTIFS('Data(perSeason,perCrop)'!$S:$S,Indicators!$B69)>0,AVERAGEIFS('Data(perSeason,perCrop)'!$H:$H,'Data(perSeason,perCrop)'!$S:$S,Indicators!$B69,'Data(perSeason,perCrop)'!$O:$O,Indicators!C$7,'Data(perSeason,perCrop)'!$R:$R,"IRRIGATED"),"") -> 0.19330612 | D69: =IF(COUNTIFS('Data(perSeason,perCrop)'!$S:$S,Indicators!$B69)>0,AVERAGEIFS('Data(perSeason,perCrop)'!$H:$H,'Data(perSeason,perCrop)'!$S:$S,Indicators!$B69,'Data(perSeason,perCrop)'!$O:$O,Indicators!D$7,'Data(perSeason,perCrop)'!$R:$R,"IRRIGATED"),"") -> 0.042562362 | E69: =IF(COUNTIFS('Data(perSeason,perCrop)'!$S:$S,Indicators!$B69)>0,AVERAGEIFS('Data(perSeason,perCrop)'!$H:$H,'Data(perSeason,perCrop)'!$S:$S,Indicators!$B69,'Data(perSeason,perCrop)'!$O:$O,Indicators!E$7,'Data(perSeason,perCrop)'!$R:$R,"IRRIGATED"),"") -> 0.10434804 | F69: =IF(COUNTIFS('Data(perSeason,perCrop)'!$S:$S,Indicators!$B69)>0,AVERAGEIFS('Data(perSeason,perCrop)'!$H:$H,'Data(perSeason,perCrop)'!$S:$S,Indicators!$B69,'Data(perSeason,perCrop)'!$O:$O,Indicators!F$7,'Data(perSeason,perCrop)'!$R:$R,"IRRIGATED"),"") -> 0.087340805 | J69: ETa | K69: =AVERAGEIFS('Data(perSeason,perCrop)'!$E:$E,'Data(perSeason,perCrop)'!$S:$S,Indicators!$B69,'Data(perSeason,perCrop)'!$O:$O,Indicators!K$7,'Data(perSeason,perCrop)'!$C:$C,Indicators!K$3,'Data(perSeason,perCrop)'!$R:$R,"IRRIGATED") -> 382 | L69: =AVERAGEIFS('Data(perSeason,perCrop)'!$E:$E,'Data(perSeason,perCrop)'!$S:$S,Indicators!$B69,'Data(perSeason,perCrop)'!$O:$O,Indicators!L$7,'Data(perSeason,perCrop)'!$C:$C,Indicators!L$3,'Data(perSeason,perCrop)'!$R:$R,"IRRIGATED") -> 601 | M69: =AVERAGEIFS('Data(perSeason,perCrop)'!$E:$E,'Data(perSeason,perCrop)'!$S:$S,Indicators!$B69,'Data(perSeason,perCrop)'!$O:$O,Indicators!M$7,'Data(perSeason,perCrop)'!$C:$C,Indicators!M$3,'Data(perSeason,perCrop)'!$R:$R,"IRRIGATED") -> 674 | N69: =AVERAGEIFS('Data(perSeason,perCrop)'!$E:$E,'Data(perSeason,perCrop)'!$S:$S,Indicators!$B69,'Data(perSeason,perCrop)'!$O:$O,Indicators!N$7,'Data(perSeason,perCrop)'!$C:$C,Indicators!N$3,'Data(perSeason,perCrop)'!$R:$R,"IRRIGATED") -> 974 | O69: =AVERAGEIFS('Data(perSeason,perCrop)'!$E:$E,'Data(perSeason,perCrop)'!$S:$S,Indicators!$B69,'Data(perSeason,perCrop)'!$O:$O,Indicators!O$7,'Data(perSeason,perCrop)'!$C:$C,Indicators!O$3,'Data(perSeason,perCrop)'!$R:$R,"IRRIGATED") -> 436 | P69: =AVERAGEIFS('Data(perSeason,perCrop)'!$E:$E,'Data(perSeason,perCrop)'!$S:$S,Indicators!$B69,'Data(perSeason,perCrop)'!$O:$O,Indicators!P$7,'Data(perSeason,perCrop)'!$C:$C,Indicators!P$3,'Data(perSeason,perCrop)'!$R:$R,"IRRIGATED") -> 443 | Q69: =AVERAGEIFS('Data(perSeason,perCrop)'!$E:$E,'Data(perSeason,perCrop)'!$S:$S,Indicators!$B69,'Data(perSeason,perCrop)'!$O:$O,Indicators!Q$7,'Data(perSeason,perCrop)'!$C:$C,Indicators!Q$3,'Data(perSeason,perCrop)'!$R:$R,"IRRIGATED") -> 822 | R69: =AVERAGEIFS('Data(perSeason,perCrop)'!$E:$E,'Data(perSeason,perCrop)'!$S:$S,Indicators!$B69,'Data(perSeason,perCrop)'!$O:$O,Indicators!R$7,'Data(perSeason,perCrop)'!$C:$C,Indicators!R$3,'Data(perSeason,perCrop)'!$R:$R,"IRRIGATED") -> 375 | ... AW69: =AVERAGEIFS('Data(perSeason,perCrop)'!$E:$E,'Data(perSeason,perCrop)'!$S:$S,Indicators!$B69,'Data(perSeason,perCrop)'!$O:$O,Indicators!AW$7,'Data(perSeason,perCrop)'!$C:$C,Indicators!AW$3,'Data(perSeason,perCrop)'!$R:$R,"IRRIGATED") -> #DIV/0! | AY69: =IFERROR(AVERAGEIFS('Data(perSeason,perCrop)'!$E:$E,'Data(perSeason,perCrop)'!$S:$S,Indicators!$B69,'Data(perSeason,perCrop)'!$O:$O,Indicators!AY$7,'Data(perSeason,perCrop)'!$C:$C,Indicators!AY$3,'Data(perSeason,perCrop)'!$R:$R,"IRRIGATED"),"") -> 210 | AZ69: =IFERROR(AVERAGEIFS('Data(perSeason,perCrop)'!$E:$E,'Data(perSeason,perCrop)'!$S:$S,Indicators!$B69,'Data(perSeason,perCrop)'!$O:$O,Indicators!AZ$7,'Data(perSeason,perCrop)'!$C:$C,Indicators!AZ$3,'Data(perSeason,perCrop)'!$R:$R,"IRRIGATED"),"") | BA69: =IFERROR(AVERAGEIFS('Data(perSeason,perCrop)'!$E:$E,'Data(perSeason,perCrop)'!$S:$S,Indicators!$B69,'Data(perSeason,perCrop)'!$O:$O,Indicators!BA$7,'Data(perSeason,perCrop)'!$C:$C,Indicators!BA$3,'Data(perSeason,perCrop)'!$R:$R,"IRRIGATED"),"") | BB69: =IFERROR(AVERAGEIFS('Data(perSeason,perCrop)'!$E:$E,'Data(perSeason,perCrop)'!$S:$S,Indicators!$B69,'Data(perSeason,perCrop)'!$O:$O,Indicators!BB$7,'Data(perSeason,perCrop)'!$C:$C,Indicators!BB$3,'Data(perSeason,perCrop)'!$R:$R,"IRRIGATED"),"") | BC69: =IFERROR(AVERAGEIFS('Data(perSeason,perCrop)'!$E:$E,'Data(perSeason,perCrop)'!$S:$S,Indicators!$B69,'Data(perSeason,perCrop)'!$O:$O,Indicators!BC$7,'Data(perSeason,perCrop)'!$C:$C,Indicators!BC$3,'Data(perSeason,perCrop)'!$R:$R,"IRRIGATED"),"") | BD69: =IFERROR(AVERAGEIFS('Data(perSeason,perCrop)'!$E:$E,'Data(perSeason,perCrop)'!$S:$S,Indicators!$B69,'Data(perSeason,perCrop)'!$O:$O,Indicators!BD$7,'Data(perSeason,perCrop)'!$C:$C,Indicators!BD$3,'Data(perSeason,perCrop)'!$R:$R,"IRRIGATED"),"") | BE69: =IFERROR(AVERAGEIFS('Data(perSeason,perCrop)'!$E:$E,'Data(perSeason,perCrop)'!$S:$S,Indicators!$B69,'Data(perSeason,perCrop)'!$O:$O,Indicators!BE$7,'Data(perSeason,perCrop)'!$C:$C,Indicators!BE$3,'Data(perSeason,perCrop)'!$R:$R,"IRRIGATED"),"") | BF69: =IFERROR(AVERAGEIFS('Data(perSeason,perCrop)'!$E:$E,'Data(perSeason,perCrop)'!$S:$S,Indicators!$B69,'Data(perSeason,perCrop)'!$O:$O,Indicators!BF$7,'Data(perSeason,perCrop)'!$C:$C,Indicators!BF$3,'Data(perSeason,perCrop)'!$R:$R,"IRRIGATED"),"") | ... CB69: =IFERROR(AVERAGEIFS('Data(perSeason,perCrop)'!$E:$E,'Data(perSeason,perCrop)'!$S:$S,Indicators!$B69,'Data(perSeason,perCrop)'!$O:$O,Indicators!CB$7,'Data(perSeason,perCrop)'!$C:$C,Indicators!CB$3,'Data(perSeason,perCrop)'!$R:$R,"IRRIGATED"),"") | CC69: =AVERAGEIFS('Data(perSeason,perCrop)'!$E:$E,'Data(perSeason,perCrop)'!$S:$S,Indicators!$B69,'Data(perSeason,perCrop)'!$O:$O,Indicators!CC$7,'Data(perSeason,perCrop)'!$C:$C,Indicators!CC$3,'Data(perSeason,perCrop)'!$R:$R,"IRRIGATED") -> #DIV/0! | CD69: =AVERAGEIFS('Data(perSeason,perCrop)'!$E:$E,'Data(perSeason,perCrop)'!$S:$S,Indicators!$B69,'Data(perSeason,perCrop)'!$O:$O,Indicators!CD$7,'Data(perSeason,perCrop)'!$C:$C,Indicators!CD$3,'Data(perSeason,perCrop)'!$R:$R,"IRRIGATED") -> #DIV/0! | CE69: =AVERAGEIFS('Data(perSeason,perCrop)'!$E:$E,'Data(perSeason,perCrop)'!$S:$S,Indicators!$B69,'Data(perSeason,perCrop)'!$O:$O,Indicators!CE$7,'Data(perSeason,perCrop)'!$C:$C,Indicators!CE$3,'Data(perSeason,perCrop)'!$R:$R,"IRRIGATED") -> #DIV/0! | CF69: =AVERAGEIFS('Data(perSeason,perCrop)'!$E:$E,'Data(perSeason,perCrop)'!$S:$S,Indicators!$B69,'Data(perSeason,perCrop)'!$O:$O,Indicators!CF$7,'Data(perSeason,perCrop)'!$C:$C,Indicators!CF$3,'Data(perSeason,perCrop)'!$R:$R,"IRRIGATED") -> #DIV/0! | CG69: =AVERAGEIFS('Data(perSeason,perCrop)'!$E:$E,'Data(perSeason,perCrop)'!$S:$S,Indicators!$B69,'Data(perSeason,perCrop)'!$O:$O,Indicators!CG$7,'Data(perSeason,perCrop)'!$C:$C,Indicators!CG$3,'Data(perSeason,perCrop)'!$R:$R,"IRRIGATED") -> #DIV/0! | CH69: =AVERAGEIFS('Data(perSeason,perCrop)'!$E:$E,'Data(perSeason,perCrop)'!$S:$S,Indicators!$B69,'Data(perSeason,perCrop)'!$O:$O,Indicators!CH$7,'Data(perSeason,perCrop)'!$C:$C,Indicators!CH$3,'Data(perSeason,perCrop)'!$R:$R,"IRRIGATED") -> #DIV/0! | CI69: =AVERAGEIFS('Data(perSeason,perCrop)'!$E:$E,'Data(perSeason,perCrop)'!$S:$S,Indicators!$B69,'Data(perSeason,perCrop)'!$O:$O,Indicators!CI$7,'Data(perSeason,perCrop)'!$C:$C,Indicators!CI$3,'Data(perSeason,perCrop)'!$R:$R,"IRRIGATED") -> #DIV/0! | CJ69: =AVERAGEIFS('Data(perSeason,perCrop)'!$E:$E,'Data(perSeason,perCrop)'!$S:$S,Indicators!$B69,'Data(perSeason,perCrop)'!$O:$O,Indicators!CJ$7,'Data(perSeason,perCrop)'!$C:$C,Indicators!CJ$3,'Data(perSeason,perCrop)'!$R:$R,"IRRIGATED") -> #DIV/0! | ... DG69: =AVERAGEIFS('Data(perSeason,perCrop)'!$E:$E,'Data(perSeason,perCrop)'!$S:$S,Indicators!$B69,'Data(perSeason,perCrop)'!$O:$O,Indicators!DG$7,'Data(perSeason,perCrop)'!$C:$C,Indicators!DG$3,'Data(perSeason,perCrop)'!$R:$R,"IRRIGATED") -> #DIV/0!
A70: over irrigated areas | B70: 2020 | C70: =IF(COUNTIFS('Data(perSeason,perCrop)'!$S:$S,Indicators!$B70)>0,AVERAGEIFS('Data(perSeason,perCrop)'!$H:$H,'Data(perSeason,perCrop)'!$S:$S,Indicators!$B70,'Data(perSeason,perCrop)'!$O:$O,Indicators!C$7,'Data(perSeason,perCrop)'!$R:$R,"IRRIGATED"),"") -> 0.14251096 | D70: =IF(COUNTIFS('Data(perSeason,perCrop)'!$S:$S,Indicators!$B70)>0,AVERAGEIFS('Data(perSeason,perCrop)'!$H:$H,'Data(perSeason,perCrop)'!$S:$S,Indicators!$B70,'Data(perSeason,perCrop)'!$O:$O,Indicators!D$7,'Data(perSeason,perCrop)'!$R:$R,"IRRIGATED"),"") -> 0.042734244 | E70: =IF(COUNTIFS('Data(perSeason,perCrop)'!$S:$S,Indicators!$B70)>0,AVERAGEIFS('Data(perSeason,perCrop)'!$H:$H,'Data(perSeason,perCrop)'!$S:$S,Indicators!$B70,'Data(perSeason,perCrop)'!$O:$O,Indicators!E$7,'Data(perSeason,perCrop)'!$R:$R,"IRRIGATED"),"") -> 0.12550526 | F70: =IF(COUNTIFS('Data(perSeason,perCrop)'!$S:$S,Indicators!$B70)>0,AVERAGEIFS('Data(perSeason,perCrop)'!$H:$H,'Data(perSeason,perCrop)'!$S:$S,Indicators!$B70,'Data(perSeason,perCrop)'!$O:$O,Indicators!F$7,'Data(perSeason,perCrop)'!$R:$R,"IRRIGATED"),"") -> 0.12081794 | J70: ETa | K70: =AVERAGEIFS('Data(perSeason,perCrop)'!$E:$E,'Data(perSeason,perCrop)'!$S:$S,Indicators!$B70,'Data(perSeason,perCrop)'!$O:$O,Indicators!K$7,'Data(perSeason,perCrop)'!$C:$C,Indicators!K$3,'Data(perSeason,perCrop)'!$R:$R,"IRRIGATED") -> 447 | L70: =AVERAGEIFS('Data(perSeason,perCrop)'!$E:$E,'Data(perSeason,perCrop)'!$S:$S,Indicators!$B70,'Data(perSeason,perCrop)'!$O:$O,Indicators!L$7,'Data(perSeason,perCrop)'!$C:$C,Indicators!L$3,'Data(perSeason,perCrop)'!$R:$R,"IRRIGATED") -> 660 | M70: =AVERAGEIFS('Data(perSeason,perCrop)'!$E:$E,'Data(perSeason,perCrop)'!$S:$S,Indicators!$B70,'Data(perSeason,perCrop)'!$O:$O,Indicators!M$7,'Data(perSeason,perCrop)'!$C:$C,Indicators!M$3,'Data(perSeason,perCrop)'!$R:$R,"IRRIGATED") -> 762 | N70: =AVERAGEIFS('Data(perSeason,perCrop)'!$E:$E,'Data(perSeason,perCrop)'!$S:$S,Indicators!$B70,'Data(perSeason,perCrop)'!$O:$O,Indicators!N$7,'Data(perSeason,perCrop)'!$C:$C,Indicators!N$3,'Data(perSeason,perCrop)'!$R:$R,"IRRIGATED") -> 1011 | O70: =AVERAGEIFS('Data(perSeason,perCrop)'!$E:$E,'Data(perSeason,perCrop)'!$S:$S,Indicators!$B70,'Data(perSeason,perCrop)'!$O:$O,Indicators!O$7,'Data(perSeason,perCrop)'!$C:$C,Indicators!O$3,'Data(perSeason,perCrop)'!$R:$R,"IRRIGATED") -> 476 | P70: =AVERAGEIFS('Data(perSeason,perCrop)'!$E:$E,'Data(perSeason,perCrop)'!$S:$S,Indicators!$B70,'Data(perSeason,perCrop)'!$O:$O,Indicators!P$7,'Data(perSeason,perCrop)'!$C:$C,Indicators!P$3,'Data(perSeason,perCrop)'!$R:$R,"IRRIGATED") -> #DIV/0! | Q70: =AVERAGEIFS('Data(perSeason,perCrop)'!$E:$E,'Data(perSeason,perCrop)'!$S:$S,Indicators!$B70,'Data(perSeason,perCrop)'!$O:$O,Indicators!Q$7,'Data(perSeason,perCrop)'!$C:$C,Indicators!Q$3,'Data(perSeason,perCrop)'!$R:$R,"IRRIGATED") -> 861 | R70: =AVERAGEIFS('Data(perSeason,perCrop)'!$E:$E,'Data(perSeason,perCrop)'!$S:$S,Indicators!$B70,'Data(perSeason,perCrop)'!$O:$O,Indicators!R$7,'Data(perSeason,perCrop)'!$C:$C,Indicators!R$3,'Data(perSeason,perCrop)'!$R:$R,"IRRIGATED") -> #DIV/0! | ... AW70: =AVERAGEIFS('Data(perSeason,perCrop)'!$E:$E,'Data(perSeason,perCrop)'!$S:$S,Indicators!$B70,'Data(perSeason,perCrop)'!$O:$O,Indicators!AW$7,'Data(perSeason,perCrop)'!$C:$C,Indicators!AW$3,'Data(perSeason,perCrop)'!$R:$R,"IRRIGATED") -> #DIV/0! | AY70: =IFERROR(AVERAGEIFS('Data(perSeason,perCrop)'!$E:$E,'Data(perSeason,perCrop)'!$S:$S,Indicators!$B70,'Data(perSeason,perCrop)'!$O:$O,Indicators!AY$7,'Data(perSeason,perCrop)'!$C:$C,Indicators!AY$3,'Data(perSeason,perCrop)'!$R:$R,"IRRIGATED"),"") -> 221 | AZ70: =IFERROR(AVERAGEIFS('Data(perSeason,perCrop)'!$E:$E,'Data(perSeason,perCrop)'!$S:$S,Indicators!$B70,'Data(perSeason,perCrop)'!$O:$O,Indicators!AZ$7,'Data(perSeason,perCrop)'!$C:$C,Indicators!AZ$3,'Data(perSeason,perCrop)'!$R:$R,"IRRIGATED"),"") | BA70: =IFERROR(AVERAGEIFS('Data(perSeason,perCrop)'!$E:$E,'Data(perSeason,perCrop)'!$S:$S,Indicators!$B70,'Data(perSeason,perCrop)'!$O:$O,Indicators!BA$7,'Data(perSeason,perCrop)'!$C:$C,Indicators!BA$3,'Data(perSeason,perCrop)'!$R:$R,"IRRIGATED"),"") | BB70: =IFERROR(AVERAGEIFS('Data(perSeason,perCrop)'!$E:$E,'Data(perSeason,perCrop)'!$S:$S,Indicators!$B70,'Data(perSeason,perCrop)'!$O:$O,Indicators!BB$7,'Data(perSeason,perCrop)'!$C:$C,Indicators!BB$3,'Data(perSeason,perCrop)'!$R:$R,"IRRIGATED"),"") | BC70: =IFERROR(AVERAGEIFS('Data(perSeason,perCrop)'!$E:$E,'Data(perSeason,perCrop)'!$S:$S,Indicators!$B70,'Data(perSeason,perCrop)'!$O:$O,Indicators!BC$7,'Data(perSeason,perCrop)'!$C:$C,Indicators!BC$3,'Data(perSeason,perCrop)'!$R:$R,"IRRIGATED"),"") | BD70: =IFERROR(AVERAGEIFS('Data(perSeason,perCrop)'!$E:$E,'Data(perSeason,perCrop)'!$S:$S,Indicators!$B70,'Data(perSeason,perCrop)'!$O:$O,Indicators!BD$7,'Data(perSeason,perCrop)'!$C:$C,Indicators!BD$3,'Data(perSeason,perCrop)'!$R:$R,"IRRIGATED"),"") | BE70: =IFERROR(AVERAGEIFS('Data(perSeason,perCrop)'!$E:$E,'Data(perSeason,perCrop)'!$S:$S,Indicators!$B70,'Data(perSeason,perCrop)'!$O:$O,Indicators!BE$7,'Data(perSeason,perCrop)'!$C:$C,Indicators!BE$3,'Data(perSeason,perCrop)'!$R:$R,"IRRIGATED"),"") | BF70: =IFERROR(AVERAGEIFS('Data(perSeason,perCrop)'!$E:$E,'Data(perSeason,perCrop)'!$S:$S,Indicators!$B70,'Data(perSeason,perCrop)'!$O:$O,Indicators!BF$7,'Data(perSeason,perCrop)'!$C:$C,Indicators!BF$3,'Data(perSeason,perCrop)'!$R:$R,"IRRIGATED"),"") | ... CB70: =IFERROR(AVERAGEIFS('Data(perSeason,perCrop)'!$E:$E,'Data(perSeason,perCrop)'!$S:$S,Indicators!$B70,'Data(perSeason,perCrop)'!$O:$O,Indicators!CB$7,'Data(perSeason,perCrop)'!$C:$C,Indicators!CB$3,'Data(perSeason,perCrop)'!$R:$R,"IRRIGATED"),"") | CC70: =AVERAGEIFS('Data(perSeason,perCrop)'!$E:$E,'Data(perSeason,perCrop)'!$S:$S,Indicators!$B70,'Data(perSeason,perCrop)'!$O:$O,Indicators!CC$7,'Data(perSeason,perCrop)'!$C:$C,Indicators!CC$3,'Data(perSeason,perCrop)'!$R:$R,"IRRIGATED") -> #DIV/0! | CD70: =AVERAGEIFS('Data(perSeason,perCrop)'!$E:$E,'Data(perSeason,perCrop)'!$S:$S,Indicators!$B70,'Data(perSeason,perCrop)'!$O:$O,Indicators!CD$7,'Data(perSeason,perCrop)'!$C:$C,Indicators!CD$3,'Data(perSeason,perCrop)'!$R:$R,"IRRIGATED") -> #DIV/0! | CE70: =AVERAGEIFS('Data(perSeason,perCrop)'!$E:$E,'Data(perSeason,perCrop)'!$S:$S,Indicators!$B70,'Data(perSeason,perCrop)'!$O:$O,Indicators!CE$7,'Data(perSeason,perCrop)'!$C:$C,Indicators!CE$3,'Data(perSeason,perCrop)'!$R:$R,"IRRIGATED") -> #DIV/0! | CF70: =AVERAGEIFS('Data(perSeason,perCrop)'!$E:$E,'Data(perSeason,perCrop)'!$S:$S,Indicators!$B70,'Data(perSeason,perCrop)'!$O:$O,Indicators!CF$7,'Data(perSeason,perCrop)'!$C:$C,Indicators!CF$3,'Data(perSeason,perCrop)'!$R:$R,"IRRIGATED") -> #DIV/0! | CG70: =AVERAGEIFS('Data(perSeason,perCrop)'!$E:$E,'Data(perSeason,perCrop)'!$S:$S,Indicators!$B70,'Data(perSeason,perCrop)'!$O:$O,Indicators!CG$7,'Data(perSeason,perCrop)'!$C:$C,Indicators!CG$3,'Data(perSeason,perCrop)'!$R:$R,"IRRIGATED") -> #DIV/0! | CH70: =AVERAGEIFS('Data(perSeason,perCrop)'!$E:$E,'Data(perSeason,perCrop)'!$S:$S,Indicators!$B70,'Data(perSeason,perCrop)'!$O:$O,Indicators!CH$7,'Data(perSeason,perCrop)'!$C:$C,Indicators!CH$3,'Data(perSeason,perCrop)'!$R:$R,"IRRIGATED") -> #DIV/0! | CI70: =AVERAGEIFS('Data(perSeason,perCrop)'!$E:$E,'Data(perSeason,perCrop)'!$S:$S,Indicators!$B70,'Data(perSeason,perCrop)'!$O:$O,Indicators!CI$7,'Data(perSeason,perCrop)'!$C:$C,Indicators!CI$3,'Data(perSeason,perCrop)'!$R:$R,"IRRIGATED") -> #DIV/0! | CJ70: =AVERAGEIFS('Data(perSeason,perCrop)'!$E:$E,'Data(perSeason,perCrop)'!$S:$S,Indicators!$B70,'Data(perSeason,perCrop)'!$O:$O,Indicators!CJ$7,'Data(perSeason,perCrop)'!$C:$C,Indicators!CJ$3,'Data(perSeason,perCrop)'!$R:$R,"IRRIGATED") -> #DIV/0! | ... DG70: =AVERAGEIFS('Data(perSeason,perCrop)'!$E:$E,'Data(perSeason,perCrop)'!$S:$S,Indicators!$B70,'Data(perSeason,perCrop)'!$O:$O,Indicators!DG$7,'Data(perSeason,perCrop)'!$C:$C,Indicators!DG$3,'Data(perSeason,perCrop)'!$R:$R,"IRRIGATED") -> #DIV/0!
A71: divided by average ETa | B71: 2021 | C71: =IF(COUNTIFS('Data(perSeason,perCrop)'!$S:$S,Indicators!$B71)>0,AVERAGEIFS('Data(perSeason,perCrop)'!$H:$H,'Data(perSeason,perCrop)'!$S:$S,Indicators!$B71,'Data(perSeason,perCrop)'!$O:$O,Indicators!C$7,'Data(perSeason,perCrop)'!$R:$R,"IRRIGATED"),"") -> 0.21250162 | D71: =IF(COUNTIFS('Data(perSeason,perCrop)'!$S:$S,Indicators!$B71)>0,AVERAGEIFS('Data(perSeason,perCrop)'!$H:$H,'Data(perSeason,perCrop)'!$S:$S,Indicators!$B71,'Data(perSeason,perCrop)'!$O:$O,Indicators!D$7,'Data(perSeason,perCrop)'!$R:$R,"IRRIGATED"),"") -> 0.043937358 | E71: =IF(COUNTIFS('Data(perSeason,perCrop)'!$S:$S,Indicators!$B71)>0,AVERAGEIFS('Data(perSeason,perCrop)'!$H:$H,'Data(perSeason,perCrop)'!$S:$S,Indicators!$B71,'Data(perSeason,perCrop)'!$O:$O,Indicators!E$7,'Data(perSeason,perCrop)'!$R:$R,"IRRIGATED"),"") -> 0.1301173 | F71: =IF(COUNTIFS('Data(perSeason,perCrop)'!$S:$S,Indicators!$B71)>0,AVERAGEIFS('Data(perSeason,perCrop)'!$H:$H,'Data(perSeason,perCrop)'!$S:$S,Indicators!$B71,'Data(perSeason,perCrop)'!$O:$O,Indicators!F$7,'Data(perSeason,perCrop)'!$R:$R,"IRRIGATED"),"") -> 0.12443427 | J71: ETa | K71: =AVERAGEIFS('Data(perSeason,perCrop)'!$E:$E,'Data(perSeason,perCrop)'!$S:$S,Indicators!$B71,'Data(perSeason,perCrop)'!$O:$O,Indicators!K$7,'Data(perSeason,perCrop)'!$C:$C,Indicators!K$3,'Data(perSeason,perCrop)'!$R:$R,"IRRIGATED") -> 481 | L71: =AVERAGEIFS('Data(perSeason,perCrop)'!$E:$E,'Data(perSeason,perCrop)'!$S:$S,Indicators!$B71,'Data(perSeason,perCrop)'!$O:$O,Indicators!L$7,'Data(perSeason,perCrop)'!$C:$C,Indicators!L$3,'Data(perSeason,perCrop)'!$R:$R,"IRRIGATED") -> 741 | M71: =AVERAGEIFS('Data(perSeason,perCrop)'!$E:$E,'Data(perSeason,perCrop)'!$S:$S,Indicators!$B71,'Data(perSeason,perCrop)'!$O:$O,Indicators!M$7,'Data(perSeason,perCrop)'!$C:$C,Indicators!M$3,'Data(perSeason,perCrop)'!$R:$R,"IRRIGATED") -> 786 | N71: =AVERAGEIFS('Data(perSeason,perCrop)'!$E:$E,'Data(perSeason,perCrop)'!$S:$S,Indicators!$B71,'Data(perSeason,perCrop)'!$O:$O,Indicators!N$7,'Data(perSeason,perCrop)'!$C:$C,Indicators!N$3,'Data(perSeason,perCrop)'!$R:$R,"IRRIGATED") -> 891 | O71: =AVERAGEIFS('Data(perSeason,perCrop)'!$E:$E,'Data(perSeason,perCrop)'!$S:$S,Indicators!$B71,'Data(perSeason,perCrop)'!$O:$O,Indicators!O$7,'Data(perSeason,perCrop)'!$C:$C,Indicators!O$3,'Data(perSeason,perCrop)'!$R:$R,"IRRIGATED") -> 420 | P71: =AVERAGEIFS('Data(perSeason,perCrop)'!$E:$E,'Data(perSeason,perCrop)'!$S:$S,Indicators!$B71,'Data(perSeason,perCrop)'!$O:$O,Indicators!P$7,'Data(perSeason,perCrop)'!$C:$C,Indicators!P$3,'Data(perSeason,perCrop)'!$R:$R,"IRRIGATED") -> 311 | Q71: =AVERAGEIFS('Data(perSeason,perCrop)'!$E:$E,'Data(perSeason,perCrop)'!$S:$S,Indicators!$B71,'Data(perSeason,perCrop)'!$O:$O,Indicators!Q$7,'Data(perSeason,perCrop)'!$C:$C,Indicators!Q$3,'Data(perSeason,perCrop)'!$R:$R,"IRRIGATED") -> 853 | R71: =AVERAGEIFS('Data(perSeason,perCrop)'!$E:$E,'Data(perSeason,perCrop)'!$S:$S,Indicators!$B71,'Data(perSeason,perCrop)'!$O:$O,Indicators!R$7,'Data(perSeason,perCrop)'!$C:$C,Indicators!R$3,'Data(perSeason,perCrop)'!$R:$R,"IRRIGATED") -> #DIV/0! | ... AW71: =AVERAGEIFS('Data(perSeason,perCrop)'!$E:$E,'Data(perSeason,perCrop)'!$S:$S,Indicators!$B71,'Data(perSeason,perCrop)'!$O:$O,Indicators!AW$7,'Data(perSeason,perCrop)'!$C:$C,Indicators!AW$3,'Data(perSeason,perCrop)'!$R:$R,"IRRIGATED") -> #DIV/0! | AY71: =IFERROR(AVERAGEIFS('Data(perSeason,perCrop)'!$E:$E,'Data(perSeason,perCrop)'!$S:$S,Indicators!$B71,'Data(perSeason,perCrop)'!$O:$O,Indicators!AY$7,'Data(perSeason,perCrop)'!$C:$C,Indicators!AY$3,'Data(perSeason,perCrop)'!$R:$R,"IRRIGATED"),"") -> 230 | AZ71: =IFERROR(AVERAGEIFS('Data(perSeason,perCrop)'!$E:$E,'Data(perSeason,perCrop)'!$S:$S,Indicators!$B71,'Data(perSeason,perCrop)'!$O:$O,Indicators!AZ$7,'Data(perSeason,perCrop)'!$C:$C,Indicators!AZ$3,'Data(perSeason,perCrop)'!$R:$R,"IRRIGATED"),"") | BA71: =IFERROR(AVERAGEIFS('Data(perSeason,perCrop)'!$E:$E,'Data(perSeason,perCrop)'!$S:$S,Indicators!$B71,'Data(perSeason,perCrop)'!$O:$O,Indicators!BA$7,'Data(perSeason,perCrop)'!$C:$C,Indicators!BA$3,'Data(perSeason,perCrop)'!$R:$R,"IRRIGATED"),"") | BB71: =IFERROR(AVERAGEIFS('Data(perSeason,perCrop)'!$E:$E,'Data(perSeason,perCrop)'!$S:$S,Indicators!$B71,'Data(perSeason,perCrop)'!$O:$O,Indicators!BB$7,'Data(perSeason,perCrop)'!$C:$C,Indicators!BB$3,'Data(perSeason,perCrop)'!$R:$R,"IRRIGATED"),"") | BC71: =IFERROR(AVERAGEIFS('Data(perSeason,perCrop)'!$E:$E,'Data(perSeason,perCrop)'!$S:$S,Indicators!$B71,'Data(perSeason,perCrop)'!$O:$O,Indicators!BC$7,'Data(perSeason,perCrop)'!$C:$C,Indicators!BC$3,'Data(perSeason,perCrop)'!$R:$R,"IRRIGATED"),"") | BD71: =IFERROR(AVERAGEIFS('Data(perSeason,perCrop)'!$E:$E,'Data(perSeason,perCrop)'!$S:$S,Indicators!$B71,'Data(perSeason,perCrop)'!$O:$O,Indicators!BD$7,'Data(perSeason,perCrop)'!$C:$C,Indicators!BD$3,'Data(perSeason,perCrop)'!$R:$R,"IRRIGATED"),"") | BE71: =IFERROR(AVERAGEIFS('Data(perSeason,perCrop)'!$E:$E,'Data(perSeason,perCrop)'!$S:$S,Indicators!$B71,'Data(perSeason,perCrop)'!$O:$O,Indicators!BE$7,'Data(perSeason,perCrop)'!$C:$C,Indicators!BE$3,'Data(perSeason,perCrop)'!$R:$R,"IRRIGATED"),"") | BF71: =IFERROR(AVERAGEIFS('Data(perSeason,perCrop)'!$E:$E,'Data(perSeason,perCrop)'!$S:$S,Indicators!$B71,'Data(perSeason,perCrop)'!$O:$O,Indicators!BF$7,'Data(perSeason,perCrop)'!$C:$C,Indicators!BF$3,'Data(perSeason,perCrop)'!$R:$R,"IRRIGATED"),"") | ... CB71: =IFERROR(AVERAGEIFS('Data(perSeason,perCrop)'!$E:$E,'Data(perSeason,perCrop)'!$S:$S,Indicators!$B71,'Data(perSeason,perCrop)'!$O:$O,Indicators!CB$7,'Data(perSeason,perCrop)'!$C:$C,Indicators!CB$3,'Data(perSeason,perCrop)'!$R:$R,"IRRIGATED"),"") | CC71: =AVERAGEIFS('Data(perSeason,perCrop)'!$E:$E,'Data(perSeason,perCrop)'!$S:$S,Indicators!$B71,'Data(perSeason,perCrop)'!$O:$O,Indicators!CC$7,'Data(perSeason,perCrop)'!$C:$C,Indicators!CC$3,'Data(perSeason,perCrop)'!$R:$R,"IRRIGATED") -> #DIV/0! | CD71: =AVERAGEIFS('Data(perSeason,perCrop)'!$E:$E,'Data(perSeason,perCrop)'!$S:$S,Indicators!$B71,'Data(perSeason,perCrop)'!$O:$O,Indicators!CD$7,'Data(perSeason,perCrop)'!$C:$C,Indicators!CD$3,'Data(perSeason,perCrop)'!$R:$R,"IRRIGATED") -> #DIV/0! | CE71: =AVERAGEIFS('Data(perSeason,perCrop)'!$E:$E,'Data(perSeason,perCrop)'!$S:$S,Indicators!$B71,'Data(perSeason,perCrop)'!$O:$O,Indicators!CE$7,'Data(perSeason,perCrop)'!$C:$C,Indicators!CE$3,'Data(perSeason,perCrop)'!$R:$R,"IRRIGATED") -> #DIV/0! | CF71: =AVERAGEIFS('Data(perSeason,perCrop)'!$E:$E,'Data(perSeason,perCrop)'!$S:$S,Indicators!$B71,'Data(perSeason,perCrop)'!$O:$O,Indicators!CF$7,'Data(perSeason,perCrop)'!$C:$C,Indicators!CF$3,'Data(perSeason,perCrop)'!$R:$R,"IRRIGATED") -> #DIV/0! | CG71: =AVERAGEIFS('Data(perSeason,perCrop)'!$E:$E,'Data(perSeason,perCrop)'!$S:$S,Indicators!$B71,'Data(perSeason,perCrop)'!$O:$O,Indicators!CG$7,'Data(perSeason,perCrop)'!$C:$C,Indicators!CG$3,'Data(perSeason,perCrop)'!$R:$R,"IRRIGATED") -> #DIV/0! | CH71: =AVERAGEIFS('Data(perSeason,perCrop)'!$E:$E,'Data(perSeason,perCrop)'!$S:$S,Indicators!$B71,'Data(perSeason,perCrop)'!$O:$O,Indicators!CH$7,'Data(perSeason,perCrop)'!$C:$C,Indicators!CH$3,'Data(perSeason,perCrop)'!$R:$R,"IRRIGATED") -> #DIV/0! | CI71: =AVERAGEIFS('Data(perSeason,perCrop)'!$E:$E,'Data(perSeason,perCrop)'!$S:$S,Indicators!$B71,'Data(perSeason,perCrop)'!$O:$O,Indicators!CI$7,'Data(perSeason,perCrop)'!$C:$C,Indicators!CI$3,'Data(perSeason,perCrop)'!$R:$R,"IRRIGATED") -> #DIV/0! | CJ71: =AVERAGEIFS('Data(perSeason,perCrop)'!$E:$E,'Data(perSeason,perCrop)'!$S:$S,Indicators!$B71,'Data(perSeason,perCrop)'!$O:$O,Indicators!CJ$7,'Data(perSeason,perCrop)'!$C:$C,Indicators!CJ$3,'Data(perSeason,perCrop)'!$R:$R,"IRRIGATED") -> #DIV/0! | ... DG71: =AVERAGEIFS('Data(perSeason,perCrop)'!$E:$E,'Data(perSeason,perCrop)'!$S:$S,Indicators!$B71,'Data(perSeason,perCrop)'!$O:$O,Indicators!DG$7,'Data(perSeason,perCrop)'!$C:$C,Indicators!DG$3,'Data(perSeason,perCrop)'!$R:$R,"IRRIGATED") -> #DIV/0!
B72: 2022 | C72: =IF(COUNTIFS('Data(perSeason,perCrop)'!$S:$S,Indicators!$B72)>0,AVERAGEIFS('Data(perSeason,perCrop)'!$H:$H,'Data(perSeason,perCrop)'!$S:$S,Indicators!$B72,'Data(perSeason,perCrop)'!$O:$O,Indicators!C$7,'Data(perSeason,perCrop)'!$R:$R,"IRRIGATED"),"") -> 0.13123189 | D72: =IF(COUNTIFS('Data(perSeason,perCrop)'!$S:$S,Indicators!$B72)>0,AVERAGEIFS('Data(perSeason,perCrop)'!$H:$H,'Data(perSeason,perCrop)'!$S:$S,Indicators!$B72,'Data(perSeason,perCrop)'!$O:$O,Indicators!D$7,'Data(perSeason,perCrop)'!$R:$R,"IRRIGATED"),"") -> 0.04234814 | E72: =IF(COUNTIFS('Data(perSeason,perCrop)'!$S:$S,Indicators!$B72)>0,AVERAGEIFS('Data(perSeason,perCrop)'!$H:$H,'Data(perSeason,perCrop)'!$S:$S,Indicators!$B72,'Data(perSeason,perCrop)'!$O:$O,Indicators!E$7,'Data(perSeason,perCrop)'!$R:$R,"IRRIGATED"),"") -> 0.14274506 | F72: =IF(COUNTIFS('Data(perSeason,perCrop)'!$S:$S,Indicators!$B72)>0,AVERAGEIFS('Data(perSeason,perCrop)'!$H:$H,'Data(perSeason,perCrop)'!$S:$S,Indicators!$B72,'Data(perSeason,perCrop)'!$O:$O,Indicators!F$7,'Data(perSeason,perCrop)'!$R:$R,"IRRIGATED"),"") -> 0.095291979 | J72: ETa | K72: =AVERAGEIFS('Data(perSeason,perCrop)'!$E:$E,'Data(perSeason,perCrop)'!$S:$S,Indicators!$B72,'Data(perSeason,perCrop)'!$O:$O,Indicators!K$7,'Data(perSeason,perCrop)'!$C:$C,Indicators!K$3,'Data(perSeason,perCrop)'!$R:$R,"IRRIGATED") -> #DIV/0! | L72: =AVERAGEIFS('Data(perSeason,perCrop)'!$E:$E,'Data(perSeason,perCrop)'!$S:$S,Indicators!$B72,'Data(perSeason,perCrop)'!$O:$O,Indicators!L$7,'Data(perSeason,perCrop)'!$C:$C,Indicators!L$3,'Data(perSeason,perCrop)'!$R:$R,"IRRIGATED") -> #DIV/0! | M72: =AVERAGEIFS('Data(perSeason,perCrop)'!$E:$E,'Data(perSeason,perCrop)'!$S:$S,Indicators!$B72,'Data(perSeason,perCrop)'!$O:$O,Indicators!M$7,'Data(perSeason,perCrop)'!$C:$C,Indicators!M$3,'Data(perSeason,perCrop)'!$R:$R,"IRRIGATED") -> #DIV/0! | N72: =AVERAGEIFS('Data(perSeason,perCrop)'!$E:$E,'Data(perSeason,perCrop)'!$S:$S,Indicators!$B72,'Data(perSeason,perCrop)'!$O:$O,Indicators!N$7,'Data(perSeason,perCrop)'!$C:$C,Indicators!N$3,'Data(perSeason,perCrop)'!$R:$R,"IRRIGATED") -> 1036 | O72: =AVERAGEIFS('Data(perSeason,perCrop)'!$E:$E,'Data(perSeason,perCrop)'!$S:$S,Indicators!$B72,'Data(perSeason,perCrop)'!$O:$O,Indicators!O$7,'Data(perSeason,perCrop)'!$C:$C,Indicators!O$3,'Data(perSeason,perCrop)'!$R:$R,"IRRIGATED") -> 448 | P72: =AVERAGEIFS('Data(perSeason,perCrop)'!$E:$E,'Data(perSeason,perCrop)'!$S:$S,Indicators!$B72,'Data(perSeason,perCrop)'!$O:$O,Indicators!P$7,'Data(perSeason,perCrop)'!$C:$C,Indicators!P$3,'Data(perSeason,perCrop)'!$R:$R,"IRRIGATED") -> #DIV/0! | Q72: =AVERAGEIFS('Data(perSeason,perCrop)'!$E:$E,'Data(perSeason,perCrop)'!$S:$S,Indicators!$B72,'Data(perSeason,perCrop)'!$O:$O,Indicators!Q$7,'Data(perSeason,perCrop)'!$C:$C,Indicators!Q$3,'Data(perSeason,perCrop)'!$R:$R,"IRRIGATED") -> 855 | R72: =AVERAGEIFS('Data(perSeason,perCrop)'!$E:$E,'Data(perSeason,perCrop)'!$S:$S,Indicators!$B72,'Data(perSeason,perCrop)'!$O:$O,Indicators!R$7,'Data(perSeason,perCrop)'!$C:$C,Indicators!R$3,'Data(perSeason,perCrop)'!$R:$R,"IRRIGATED") -> #DIV/0! | ... AW72: =AVERAGEIFS('Data(perSeason,perCrop)'!$E:$E,'Data(perSeason,perCrop)'!$S:$S,Indicators!$B72,'Data(perSeason,perCrop)'!$O:$O,Indicators!AW$7,'Data(perSeason,perCrop)'!$C:$C,Indicators!AW$3,'Data(perSeason,perCrop)'!$R:$R,"IRRIGATED") -> #DIV/0! | AY72: =IFERROR(AVERAGEIFS('Data(perSeason,perCrop)'!$E:$E,'Data(perSeason,perCrop)'!$S:$S,Indicators!$B72,'Data(perSeason,perCrop)'!$O:$O,Indicators!AY$7,'Data(perSeason,perCrop)'!$C:$C,Indicators!AY$3,'Data(perSeason,perCrop)'!$R:$R,"IRRIGATED"),"") -> 222 | AZ72: =IFERROR(AVERAGEIFS('Data(perSeason,perCrop)'!$E:$E,'Data(perSeason,perCrop)'!$S:$S,Indicators!$B72,'Data(perSeason,perCrop)'!$O:$O,Indicators!AZ$7,'Data(perSeason,perCrop)'!$C:$C,Indicators!AZ$3,'Data(perSeason,perCrop)'!$R:$R,"IRRIGATED"),"") | BA72: =IFERROR(AVERAGEIFS('Data(perSeason,perCrop)'!$E:$E,'Data(perSeason,perCrop)'!$S:$S,Indicators!$B72,'Data(perSeason,perCrop)'!$O:$O,Indicators!BA$7,'Data(perSeason,perCrop)'!$C:$C,Indicators!BA$3,'Data(perSeason,perCrop)'!$R:$R,"IRRIGATED"),"") | BB72: =IFERROR(AVERAGEIFS('Data(perSeason,perCrop)'!$E:$E,'Data(perSeason,perCrop)'!$S:$S,Indicators!$B72,'Data(perSeason,perCrop)'!$O:$O,Indicators!BB$7,'Data(perSeason,perCrop)'!$C:$C,Indicators!BB$3,'Data(perSeason,perCrop)'!$R:$R,"IRRIGATED"),"") | BC72: =IFERROR(AVERAGEIFS('Data(perSeason,perCrop)'!$E:$E,'Data(perSeason,perCrop)'!$S:$S,Indicators!$B72,'Data(perSeason,perCrop)'!$O:$O,Indicators!BC$7,'Data(perSeason,perCrop)'!$C:$C,Indicators!BC$3,'Data(perSeason,perCrop)'!$R:$R,"IRRIGATED"),"") | BD72: =IFERROR(AVERAGEIFS('Data(perSeason,perCrop)'!$E:$E,'Data(perSeason,perCrop)'!$S:$S,Indicators!$B72,'Data(perSeason,perCrop)'!$O:$O,Indicators!BD$7,'Data(perSeason,perCrop)'!$C:$C,Indicators!BD$3,'Data(perSeason,perCrop)'!$R:$R,"IRRIGATED"),"") | BE72: =IFERROR(AVERAGEIFS('Data(perSeason,perCrop)'!$E:$E,'Data(perSeason,perCrop)'!$S:$S,Indicators!$B72,'Data(perSeason,perCrop)'!$O:$O,Indicators!BE$7,'Data(perSeason,perCrop)'!$C:$C,Indicators!BE$3,'Data(perSeason,perCrop)'!$R:$R,"IRRIGATED"),"") | BF72: =IFERROR(AVERAGEIFS('Data(perSeason,perCrop)'!$E:$E,'Data(perSeason,perCrop)'!$S:$S,Indicators!$B72,'Data(perSeason,perCrop)'!$O:$O,Indicators!BF$7,'Data(perSeason,perCrop)'!$C:$C,Indicators!BF$3,'Data(perSeason,perCrop)'!$R:$R,"IRRIGATED"),"") | ... CB72: =IFERROR(AVERAGEIFS('Data(perSeason,perCrop)'!$E:$E,'Data(perSeason,perCrop)'!$S:$S,Indicators!$B72,'Data(perSeason,perCrop)'!$O:$O,Indicators!CB$7,'Data(perSeason,perCrop)'!$C:$C,Indicators!CB$3,'Data(perSeason,perCrop)'!$R:$R,"IRRIGATED"),"") | CC72: =AVERAGEIFS('Data(perSeason,perCrop)'!$E:$E,'Data(perSeason,perCrop)'!$S:$S,Indicators!$B72,'Data(perSeason,perCrop)'!$O:$O,Indicators!CC$7,'Data(perSeason,perCrop)'!$C:$C,Indicators!CC$3,'Data(perSeason,perCrop)'!$R:$R,"IRRIGATED") -> #DIV/0! | CD72: =AVERAGEIFS('Data(perSeason,perCrop)'!$E:$E,'Data(perSeason,perCrop)'!$S:$S,Indicators!$B72,'Data(perSeason,perCrop)'!$O:$O,Indicators!CD$7,'Data(perSeason,perCrop)'!$C:$C,Indicators!CD$3,'Data(perSeason,perCrop)'!$R:$R,"IRRIGATED") -> #DIV/0! | CE72: =AVERAGEIFS('Data(perSeason,perCrop)'!$E:$E,'Data(perSeason,perCrop)'!$S:$S,Indicators!$B72,'Data(perSeason,perCrop)'!$O:$O,Indicators!CE$7,'Data(perSeason,perCrop)'!$C:$C,Indicators!CE$3,'Data(perSeason,perCrop)'!$R:$R,"IRRIGATED") -> #DIV/0! | CF72: =AVERAGEIFS('Data(perSeason,perCrop)'!$E:$E,'Data(perSeason,perCrop)'!$S:$S,Indicators!$B72,'Data(perSeason,perCrop)'!$O:$O,Indicators!CF$7,'Data(perSeason,perCrop)'!$C:$C,Indicators!CF$3,'Data(perSeason,perCrop)'!$R:$R,"IRRIGATED") -> #DIV/0! | CG72: =AVERAGEIFS('Data(perSeason,perCrop)'!$E:$E,'Data(perSeason,perCrop)'!$S:$S,Indicators!$B72,'Data(perSeason,perCrop)'!$O:$O,Indicators!CG$7,'Data(perSeason,perCrop)'!$C:$C,Indicators!CG$3,'Data(perSeason,perCrop)'!$R:$R,"IRRIGATED") -> #DIV/0! | CH72: =AVERAGEIFS('Data(perSeason,perCrop)'!$E:$E,'Data(perSeason,perCrop)'!$S:$S,Indicators!$B72,'Data(perSeason,perCrop)'!$O:$O,Indicators!CH$7,'Data(perSeason,perCrop)'!$C:$C,Indicators!CH$3,'Data(perSeason,perCrop)'!$R:$R,"IRRIGATED") -> #DIV/0! | CI72: =AVERAGEIFS('Data(perSeason,perCrop)'!$E:$E,'Data(perSeason,perCrop)'!$S:$S,Indicators!$B72,'Data(perSeason,perCrop)'!$O:$O,Indicators!CI$7,'Data(perSeason,perCrop)'!$C:$C,Indicators!CI$3,'Data(perSeason,perCrop)'!$R:$R,"IRRIGATED") -> #DIV/0! | CJ72: =AVERAGEIFS('Data(perSeason,perCrop)'!$E:$E,'Data(perSeason,perCrop)'!$S:$S,Indicators!$B72,'Data(perSeason,perCrop)'!$O:$O,Indicators!CJ$7,'Data(perSeason,perCrop)'!$C:$C,Indicators!CJ$3,'Data(perSeason,perCrop)'!$R:$R,"IRRIGATED") -> #DIV/0! | ... DG72: =AVERAGEIFS('Data(perSeason,perCrop)'!$E:$E,'Data(perSeason,perCrop)'!$S:$S,Indicators!$B72,'Data(perSeason,perCrop)'!$O:$O,Indicators!DG$7,'Data(perSeason,perCrop)'!$C:$C,Indicators!DG$3,'Data(perSeason,perCrop)'!$R:$R,"IRRIGATED") -> #DIV/0!
B73: AVERAGE | C73: =AVERAGE(C68:C72) -> 0.16114461 | D73: =AVERAGE(D68:D72) -> 0.042476905 | E73: =AVERAGE(E68:E72) -> 0.12016232 | F73: =AVERAGE(F68:F72) -> 0.10352414 | J73: ETa | K73: =AVERAGE(K68:K72) -> #DIV/0! | L73: =AVERAGE(L68:L72) -> #DIV/0! | M73: =AVERAGE(M68:M72) -> #DIV/0! | N73: =AVERAGE(N68:N72) -> 990.6 | O73: =AVERAGE(O68:O72) -> 455.2 | P73: =AVERAGE(P68:P72) -> #DIV/0! | Q73: =AVERAGE(Q68:Q72) -> 869 | R73: =AVERAGE(R68:R72) -> #DIV/0! | ... AW73: =AVERAGE(AW68:AW72) -> #DIV/0! | AX73: =IFERROR(AVERAGE(AX68:AX72),"") | AY73: =IFERROR(AVERAGE(AY68:AY72),"") -> 222.2 | AZ73: =IFERROR(AVERAGE(AZ68:AZ72),"") | BA73: =IFERROR(AVERAGE(BA68:BA72),"") | BB73: =IFERROR(AVERAGE(BB68:BB72),"") | BC73: =IFERROR(AVERAGE(BC68:BC72),"") | BD73: =IFERROR(AVERAGE(BD68:BD72),"") | BE73: =IFERROR(AVERAGE(BE68:BE72),"") | ... CB73: =IFERROR(AVERAGE(CB68:CB72),"") | CC73: =AVERAGE(CC68:CC72) -> #DIV/0! | CD73: =AVERAGE(CD68:CD72) -> #DIV/0! | CE73: =AVERAGE(CE68:CE72) -> #DIV/0! | CF73: =AVERAGE(CF68:CF72) -> #DIV/0! | CG73: =AVERAGE(CG68:CG72) -> #DIV/0! | CH73: =AVERAGE(CH68:CH72) -> #DIV/0! | CI73: =AVERAGE(CI68:CI72) -> #DIV/0! | CJ73: =AVERAGE(CJ68:CJ72) -> #DIV/0! | ... DG73: =AVERAGE(DG68:DG72) -> #DIV/0!
A74: Equity | B74: 2018 | C74: =IF(COUNTIFS('Data(perSeason,perCrop)'!$S:$S,Indicators!$B68)>0,AVERAGEIFS('Data(perSeason,perCrop)'!$I:$I,'Data(perSeason,perCrop)'!$S:$S,Indicators!$B74,'Data(perSeason,perCrop)'!$O:$O,Indicators!C$7,'Data(perSeason,perCrop)'!$R:$R,"IRRIGATED"),"") -> 0.52725009 | D74: =IF(COUNTIFS('Data(perSeason,perCrop)'!$S:$S,Indicators!$B68)>0,AVERAGEIFS('Data(perSeason,perCrop)'!$I:$I,'Data(perSeason,perCrop)'!$S:$S,Indicators!$B74,'Data(perSeason,perCrop)'!$O:$O,Indicators!D$7,'Data(perSeason,perCrop)'!$R:$R,"IRRIGATED"),"") -> 0.38562956 | E74: =IF(COUNTIFS('Data(perSeason,perCrop)'!$S:$S,Indicators!$B68)>0,AVERAGEIFS('Data(perSeason,perCrop)'!$I:$I,'Data(perSeason,perCrop)'!$S:$S,Indicators!$B74,'Data(perSeason,perCrop)'!$O:$O,Indicators!E$7,'Data(perSeason,perCrop)'!$R:$R,"IRRIGATED"),"") -> 0.33488716 | F74: =IF(COUNTIFS('Data(perSeason,perCrop)'!$S:$S,Indicators!$B68)>0,AVERAGEIFS('Data(perSeason,perCrop)'!$I:$I,'Data(perSeason,perCrop)'!$S:$S,Indicators!$B74,'Data(perSeason,perCrop)'!$O:$O,Indicators!F$7,'Data(perSeason,perCrop)'!$R:$R,"IRRIGATED"),"") -> 0.75002359 | J74: TBP | K74: =AVERAGEIFS('Data(perSeason,perCrop)'!$P:$P,'Data(perSeason,perCrop)'!$S:$S,Indicators!$B80,'Data(perSeason,perCrop)'!$O:$O,Indicators!K$7,'Data(perSeason,perCrop)'!$C:$C,Indicators!K$3,'Data(perSeason,perCrop)'!$R:$R,"IRRIGATED") -> 15645 | L74: =AVERAGEIFS('Data(perSeason,perCrop)'!$P:$P,'Data(perSeason,perCrop)'!$S:$S,Indicators!$B80,'Data(perSeason,perCrop)'!$O:$O,Indicators!L$7,'Data(perSeason,perCrop)'!$C:$C,Indicators!L$3,'Data(perSeason,perCrop)'!$R:$R,"IRRIGATED") -> #DIV/0! | M74: =AVERAGEIFS('Data(perSeason,perCrop)'!$P:$P,'Data(perSeason,perCrop)'!$S:$S,Indicators!$B80,'Data(perSeason,perCrop)'!$O:$O,Indicators!M$7,'Data(perSeason,perCrop)'!$C:$C,Indicators!M$3,'Data(perSeason,perCrop)'!$R:$R,"IRRIGATED") -> #DIV/0! | N74: =AVERAGEIFS('Data(perSeason,perCrop)'!$P:$P,'Data(perSeason,perCrop)'!$S:$S,Indicators!$B80,'Data(perSeason,perCrop)'!$O:$O,Indicators!N$7,'Data(perSeason,perCrop)'!$C:$C,Indicators!N$3,'Data(perSeason,perCrop)'!$R:$R,"IRRIGATED") -> 19377 | O74: =AVERAGEIFS('Data(perSeason,perCrop)'!$P:$P,'Data(perSeason,perCrop)'!$S:$S,Indicators!$B80,'Data(perSeason,perCrop)'!$O:$O,Indicators!O$7,'Data(perSeason,perCrop)'!$C:$C,Indicators!O$3,'Data(perSeason,perCrop)'!$R:$R,"IRRIGATED") -> 11892 | P74: =AVERAGEIFS('Data(perSeason,perCrop)'!$P:$P,'Data(perSeason,perCrop)'!$S:$S,Indicators!$B80,'Data(perSeason,perCrop)'!$O:$O,Indicators!P$7,'Data(perSeason,perCrop)'!$C:$C,Indicators!P$3,'Data(perSeason,perCrop)'!$R:$R,"IRRIGATED") -> #DIV/0! | Q74: =AVERAGEIFS('Data(perSeason,perCrop)'!$P:$P,'Data(perSeason,perCrop)'!$S:$S,Indicators!$B80,'Data(perSeason,perCrop)'!$O:$O,Indicators!Q$7,'Data(perSeason,perCrop)'!$C:$C,Indicators!Q$3,'Data(perSeason,perCrop)'!$R:$R,"IRRIGATED") -> 14847 | R74: =AVERAGEIFS('Data(perSeason,perCrop)'!$P:$P,'Data(perSeason,perCrop)'!$S:$S,Indicators!$B80,'Data(perSeason,perCrop)'!$O:$O,Indicators!R$7,'Data(perSeason,perCrop)'!$C:$C,Indicators!R$3,'Data(perSeason,perCrop)'!$R:$R,"IRRIGATED") -> #DIV/0! | ... AW74: =AVERAGEIFS('Data(perSeason,perCrop)'!$P:$P,'Data(perSeason,perCrop)'!$S:$S,Indicators!$B80,'Data(perSeason,perCrop)'!$O:$O,Indicators!AW$7,'Data(perSeason,perCrop)'!$C:$C,Indicators!AW$3,'Data(perSeason,perCrop)'!$R:$R,"IRRIGATED") -> #DIV/0! | AY74: =AVERAGEIFS('Data(perSeason,perCrop)'!$P:$P,'Data(perSeason,perCrop)'!$S:$S,Indicators!$B80,'Data(perSeason,perCrop)'!$O:$O,Indicators!AY$7,'Data(perSeason,perCrop)'!$C:$C,Indicators!AY$3,'Data(perSeason,perCrop)'!$R:$R,"IRRIGATED") -> 6299 | AZ74: =AVERAGEIFS('Data(perSeason,perCrop)'!$P:$P,'Data(perSeason,perCrop)'!$S:$S,Indicators!$B80,'Data(perSeason,perCrop)'!$O:$O,Indicators!AZ$7,'Data(perSeason,perCrop)'!$C:$C,Indicators!AZ$3,'Data(perSeason,perCrop)'!$R:$R,"IRRIGATED") -> #DIV/0! | BB74: =AVERAGEIFS('Data(perSeason,perCrop)'!$P:$P,'Data(perSeason,perCrop)'!$S:$S,Indicators!$B80,'Data(perSeason,perCrop)'!$O:$O,Indicators!BB$7,'Data(perSeason,perCrop)'!$C:$C,Indicators!BB$3,'Data(perSeason,perCrop)'!$R:$R,"IRRIGATED") -> #DIV/0! | BC74: =AVERAGEIFS('Data(perSeason,perCrop)'!$P:$P,'Data(perSeason,perCrop)'!$S:$S,Indicators!$B80,'Data(perSeason,perCrop)'!$O:$O,Indicators!BC$7,'Data(perSeason,perCrop)'!$C:$C,Indicators!BC$3,'Data(perSeason,perCrop)'!$R:$R,"IRRIGATED") -> #DIV/0! | BD74: =AVERAGEIFS('Data(perSeason,perCrop)'!$P:$P,'Data(perSeason,perCrop)'!$S:$S,Indicators!$B80,'Data(perSeason,perCrop)'!$O:$O,Indicators!BD$7,'Data(perSeason,perCrop)'!$C:$C,Indicators!BD$3,'Data(perSeason,perCrop)'!$R:$R,"IRRIGATED") -> #DIV/0! | BE74: =AVERAGEIFS('Data(perSeason,perCrop)'!$P:$P,'Data(perSeason,perCrop)'!$S:$S,Indicators!$B80,'Data(perSeason,perCrop)'!$O:$O,Indicators!BE$7,'Data(perSeason,perCrop)'!$C:$C,Indicators!BE$3,'Data(perSeason,perCrop)'!$R:$R,"IRRIGATED") -> #DIV/0! | BG74: =AVERAGEIFS('Data(perSeason,perCrop)'!$P:$P,'Data(perSeason,perCrop)'!$S:$S,Indicators!$B80,'Data(perSeason,perCrop)'!$O:$O,Indicators!BG$7,'Data(perSeason,perCrop)'!$C:$C,Indicators!BG$3,'Data(perSeason,perCrop)'!$R:$R,"IRRIGATED") -> #DIV/0! | BI74: =AVERAGEIFS('Data(perSeason,perCrop)'!$P:$P,'Data(perSeason,perCrop)'!$S:$S,Indicators!$B80,'Data(perSeason,perCrop)'!$O:$O,Indicators!BI$7,'Data(perSeason,perCrop)'!$C:$C,Indicators!BI$3,'Data(perSeason,perCrop)'!$R:$R,"IRRIGATED") -> #DIV/0! | BJ74: =AVERAGEIFS('Data(perSeason,perCrop)'!$P:$P,'Data(perSeason,perCrop)'!$S:$S,Indicators!$B80,'Data(perSeason,perCrop)'!$O:$O,Indicators!BJ$7,'Data(perSeason,perCrop)'!$C:$C,Indicators!BJ$3,'Data(perSeason,perCrop)'!$R:$R,"IRRIGATED") -> #DIV/0! | BK74: =AVERAGEIFS('Data(perSeason,perCrop)'!$P:$P,'Data(perSeason,perCrop)'!$S:$S,Indicators!$B80,'Data(perSeason,perCrop)'!$O:$O,Indicators!BK$7,'Data(perSeason,perCrop)'!$C:$C,Indicators!BK$3,'Data(perSeason,perCrop)'!$R:$R,"IRRIGATED") -> #DIV/0! | BL74: =AVERAGEIFS('Data(perSeason,perCrop)'!$P:$P,'Data(perSeason,perCrop)'!$S:$S,Indicators!$B80,'Data(perSeason,perCrop)'!$O:$O,Indicators!BL$7,'Data(perSeason,perCrop)'!$C:$C,Indicators!BL$3,'Data(perSeason,perCrop)'!$R:$R,"IRRIGATED") -> 6293 | BM74: =AVERAGEIFS('Data(perSeason,perCrop)'!$P:$P,'Data(perSeason,perCrop)'!$S:$S,Indicators!$B80,'Data(perSeason,perCrop)'!$O:$O,Indicators!BM$7,'Data(perSeason,perCrop)'!$C:$C,Indicators!BM$3,'Data(perSeason,perCrop)'!$R:$R,"IRRIGATED") -> #DIV/0! | BN74: =AVERAGEIFS('Data(perSeason,perCrop)'!$P:$P,'Data(perSeason,perCrop)'!$S:$S,Indicators!$B80,'Data(perSeason,perCrop)'!$O:$O,Indicators!BN$7,'Data(perSeason,perCrop)'!$C:$C,Indicators!BN$3,'Data(perSeason,perCrop)'!$R:$R,"IRRIGATED") -> 5782 | BO74: =AVERAGEIFS('Data(perSeason,perCrop)'!$P:$P,'Data(perSeason,perCrop)'!$S:$S,Indicators!$B80,'Data(perSeason,perCrop)'!$O:$O,Indicators!BO$7,'Data(perSeason,perCrop)'!$C:$C,Indicators!BO$3,'Data(perSeason,perCrop)'!$R:$R,"IRRIGATED") -> #DIV/0! | BP74: =AVERAGEIFS('Data(perSeason,perCrop)'!$P:$P,'Data(perSeason,perCrop)'!$S:$S,Indicators!$B80,'Data(perSeason,perCrop)'!$O:$O,Indicators!BP$7,'Data(perSeason,perCrop)'!$C:$C,Indicators!BP$3,'Data(perSeason,perCrop)'!$R:$R,"IRRIGATED") -> #DIV/0! | ... DG74: =AVERAGEIFS('Data(perSeason,perCrop)'!$P:$P,'Data(perSeason,perCrop)'!$S:$S,Indicators!$B80,'Data(perSeason,perCrop)'!$O:$O,Indicators!DG$7,'Data(perSeason,perCrop)'!$C:$C,Indicators!DG$3,'Data(perSeason,perCrop)'!$R:$R,"IRRIGATED") -> #DIV/0!
