Workbook

Sheet User_Inputs
B2: Name of scheme | C2: Ong | F2: Comments
B3: CCA (ha) | C3: 17276
B4: Total Command Area (ha) | C4: 30837.7
B5: Arable Land (ha) | C5: 16663
B6: Irrigable Land (ha) | C6: 13657
B7: Number of Years | C7: =COUNT(_xlfn.UNIQUE(#REF!)) -> 0 | F7: Consider years within the period 2018-2022 only
B9: Sheets | C9: Description | D9: Inputs Required | E9: Optional Inputs | F9: Comments
B10: SCORES | C10: Benchmarking: final values and scores | D10: Yes | E10: Yes
B11: Data(perSeason,perCrop) | C11: Data exported from GEE (per season, per crop, per year) | D11: Yes
B12: Data(perCrop) | C12: Data exported from GEE (per crop and per year) | D12: Yes
B13: Data(FAO-AQUASTAT) | C13: Crop water requirements according to FAO-AQUASTAT | D13: Yes | F13: Fraction of irrigated area currently represented: | G13: =#REF! -> #REF!
B14: Indicators | C14: Annual benchmarking indicators, overall
B15: Indicators(perCrop) | C15: Annual benchmarking indicators, per crop type
B16: SummaryTable | C16: Summary table of benchmarking statistics
B17: Figures | C17: Figures
B19: Indicator | C19: Description | D19: Unit | E19: Temporal Resolution | F19: Required Inputs | G19: Comment
A20: 1 | B20: Cropping Intensity | D20: - | E20: Annual | F20: "Data(perSeason,perCrop)": Area | G20: Calculate based on CCA
A21: 2 | B21: Irrigation Utilization | C21: Fraction of command area irrigated | D21: % | E21: Seasonal or Annual | F21: "Data(perSeason,perCrop)": Area | G21: Calculate based on CCA
A22: 3 | B22: Low Water Intensive Crops | C22: Fraction of low water intensive irrigated crops | D22: % | E22: Seasonal or Annual | F22: "Data(FAO-AQUASTAT)": ETc-Crop "Data(perCrop)": Area | G22: https://aquastat.fao.org/
A23: 4 | B23: Adequacy | C23: RWD=1-(Eta/Etp) | D23: - | E23: Seasonal or Annual | F23: "Data(perCrop)": Area, ETa, ETaMax
A24: 5 | B24: Equity | C24: Standard deviation of ETa over irrigated areas divided by average ETa | D24: - | E24: Seasonal or Annual | F24: "Data(perSeason,perCrop)": ETcv or Etcv_blue
A25: 6 | B25: Productivity | C25: Water Productivity (in terms of yield) | D25: kg/m3 | E25: Annual (per crop) | F25: "Data(perCrop)": TBP, ETa
A26: 7 | B26: Reliability | C26: Range of average crop-specific monthly Relative ET (ET/ETp), considering for each scheme the most common irrigated crop(s) and the corresponding cropping season | D26: % | E26: Annual (per crop) | F26: "Data(perSeason,perCrop)": RETmax, RETmin "Data(perCrop)": Area
A27: 8 | B27: Yield Gap due to water stress | C27: (Ypotential​−Yactual​​)/(Ypotential​)×100 | D27: % | E27: Annual (per crop) | F27: "Data(perCrop)": TBP, TBP_P

Sheet SCORES
B1: Indicator | C1: Description | D1: Units | E1: Crop Specific (Y/N) | F1: Crop Types | G1: Descending/Ascending | H1: Parameter | I1: Parameter value | J1: Critical Value | K1: Target Value | L1: Season (s) | P1: Indicator Weight | Q1: Value | R1: Score
L2: Kharif | M2: Rabi | N2: Zaid | O2: Annual
A3: 1 | B3: Cropping Intensity | C3: Cropping Intensity, considering CCA | D3: %/100 | E3: N | F3: All Annual Crops | G3: A | J3: 1 | K3: 1.5 | O3: 1 | P3: 1 | Q3: =#REF! -> #REF! | R3: =IF($G3="D",MIN(MAX(1,11-ROUND(((Q3-$K3)/($J3-$K3))*9+1,0)),10),MIN(MAX(1,ROUND(((Q3-$J3)/($K3-$J3))*9+1,0)),10)) -> #REF!
A4: 2 | B4: Irrigation Utilization | C4: Fraction of CCA irrigated | D4: %/100 | E4: N | F4: All Irrigated Crops | G4: A | J4: 0.25 | K4: 0.8 | O4: 1 | P4: 1 | Q4: =(L4*#REF!+SCORES!M4*#REF!+SCORES!N4*#REF!+SCORES!O4*#REF!)/SUM(L4:O4) -> #REF! | R4: =IF($G4="D",MIN(MAX(1,11-ROUND(((Q4-$K4)/($J4-$K4))*9+1,0)),10),MIN(MAX(1,ROUND(((Q4-$J4)/($K4-$J4))*9+1,0)),10)) -> #REF!
A5: 3 | B5: Low Water Intensive Crops | C5: Fraction of low water intensive irrigated crops, based on FAO-AQUASTAT crop water requirements | D5: %/100 | E5: Y | F5: All irrigated Crops, based on FAO-AQUASTAT crop water requirements | G5: A | H5: Threshold value to identify water intensive crops, per full cropping period [mm] | I5: 500 | J5: 0 | K5: 1 | O5: 1 | P5: 0 | Q5: =#REF! -> #REF! | R5: =IF($G5="D",MIN(MAX(1,11-ROUND(((IF(ISNUMBER(Q5),Q5,Q6)-$K5)/($J5-$K5))*9+1,0)),10),MIN(MAX(1,ROUND(((IF(ISNUMBER(Q5),Q5,Q6)-$J5)/($K5-$J5))*9+1,0)),10)) -> #REF!
E6: N | F6: All irrigated Crops, based on Etp (90th percentile of ETa according to RS analysis) | G6: A | H6: Threshold value to identify water intensive crops, per season [mm] | I6: 300 | J6: 0 | K6: 1 | L6: 1 | M6: 1 | O6: 1 | Q6: =(L6*#REF!+SCORES!M6*#REF!+SCORES!N6*#REF!+SCORES!O6*#REF!)/SUM(L6:O6) -> #REF!
A7: 4 | B7: Adequacy | C7: RWD=1-(Eta/Etp) | D7: - | E7: N | F7: Weighted mean of all crops (weighted by irrigated area per crop) | G7: D | J7: 0.4 | K7: 0 | O7: 1 | P7: 1 | Q7: =(L7*#REF!+SCORES!M7*#REF!+SCORES!N7*#REF!+SCORES!O7*#REF!)/SUM(L7:O7) -> #REF! | R7: =IF($G7="D",MIN(MAX(1,11-ROUND(((Q7-$K7)/($J7-$K7))*9+1,0)),10),MIN(MAX(1,ROUND(((Q7-$J7)/($K7-$J7))*9+1,0)),10)) -> #REF!
A8: 5 | B8: Equity | C8: Standard deviation of ETa over irrigated areas divided by average ETa | D8: - | E8: N | F8: Weighted mean of all crops (weighted by irrigated area per crop) | G8: D | J8: 0.4 | K8: 0 | M8: 1 | P8: 1 | Q8: =(L8*#REF!+SCORES!M8*#REF!+SCORES!N8*#REF!+SCORES!O8*#REF!)/SUM(L8:O8) -> #REF! | R8: =IF($G8="D",MIN(MAX(1,11-ROUND(((Q8-$K8)/($J8-$K8))*9+1,0)),10),MIN(MAX(1,ROUND(((Q8-$J8)/($K8-$J8))*9+1,0)),10)) -> #REF!
C9: Standard deviation of ETblue over irrigated areas divided by average ETblue | D9: - | E9: N | F9: Weighted mean of all crops (weighted by irrigated area per crop) | G9: D | K9: 0 | M9: 1 | P9: 0 | Q9: =(L9*#REF!+SCORES!M9*#REF!+SCORES!N9*#REF!+SCORES!O9*#REF!)/SUM(L9:O9) -> #REF! | R9: =IF(ISNUMBER(J9),IF($G9="D",MIN(MAX(1,11-ROUND(((Q9-$K9)/($J9-$K9))*9+1,0)),10),MIN(MAX(1,ROUND(((Q9-$J9)/($K9-$J9))*9+1,0)),10)),"")
A10: 6 | B10: Productivity | C10: Water Productivity (in terms of yield) | D10: kg/m3 | E10: Y | P10: 1 | R10: =AVERAGE(R11:R16) -> #DIV/0!
F11: Cotton | G11: A | J11: 0.10559418 | K11: 0.41678402 | Q11: =#REF! -> #REF! | R11: =IF(ISNUMBER(Q11),IF($G11="D",MIN(MAX(1,11-ROUND(((Q11-$K11)/($J11-$K11))*9+1,0)),10),MIN(MAX(1,ROUND(((Q11-$J11)/($K11-$J11))*9+1,0)),10)),"")
F12: Jowar | G12: A | J12: 0.53490679 | K12: 0.8184797 | Q12: =#REF! -> #REF! | R12: =IF(ISNUMBER(Q12),IF($G12="D",MIN(MAX(1,11-ROUND(((Q12-$K12)/($J12-$K12))*9+1,0)),10),MIN(MAX(1,ROUND(((Q12-$J12)/($K12-$J12))*9+1,0)),10)),"")
F13: Paddy | G13: A | J13: 0.46496334 | K13: 1 | Q13: =#REF! -> #REF! | R13: =IF(ISNUMBER(Q13),IF($G13="D",MIN(MAX(1,11-ROUND(((Q13-$K13)/($J13-$K13))*9+1,0)),10),MIN(MAX(1,ROUND(((Q13-$J13)/($K13-$J13))*9+1,0)),10)),"")
F14: Sugarcane | G14: A | J14: 3.8966165 | K14: 5.234192 | Q14: =#REF! -> #REF! | R14: =IF(ISNUMBER(Q14),IF($G14="D",MIN(MAX(1,11-ROUND(((Q14-$K14)/($J14-$K14))*9+1,0)),10),MIN(MAX(1,ROUND(((Q14-$J14)/($K14-$J14))*9+1,0)),10)),"")
F15: Mustard (Forage) | G15: A | J15: 2.9234075 | K15: 3.6598924 | Q15: =#REF! -> #REF! | R15: =IF(ISNUMBER(Q15),IF($G15="D",MIN(MAX(1,11-ROUND(((Q15-$K15)/($J15-$K15))*9+1,0)),10),MIN(MAX(1,ROUND(((Q15-$J15)/($K15-$J15))*9+1,0)),10)),"")
F16: Wheat | G16: A | J16: 1.0734831 | K16: 1.4866771 | Q16: =#REF! -> #REF! | R16: =IF(ISNUMBER(Q16),IF($G16="D",MIN(MAX(1,11-ROUND(((Q16-$K16)/($J16-$K16))*9+1,0)),10),MIN(MAX(1,ROUND(((Q16-$J16)/($K16-$J16))*9+1,0)),10)),"")
A17: 7 | B17: Reliability | C17: Range of average crop-specific monthly Relative ET (ET/ETp) | D17: %/100 | E17: N | F17: Weighted mean of all crops (weighted by irrigated area per crop) | G17: D | J17: 0.4 | K17: 0 | P17: 1 | Q17: =#REF! -> #REF! | R17: =IF($G17="D",MIN(MAX(1,11-ROUND(((Q17-$K17)/($J17-$K17))*9+1,0)),10),MIN(MAX(1,ROUND(((Q17-$J17)/($K17-$J17))*9+1,0)),10)) -> #REF!
A18: 8 | B18: Yield Gap due to water stress | C18: (Ypotential​−Yactual​​)/(Ypotential​)×100 | D18: %/100 | E18: N | F18: Weighted mean of all crops (weighted by irrigated area per crop) | G18: D | J18: 0.4 | K18: 0 | P18: 1 | Q18: =#REF! -> #REF! | R18: =IF($G18="D",MIN(MAX(1,11-ROUND(((Q18-$K18)/($J18-$K18))*9+1,0)),10),MIN(MAX(1,ROUND(((Q18-$J18)/($K18-$J18))*9+1,0)),10)) -> #REF!
Q20: AVERAGE SCORE | R20: =(SUMPRODUCT($P7:$P10,R7:R10)+SUMPRODUCT($P17:$P18,R17:R18)+SUMPRODUCT($P3:$P5,R3:R5))/SUM($P7:$P10,$P17:$P18,P3:P5) -> #REF!

Sheet SummaryTable
A1: =SCORES!B1 -> Indicator | B1: =SCORES!C1 -> Description | C1: =SCORES!D1 -> Units | D1: =SCORES!J1 -> Critical Value | E1: =SCORES!K1 -> Target Value | F1: =SCORES!Q1 -> Value | G1: Score
A2: =SCORES!B3 -> Cropping Intensity | B2: =SCORES!C3 -> Cropping Intensity, considering CCA | C2: =SCORES!D3 -> %/100 | D2: =SCORES!J3 -> 1 | E2: =SCORES!K3 -> 1.5 | F2: =SCORES!Q3 -> #REF! | G2: =SCORES!R3 -> #REF!
A3: =SCORES!B4 -> Irrigation Utilization | B3: =SCORES!C4 -> Fraction of CCA irrigated | C3: =SCORES!D4 -> %/100 | D3: =SCORES!J4 -> 0.25 | E3: =SCORES!K4 -> 0.8 | F3: =SCORES!Q4 -> #REF! | G3: =SCORES!R4 -> #REF!
A4: =SCORES!B5 -> Low Water Intensive Crops | B4: Fraction of low water intensive irrigated crops | C4: =SCORES!D5 -> %/100 | D4: =SCORES!J5 -> 0 | E4: =SCORES!K5 -> 1 | F4: =IF(ISNUMBER(SCORES!Q5),SCORES!Q5,SCORES!Q6) -> #REF! | G4: =SCORES!R5 -> #REF!
A5: =SCORES!B7 -> Adequacy | B5: =SCORES!C7 -> RWD=1-(Eta/Etp) | C5: =SCORES!D7 -> - | D5: =SCORES!J7 -> 0.4 | E5: =SCORES!K7 -> 0 | F5: =SCORES!Q7 -> #REF! | G5: =SCORES!R7 -> #REF!
A6: =SCORES!B8 -> Equity | B6: =SCORES!C8 -> Standard deviation of ETa over irrigated areas divided by average ETa | C6: =SCORES!D8 -> - | D6: =SCORES!J8 -> 0.4 | E6: =SCORES!K8 -> 0 | F6: =SCORES!Q8 -> #REF! | G6: =SCORES!R8 -> #REF!
A7: =SCORES!B10 -> Productivity | B7: =SCORES!C10 -> Water Productivity (in terms of yield) | C7: =SCORES!D10 -> kg/m3 | G7: =SCORES!R10 -> #DIV/0!
B8: Cotton | D8: 0.10559418 | E8: 0.41678402 | F8: =SCORES!Q11 -> #REF! | G8: =SCORES!R11
B9: Jowar | D9: 0.53490679 | E9: 0.8184797 | F9: =SCORES!Q12 -> #REF! | G9: =SCORES!R12
B10: Paddy | D10: 0.46496334 | E10: 1 | F10: =SCORES!Q13 -> #REF! | G10: =SCORES!R13
B11: Sugarcane | D11: 3.8966165 | E11: 5.234192 | F11: =SCORES!Q14 -> #REF! | G11: =SCORES!R14
B12: Mustard (Forage) | D12: 2.9234075 | E12: 3.6598924 | F12: =SCORES!Q15 -> #REF! | G12: =SCORES!R15
B13: Wheat | D13: 1.0734831 | E13: 1.4866771 | F13: =SCORES!Q16 -> #REF! | G13: =SCORES!R16
A14: =SCORES!B17 -> Reliability | B14: =SCORES!C17 -> Range of average crop-specific monthly Relative ET (ET/ETp) | C14: =SCORES!D17 -> %/100 | D14: =SCORES!J17 -> 0.4 | E14: =SCORES!K17 -> 0 | F14: =SCORES!Q17 -> #REF! | G14: =SCORES!R17 -> #REF!
A15: =SCORES!B18 -> Yield Gap due to water stress | B15: =SCORES!C18 -> (Ypotential​−Yactual​​)/(Ypotential​)×100 | C15: =SCORES!D18 -> %/100 | D15: =SCORES!J18 -> 0.4 | E15: =SCORES!K18 -> 0 | F15: =SCORES!Q18 -> #REF! | G15: =SCORES!R18 -> #REF!
F16: =SCORES!Q20 -> AVERAGE SCORE | G16: =AVERAGE(G14:G15,G2:G7) -> #REF!

Sheet Data(perSeason,perCrop)
A1: Area | B1: Area% | C1: Crop Type | D1: CropID | E1: ETa | F1: ETa90 | G1: ETblue | H1: ETcv | I1: ETcv_blue | J1: ETgreen | K1: Name | L1: Precip | M1: RETmax | N1: RETmin | O1: Season | P1: TBP | Q1: TBP_P | R1: status | S1: year | T1: Water Intensive (based on Etp)
A2: 892.75171 | B2: 7.6 | C2: Class1 | D2: 31 | E2: 287 | F2: 344 | G2: 68 | H2: 0.12617248 | I2: 0.52725009 | J2: 217 | K2: Ong | L2: 1313 | M2: 0.90091946 | N2: 0.42328921 | O2: 1 | P2: 6243 | Q2: 7324 | R2: IRRIGATED | S2: 2018 | T2: =IF(R2="IRRIGATED",IF(F2>=SCORES!I$6,1,0),"") -> 1
A3: 493.76833 | B3: 4.7 | C3: Class1 | D3: 31 | E3: 222 | F3: 262 | G3: 23 | H3: 0.040802421 | I3: 0.38562956 | J3: 194 | K3: Ong | L3: 52 | M3: 0.91055893 | N3: 0.90898866 | O3: 2 | P3: 5782 | Q3: 8449 | R3: IRRIGATED | S3: 2018 | T3: =IF(R3="IRRIGATED",IF(F3>=SCORES!I$6,1,0),"") -> 0
A4: 32.092348 | B4: 1.2 | C4: Class1 | D4: 31 | E4: 389 | F4: 493 | G4: 109 | H4: 0.098095935 | I4: 0.33488716 | J4: 278 | K4: Ong | L4: 85 | O4: 3 | P4: 2846 | Q4: 3909 | R4: IRRIGATED | S4: 2018 | T4: =IF(R4="IRRIGATED",IF(F4>=SCORES!I$6,1,0),"") -> 1
A5: 490.68953 | B5: 4.2 | C5: Class1 | D5: 31 | E5: 217 | F5: 246 | G5: 0 | J5: 215 | K5: Ong | L5: 1255 | M5: 0.90091946 | N5: 0.42328921 | O5: 1 | P5: 5039 | R5: RAINFED | S5: 2018 | T5: =IF(R5="IRRIGATED",IF(F5>=SCORES!I$6,1,0),"")
A6: 524.99812 | B6: 5 | C6: Class1 | D6: 31 | E6: 195 | F6: 206 | G6: 0 | J6: 190 | K6: Ong | L6: 51 | M6: 0.91055893 | N6: 0.90898866 | O6: 2 | P6: 4683 | R6: RAINFED | S6: 2018 | T6: =IF(R6="IRRIGATED",IF(F6>=SCORES!I$6,1,0),"")
A7: 4.0898163 | B7: 0.2 | C7: Class1 | D7: 31 | E7: 239 | F7: 456 | G7: 0 | J7: 189 | K7: Ong | L7: 56 | O7: 3 | P7: 1963 | R7: RAINFED | S7: 2018 | T7: =IF(R7="IRRIGATED",IF(F7>=SCORES!I$6,1,0),"")
A8: 1103.4964 | B8: 9.4 | C8: Class4 | D8: 34 | E8: 302 | F8: 358 | G8: 82 | H8: 0.12617248 | I8: 0.52725009 | J8: 218 | K8: Ong | L8: 1342 | M8: 0.92854274 | N8: 0.49314123 | O8: 1 | P8: 6380 | Q8: 7342 | R8: IRRIGATED | S8: 2018 | T8: =IF(R8="IRRIGATED",IF(F8>=SCORES!I$6,1,0),"") -> 1
A9: 1027.5863 | B9: 9.9 | C9: Class4 | D9: 34 | E9: 263 | F9: 336 | G9: 34 | H9: 0.040802421 | I9: 0.38562956 | J9: 224 | K9: Ong | L9: 57 | M9: 0.92393575 | N9: 0.90944058 | O9: 2 | P9: 7535 | Q9: 10404 | R9: IRRIGATED | S9: 2018 | T9: =IF(R9="IRRIGATED",IF(F9>=SCORES!I$6,1,0),"") -> 1
A10: 788.22197 | B10: 29.9 | C10: Class4 | D10: 34 | E10: 460 | F10: 553 | G10: 151 | H10: 0.098095935 | I10: 0.33488716 | J10: 307 | K10: Ong | L10: 99 | O10: 3 | P10: 3435 | Q10: 4487 | R10: IRRIGATED | S10: 2018 | T10: =IF(R10="IRRIGATED",IF(F10>=SCORES!I$6,1,0),"") -> 1
A11: 327.26934 | B11: 2.8 | C11: Class4 | D11: 34 | E11: 225 | F11: 302 | G11: 0 | J11: 217 | K11: Ong | L11: 1303 | M11: 0.92854274 | N11: 0.49314123 | O11: 1 | P11: 5071 | R11: RAINFED | S11: 2018 | T11: =IF(R11="IRRIGATED",IF(F11>=SCORES!I$6,1,0),"")
A12: 368.60111 | B12: 3.5 | C12: Class4 | D12: 34 | E12: 238 | F12: 320 | G12: 0 | J12: 224 | K12: Ong | L12: 57 | M12: 0.92393575 | N12: 0.90944058 | O12: 2 | P12: 6439 | R12: RAINFED | S12: 2018 | T12: =IF(R12="IRRIGATED",IF(F12>=SCORES!I$6,1,0),"")
A13: 55.825652 | B13: 2.1 | C13: Class4 | D13: 34 | E13: 407 | F13: 529 | G13: 0 | J13: 291 | K13: Ong | L13: 95 | O13: 3 | P13: 3451 | R13: RAINFED | S13: 2018 | T13: =IF(R13="IRRIGATED",IF(F13>=SCORES!I$6,1,0),"")
A14: 59.843344 | B14: 0.5 | C14: Double Crop Kharif/Rabi | D14: 4 | E14: 633 | F14: 745 | G14: 88 | H14: 0.089735728 | I14: 0.75002359 | J14: 523 | K14: Ong | L14: 1242 | O14: 0 | P14: 15645 | Q14: 18670 | R14: IRRIGATED | S14: 2018 | T14: =IF(R14="IRRIGATED",IF(F14>=SCORES!I$6,1,0),"") -> 1
A15: 10.83453 | B15: 0.1 | C15: Double Crop Kharif/Rabi | D15: 4 | E15: 418 | F15: 569 | G15: 0 | J15: 394 | K15: Ong | L15: 1184 | O15: 0 | P15: 9845 | R15: RAINFED | S15: 2018 | T15: =IF(R15="IRRIGATED",IF(F15>=SCORES!I$6,1,0),"")
A16: 2204.0052 | B16: 18.7 | C16: Double Crop Kharif/Zaid | D16: 5 | E16: 954 | F16: 1107 | G16: 248 | H16: 0.089735728 | I16: 0.75002359 | J16: 700 | K16: Ong | L16: 1401 | O16: 0 | P16: 14847 | Q16: 17291 | R16: IRRIGATED | S16: 2018 | T16: =IF(R16="IRRIGATED",IF(F16>=SCORES!I$6,1,0),"") -> 1
A17: 44.942276 | B17: 0.4 | C17: Double Crop Kharif/Zaid | D17: 5 | E17: 733 | F17: 1003 | G17: 0 | J17: 632 | K17: Ong | L17: 1363 | O17: 0 | P17: 11556 | R17: RAINFED | S17: 2018 | T17: =IF(R17="IRRIGATED",IF(F17>=SCORES!I$6,1,0),"")
A18: 6429.0186 | B18: 54.5 | C18: Kharif Crop | D18: 1 | E18: 496 | F18: 573 | G18: 81 | H18: 0.089735728 | I18: 0.75002359 | J18: 406 | K18: Ong | L18: 1313 | O18: 0 | P18: 11892 | Q18: 14094 | R18: IRRIGATED | S18: 2018 | T18: =IF(R18="IRRIGATED",IF(F18>=SCORES!I$6,1,0),"") -> 1
A19: 2248.5741 | B19: 19.1 | C19: Kharif Crop | D19: 1 | E19: 388 | F19: 469 | G19: 0 | J19: 377 | K19: Ong | L19: 1301 | O19: 0 | P19: 8815 | R19: RAINFED | S19: 2018 | T19: =IF(R19="IRRIGATED",IF(F19>=SCORES!I$6,1,0),"")
A20: 1486.8461 | B20: 56.5 | C20: Other Irrigated (High Water Intensive) | D20: 14 | E20: 493 | F20: 573 | G20: 181 | H20: 0.098095935 | I20: 0.33488716 | J20: 310 | K20: Ong | L20: 99 | O20: 3 | P20: 3385 | Q20: 4074 | R20: IRRIGATED | S20: 2018 | T20: =IF(R20="IRRIGATED",IF(F20>=SCORES!I$6,1,0),"") -> 1
A21: 141.06024 | B21: 1.2 | C21: Other Irrigated (High Water Intensive) | D21: 14 | E21: 342 | F21: 378 | G21: 125 | H21: 0.12617248 | I21: 0.52725009 | J21: 216 | K21: Ong | L21: 1345 | O21: 1 | P21: 6652 | Q21: 7128 | R21: IRRIGATED | S21: 2018 | T21: =IF(R21="IRRIGATED",IF(F21>=SCORES!I$6,1,0),"") -> 1
A22: 13.135225 | B22: 0.1 | C22: Other Irrigated (High Water Intensive) | D22: 14 | E22: 340 | F22: 388 | G22: 0 | J22: 210 | K22: Ong | L22: 1296 | O22: 1 | P22: 6662 | R22: RAINFED | S22: 2018 | T22: =IF(R22="IRRIGATED",IF(F22>=SCORES!I$6,1,0),"")
A23: 23.214123 | B23: 0.9 | C23: Other Irrigated (High Water Intensive) | D23: 14 | E23: 290 | F23: 577 | G23: 0 | J23: 182 | K23: Ong | L23: 59 | O23: 3 | P23: 2281 | R23: RAINFED | S23: 2018 | T23: =IF(R23="IRRIGATED",IF(F23>=SCORES!I$6,1,0),"")
A24: 180.69504 | B24: 6.9 | C24: Other Irrigated (Less Water Intensive) | D24: 15 | E24: 336 | F24: 412 | G24: 76 | H24: 0.098095935 | I24: 0.33488716 | J24: 258 | K24: Ong | L24: 68 | O24: 3 | P24: 2729 | Q24: 3429 | R24: IRRIGATED | S24: 2018 | T24: =IF(R24="IRRIGATED",IF(F24>=SCORES!I$6,1,0),"") -> 1
A25: 501.66726 | B25: 4.3 | C25: Other Irrigated (Less Water Intensive) | D25: 15 | E25: 288 | F25: 314 | G25: 71 | H25: 0.12617248 | I25: 0.52725009 | J25: 216 | K25: Ong | L25: 1300 | O25: 1 | P25: 6208 | Q25: 6619 | R25: IRRIGATED | S25: 2018 | T25: =IF(R25="IRRIGATED",IF(F25>=SCORES!I$6,1,0),"") -> 1
A26: 54.598896 | B26: 0.5 | C26: Other Irrigated (Less Water Intensive) | D26: 15 | E26: 229 | F26: 288 | G26: 28 | H26: 0.040802421 | I26: 0.38562956 | J26: 197 | K26: Ong | L26: 52 | O26: 2 | P26: 6293 | Q26: 9319 | R26: IRRIGATED | S26: 2018 | T26: =IF(R26="IRRIGATED",IF(F26>=SCORES!I$6,1,0),"") -> 0
A27: 54.429869 | B27: 0.5 | C27: Other Irrigated (Less Water Intensive) | D27: 15 | E27: 266 | F27: 308 | G27: 0 | J27: 209 | K27: Ong | L27: 1264 | O27: 1 | P27: 5810 | R27: RAINFED | S27: 2018 | T27: =IF(R27="IRRIGATED",IF(F27>=SCORES!I$6,1,0),"")
A28: 33.877615 | B28: 0.3 | C28: Other Irrigated (Less Water Intensive) | D28: 15 | E28: 260 | F28: 344 | G28: 0 | J28: 222 | K28: Ong | L28: 57 | O28: 2 | P28: 7359 | R28: RAINFED | S28: 2018 | T28: =IF(R28="IRRIGATED",IF(F28>=SCORES!I$6,1,0),"")
A29: 7.8548074 | B29: 0.3 | C29: Other Irrigated (Less Water Intensive) | D29: 15 | E29: 147 | F29: 370 | G29: 0 | J29: 118 | K29: Ong | L29: 32 | O29: 3 | P29: 1338 | R29: RAINFED | S29: 2018 | T29: =IF(R29="IRRIGATED",IF(F29>=SCORES!I$6,1,0),"")
A30: 1586.7494 | B30: 13.5 | C30: Other Unirrigated | D30: 17 | E30: 221 | F30: 264 | G30: 0 | J30: 213 | K30: Ong | L30: 1247 | O30: 1 | P30: 4919 | R30: RAINFED | S30: 2018 | T30: =IF(R30="IRRIGATED",IF(F30>=SCORES!I$6,1,0),"")
A31: 1321.155 | B31: 12.7 | C31: Other Unirrigated | D31: 17 | E31: 193 | F31: 212 | G31: 0 | J31: 186 | K31: Ong | L31: 50 | O31: 2 | P31: 4657 | R31: RAINFED | S31: 2018 | T31: =IF(R31="IRRIGATED",IF(F31>=SCORES!I$6,1,0),"")
A32: 53.557748 | B32: 2 | C32: Other Unirrigated | D32: 17 | E32: 258 | F32: 329 | G32: 0 | J32: 219 | K32: Ong | L32: 50 | O32: 3 | P32: 2748 | R32: RAINFED | S32: 2018 | T32: =IF(R32="IRRIGATED",IF(F32>=SCORES!I$6,1,0),"")
A33: 5050.8789 | B33: 43 | C33: Paddy | D33: 2 | E33: 289 | F33: 346 | G33: 71 | H33: 0.12617248 | I33: 0.52725009 | J33: 216 | K33: Ong | L33: 1265 | M33: 0.95435268 | N33: 0.41419999 | O33: 1 | P33: 6299 | Q33: 7355 | R33: IRRIGATED | S33: 2018 | T33: =IF(R33="IRRIGATED",IF(F33>=SCORES!I$6,1,0),"") -> 1
A34: 5992.4791 | B34: 57.5 | C34: Paddy | D34: 2 | E34: 228 | F34: 272 | G34: 32 | H34: 0.040802421 | I34: 0.38562956 | J34: 194 | K34: Ong | L34: 51 | M34: 0.95441365 | N34: 0.91788744 | O34: 2 | P34: 6299 | Q34: 8955 | R34: IRRIGATED | S34: 2018 | T34: =IF(R34="IRRIGATED",IF(F34>=SCORES!I$6,1,0),"") -> 0
A35: 1596.0866 | B35: 13.6 | C35: Paddy | D35: 2 | E35: 212 | F35: 244 | G35: 0 | J35: 211 | K35: Ong | L35: 1158 | M35: 0.95435268 | N35: 0.41419999 | O35: 1 | P35: 4793 | R35: RAINFED | S35: 2018 | T35: =IF(R35="IRRIGATED",IF(F35>=SCORES!I$6,1,0),"")
A36: 611.32789 | B36: 5.9 | C36: Paddy | D36: 2 | E36: 202 | F36: 220 | G36: 0 | J36: 192 | K36: Ong | L36: 51 | M36: 0.95441365 | N36: 0.91788744 | O36: 2 | P36: 5126 | R36: RAINFED | S36: 2018 | T36: =IF(R36="IRRIGATED",IF(F36>=SCORES!I$6,1,0),"")
A37: 674.8299 | B37: 5.7 | C37: Perennial Crops | D37: 8 | E37: 1041 | F37: 1197 | G37: 224 | H37: 0.089735728 | I37: 0.75002359 | J37: 800 | K37: Ong | L37: 1503 | O37: 0 | P37: 19377 | Q37: 21259 | R37: IRRIGATED | S37: 2018 | T37: =IF(R37="IRRIGATED",IF(F37>=SCORES!I$6,1,0),"") -> 1
A38: 122.03933 | B38: 1 | C38: Perennial Crops | D38: 8 | E38: 1012 | F38: 1185 | G38: 0 | J38: 806 | K38: Ong | L38: 1513 | O38: 0 | P38: 19070 | R38: RAINFED | S38: 2018 | T38: =IF(R38="IRRIGATED",IF(F38>=SCORES!I$6,1,0),"")
A39: 486.04367 | B39: 3.8 | C39: Class1 | D39: 31 | E39: 223 | F39: 320 | G39: 22 | H39: 0.042562362 | I39: 0.54302631 | J39: 195 | K39: Ong | L39: 93 | M39: 0.9251526 | N39: 0.90250255 | O39: 2 | P39: 6349 | Q39: 9465 | R39: IRRIGATED | S39: 2019 | T39: =IF(R39="IRRIGATED",IF(F39>=SCORES!I$6,1,0),"") -> 1
A40: 804.6482 | B40: 6 | C40: Class1 | D40: 31 | E40: 235 | F40: 296 | G40: 45 | H40: 0.19330612 | I40: 0.89136115 | J40: 187 | K40: Ong | L40: 1172 | M40: 0.91927536 | N40: 0.35232797 | O40: 1 | P40: 4175 | Q40: 5169 | R40: IRRIGATED | S40: 2019 | T40: =IF(R40="IRRIGATED",IF(F40>=SCORES!I$6,1,0),"") -> 0
A41: 251.30927 | B41: 3.1 | C41: Class1 | D41: 31 | E41: 325 | F41: 438 | G41: 74 | H41: 0.10434804 | I41: 0.4188768 | J41: 248 | K41: Ong | L41: 120 | O41: 3 | P41: 4055 | Q41: 5813 | R41: IRRIGATED | S41: 2019 | T41: =IF(R41="IRRIGATED",IF(F41>=SCORES!I$6,1,0),"") -> 1
A42: 1024.7574 | B42: 7.7 | C42: Class1 | D42: 31 | E42: 191 | F42: 228 | G42: 0 | J42: 185 | K42: Ong | L42: 1132 | M42: 0.91927536 | N42: 0.35232797 | O42: 1 | P42: 3474 | R42: RAINFED | S42: 2019 | T42: =IF(R42="IRRIGATED",IF(F42>=SCORES!I$6,1,0),"")
A43: 1159.5292 | B43: 9 | C43: Class1 | D43: 31 | E43: 188 | F43: 276 | G43: 0 | J43: 181 | K43: Ong | L43: 93 | M43: 0.9251526 | N43: 0.90250255 | O43: 2 | P43: 5125 | R43: RAINFED | S43: 2019 | T43: =IF(R43="IRRIGATED",IF(F43>=SCORES!I$6,1,0),"")
A44: 58.641947 | B44: 0.7 | C44: Class1 | D44: 31 | E44: 280 | F44: 425 | G44: 0 | J44: 229 | K44: Ong | L44: 116 | O44: 3 | P44: 3483 | R44: RAINFED | S44: 2019 | T44: =IF(R44="IRRIGATED",IF(F44>=SCORES!I$6,1,0),"")
A45: 4306.1676 | B45: 33.3 | C45: Class4 | D45: 34 | E45: 266 | F45: 334 | G45: 34 | H45: 0.042562362 | I45: 0.54302631 | J45: 227 | K45: Ong | L45: 98 | M45: 0.9284987 | N45: 0.85365428 | O45: 2 | P45: 7819 | Q45: 10165 | R45: IRRIGATED | S45: 2019 | T45: =IF(R45="IRRIGATED",IF(F45>=SCORES!I$6,1,0),"") -> 1
A46: 3808.6613 | B46: 28.6 | C46: Class4 | D46: 34 | E46: 252 | F46: 336 | G46: 58 | H46: 0.19330612 | I46: 0.89136115 | J46: 190 | K46: Ong | L46: 1225 | M46: 0.93095675 | N46: 0.36360958 | O46: 1 | P46: 4294 | Q46: 5568 | R46: IRRIGATED | S46: 2019 | T46: =IF(R46="IRRIGATED",IF(F46>=SCORES!I$6,1,0),"") -> 1
A47: 4645.8125 | B47: 56.4 | C47: Class4 | D47: 34 | E47: 404 | F47: 481 | G47: 107 | H47: 0.10434804 | I47: 0.4188768 | J47: 295 | K47: Ong | L47: 146 | O47: 3 | P47: 5210 | Q47: 6638 | R47: IRRIGATED | S47: 2019 | T47: =IF(R47="IRRIGATED",IF(F47>=SCORES!I$6,1,0),"") -> 1
A48: 2611.0197 | B48: 19.6 | C48: Class4 | D48: 34 | E48: 197 | F48: 234 | G48: 0 | J48: 190 | K48: Ong | L48: 1208 | M48: 0.93095675 | N48: 0.36360958 | O48: 1 | P48: 3496 | R48: RAINFED | S48: 2019 | T48: =IF(R48="IRRIGATED",IF(F48>=SCORES!I$6,1,0),"")
A49: 2096.6907 | B49: 16.2 | C49: Class4 | D49: 34 | E49: 237 | F49: 318 | G49: 0 | J49: 220 | K49: Ong | L49: 98 | M49: 0.9284987 | N49: 0.85365428 | O49: 2 | P49: 6684 | R49: RAINFED | S49: 2019 | T49: =IF(R49="IRRIGATED",IF(F49>=SCORES!I$6,1,0),"")
A50: 558.16473 | B50: 6.8 | C50: Class4 | D50: 34 | E50: 368 | F50: 445 | G50: 0 | J50: 289 | K50: Ong | L50: 147 | O50: 3 | P50: 4894 | R50: RAINFED | S50: 2019 | T50: =IF(R50="IRRIGATED",IF(F50>=SCORES!I$6,1,0),"")
A51: 75.894637 | B51: 0.6 | C51: Double Crop Kharif/Rabi | D51: 4 | E51: 382 | F51: 545 | G51: 69 | H51: 0.087340805 | I51: 0.66438202 | J51: 305 | K51: Ong | L51: 839 | O51: 0 | P51: 8449 | Q51: 14292 | R51: IRRIGATED | S51: 2019 | T51: =IF(R51="IRRIGATED",IF(F51>=SCORES!I$6,1,0),"") -> 1
A52: 42.775745 | B52: 0.3 | C52: Double Crop Kharif/Rabi | D52: 4 | E52: 351 | F52: 473 | G52: 0 | J52: 324 | K52: Ong | L52: 1012 | O52: 0 | P52: 7588 | R52: RAINFED | S52: 2019 | T52: =IF(R52="IRRIGATED",IF(F52>=SCORES!I$6,1,0),"")
A53: 4609.0601 | B53: 33.9 | C53: Double Crop Kharif/Zaid | D53: 5 | E53: 822 | F53: 971 | G53: 171 | H53: 0.087340805 | I53: 0.66438202 | J53: 642 | K53: Ong | L53: 1393 | O53: 0 | P53: 14289 | Q53: 17314 | R53: IRRIGATED | S53: 2019 | T53: =IF(R53="IRRIGATED",IF(F53>=SCORES!I$6,1,0),"") -> 1
A54: 279.81732 | B54: 2.1 | C54: Double Crop Kharif/Zaid | D54: 5 | E54: 663 | F54: 811 | G54: 0 | J54: 595 | K54: Ong | L54: 1410 | O54: 0 | P54: 11485 | R54: RAINFED | S54: 2019 | T54: =IF(R54="IRRIGATED",IF(F54>=SCORES!I$6,1,0),"")
A55: 49.024806 | B55: 0.4 | C55: Double Crop Rabi/Zaid | D55: 6 | E55: 601 | F55: 785 | G55: 138 | H55: 0.087340805 | I55: 0.66438202 | J55: 458 | K55: Ong | L55: 225 | O55: 0 | P55: 10544 | Q55: 14107 | R55: IRRIGATED | S55: 2019 | T55: =IF(R55="IRRIGATED",IF(F55>=SCORES!I$6,1,0),"") -> 1
A56: 2517.5209 | B56: 18.5 | C56: Kharif Crop | D56: 1 | E56: 436 | F56: 545 | G56: 49 | H56: 0.087340805 | I56: 0.66438202 | J56: 375 | K56: Ong | L56: 1236 | O56: 0 | P56: 9937 | Q56: 12838 | R56: IRRIGATED | S56: 2019 | T56: =IF(R56="IRRIGATED",IF(F56>=SCORES!I$6,1,0),"") -> 1
A57: 2020.1564 | B57: 14.8 | C57: Kharif Crop | D57: 1 | E57: 369 | F57: 469 | G57: 0 | J57: 357 | K57: Ong | L57: 1214 | O57: 0 | P57: 8102 | R57: RAINFED | S57: 2019 | T57: =IF(R57="IRRIGATED",IF(F57>=SCORES!I$6,1,0),"")
A58: 1924.6787 | B58: 23.4 | C58: Other Irrigated (High Water Intensive) | D58: 14 | E58: 477 | F58: 537 | G58: 168 | H58: 0.10434804 | I58: 0.4188768 | J58: 307 | K58: Ong | L58: 150 | O58: 3 | P58: 5503 | Q58: 6110 | R58: IRRIGATED | S58: 2019 | T58: =IF(R58="IRRIGATED",IF(F58>=SCORES!I$6,1,0),"") -> 1
A59: 41.066689 | B59: 0.3 | C59: Other Irrigated (High Water Intensive) | D59: 14 | E59: 318 | F59: 386 | G59: 134 | H59: 0.19330612 | I59: 0.89136115 | J59: 182 | K59: Ong | L59: 1209 | O59: 1 | P59: 4626 | Q59: 3297 | R59: IRRIGATED | S59: 2019 | T59: =IF(R59="IRRIGATED",IF(F59>=SCORES!I$6,1,0),"") -> 1
A60: 17.898486 | B60: 0.1 | C60: Other Irrigated (High Water Intensive) | D60: 14 | E60: 329 | F60: 408 | G60: 0 | J60: 180 | K60: Ong | L60: 1201 | O60: 1 | P60: 4883 | R60: RAINFED | S60: 2019 | T60: =IF(R60="IRRIGATED",IF(F60>=SCORES!I$6,1,0),"")
A61: 60.950881 | B61: 0.7 | C61: Other Irrigated (High Water Intensive) | D61: 14 | E61: 360 | F61: 525 | G61: 0 | J61: 238 | K61: Ong | L61: 117 | O61: 3 | P61: 5007 | R61: RAINFED | S61: 2019 | T61: =IF(R61="IRRIGATED",IF(F61>=SCORES!I$6,1,0),"")
A62: 557.2885 | B62: 6.8 | C62: Other Irrigated (Less Water Intensive) | D62: 15 | E62: 331 | F62: 414 | G62: 72 | H62: 0.10434804 | I62: 0.4188768 | J62: 256 | K62: Ong | L62: 118 | O62: 3 | P62: 4107 | Q62: 5462 | R62: IRRIGATED | S62: 2019 | T62: =IF(R62="IRRIGATED",IF(F62>=SCORES!I$6,1,0),"") -> 1
A63: 144.21947 | B63: 1.1 | C63: Other Irrigated (Less Water Intensive) | D63: 15 | E63: 221 | F63: 324 | G63: 27 | H63: 0.042562362 | I63: 0.54302631 | J63: 190 | K63: Ong | L63: 92 | O63: 2 | P63: 6490 | Q63: 9716 | R63: IRRIGATED | S63: 2019 | T63: =IF(R63="IRRIGATED",IF(F63>=SCORES!I$6,1,0),"") -> 1
A64: 149.36319 | B64: 1.1 | C64: Other Irrigated (Less Water Intensive) | D64: 15 | E64: 229 | F64: 284 | G64: 44 | H64: 0.19330612 | I64: 0.89136115 | J64: 182 | K64: Ong | L64: 1152 | O64: 1 | P64: 4023 | Q64: 4678 | R64: IRRIGATED | S64: 2019 | T64: =IF(R64="IRRIGATED",IF(F64>=SCORES!I$6,1,0),"") -> 0
A65: 103.48927 | B65: 0.8 | C65: Other Irrigated (Less Water Intensive) | D65: 15 | E65: 223 | F65: 272 | G65: 0 | J65: 183 | K65: Ong | L65: 1176 | O65: 1 | P65: 3932 | R65: RAINFED | S65: 2019 | T65: =IF(R65="IRRIGATED",IF(F65>=SCORES!I$6,1,0),"")
A66: 115.7022 | B66: 0.9 | C66: Other Irrigated (Less Water Intensive) | D66: 15 | E66: 287 | F66: 346 | G66: 0 | J66: 240 | K66: Ong | L66: 99 | O66: 2 | P66: 8476 | R66: RAINFED | S66: 2019 | T66: =IF(R66="IRRIGATED",IF(F66>=SCORES!I$6,1,0),"")
A67: 51.878163 | B67: 0.6 | C67: Other Irrigated (Less Water Intensive) | D67: 15 | E67: 160 | F67: 404 | G67: 0 | J67: 130 | K67: Ong | L67: 61 | O67: 3 | P67: 2208 | R67: RAINFED | S67: 2019 | T67: =IF(R67="IRRIGATED",IF(F67>=SCORES!I$6,1,0),"")
A68: 851.12173 | B68: 6.4 | C68: Other Unirrigated | D68: 17 | E68: 182 | F68: 226 | G68: 0 | J68: 181 | K68: Ong | L68: 1098 | O68: 1 | P68: 3267 | R68: RAINFED | S68: 2019 | T68: =IF(R68="IRRIGATED",IF(F68>=SCORES!I$6,1,0),"")
A69: 634.22274 | B69: 4.9 | C69: Other Unirrigated | D69: 17 | E69: 175 | F69: 216 | G69: 0 | J69: 173 | K69: Ong | L69: 92 | O69: 2 | P69: 4632 | R69: RAINFED | S69: 2019 | T69: =IF(R69="IRRIGATED",IF(F69>=SCORES!I$6,1,0),"")
A70: 130.89136 | B70: 1.6 | C70: Other Unirrigated | D70: 17 | E70: 281 | F70: 368 | G70: 0 | J70: 246 | K70: Ong | L70: 101 | O70: 3 | P70: 3643 | R70: RAINFED | S70: 2019 | T70: =IF(R70="IRRIGATED",IF(F70>=SCORES!I$6,1,0),"")
A71: 3005.3928 | B71: 23.2 | C71: Paddy | D71: 2 | E71: 210 | F71: 264 | G71: 25 | H71: 0.042562362 | I71: 0.54302631 | J71: 181 | K71: Ong | L71: 93 | M71: 0.93664637 | N71: 0.93307421 | O71: 2 | P71: 6266 | Q71: 9047 | R71: IRRIGATED | S71: 2019 | T71: =IF(R71="IRRIGATED",IF(F71>=SCORES!I$6,1,0),"") -> 0
A72: 2055.4887 | B72: 15.4 | C72: Paddy | D72: 2 | E72: 238 | F72: 318 | G72: 47 | H72: 0.19330612 | I72: 0.89136115 | J72: 188 | K72: Ong | L72: 1140 | M72: 0.93493884 | N72: 0.32583569 | O72: 1 | P72: 4178 | Q72: 5505 | R72: IRRIGATED | S72: 2019 | T72: =IF(R72="IRRIGATED",IF(F72>=SCORES!I$6,1,0),"") -> 1
A73: 1871.1958 | B73: 14 | C73: Paddy | D73: 2 | E73: 180 | F73: 210 | G73: 0 | J73: 182 | K73: Ong | L73: 1038 | M73: 0.93493884 | N73: 0.32583569 | O73: 1 | P73: 3281 | R73: RAINFED | S73: 2019 | T73: =IF(R73="IRRIGATED",IF(F73>=SCORES!I$6,1,0),"")
A74: 978.73346 | B74: 7.6 | C74: Paddy | D74: 2 | E74: 184 | F74: 212 | G74: 0 | J74: 175 | K74: Ong | L74: 94 | M74: 0.93664637 | N74: 0.93307421 | O74: 2 | P74: 5081 | R74: RAINFED | S74: 2019 | T74: =IF(R74="IRRIGATED",IF(F74>=SCORES!I$6,1,0),"")
A75: 3035.494 | B75: 22.3 | C75: Perennial Crops | D75: 8 | E75: 974 | F75: 1097 | G75: 185 | H75: 0.087340805 | I75: 0.66438202 | J75: 776 | K75: Ong | L75: 1488 | O75: 0 | P75: 18931 | Q75: 21199 | R75: IRRIGATED | S75: 2019 | T75: =IF(R75="IRRIGATED",IF(F75>=SCORES!I$6,1,0),"") -> 1
A76: 738.90942 | B76: 5.4 | C76: Perennial Crops | D76: 8 | E76: 934 | F76: 1057 | G76: 0 | J76: 778 | K76: Ong | L76: 1519 | O76: 0 | P76: 18414 | R76: RAINFED | S76: 2019 | T76: =IF(R76="IRRIGATED",IF(F76>=SCORES!I$6,1,0),"")
A77: 80.534693 | B77: 0.6 | C77: Rabi Crop | D77: 2 | E77: 443 | F77: 773 | G77: 80 | H77: 0.087340805 | I77: 0.66438202 | J77: 356 | K77: Ong | L77: 161 | O77: 0 | P77: 10100 | Q77: 16316 | R77: IRRIGATED | S77: 2019 | T77: =IF(R77="IRRIGATED",IF(F77>=SCORES!I$6,1,0),"") -> 1
A78: 39.735977 | B78: 0.3 | C78: Rabi Crop | D78: 2 | E78: 246 | F78: 606 | G78: 0 | J78: 227 | K78: Ong | L78: 115 | O78: 0 | P78: 5780 | R78: RAINFED | S78: 2019 | T78: =IF(R78="IRRIGATED",IF(F78>=SCORES!I$6,1,0),"")
A79: 107.79733 | B79: 0.8 | C79: Triple Crop | D79: 7 | E79: 674 | F79: 829 | G79: 165 | H79: 0.087340805 | I79: 0.66438202 | J79: 503 | K79: Ong | L79: 840 | O79: 0 | P79: 11293 | Q79: 14816 | R79: IRRIGATED | S79: 2019 | T79: =IF(R79="IRRIGATED",IF(F79>=SCORES!I$6,1,0),"") -> 1
A80: 7.8892189 | B80: 0.1 | C80: Zaid Crop | D80: 3 | E80: 375 | F80: 513 | G80: 101 | H80: 0.087340805 | I80: 0.66438202 | J80: 270 | K80: Ong | L80: 128 | O80: 0 | P80: 4467 | Q80: 8213 | R80: IRRIGATED | S80: 2019 | T80: =IF(R80="IRRIGATED",IF(F80>=SCORES!I$6,1,0),"") -> 1
A81: 440.46394 | B81: 4.6 | C81: Class1 | D81: 31 | E81: 246 | F81: 286 | G81: 24 | H81: 0.042734244 | I81: 0.44241038 | J81: 216 | K81: Ong | L81: 93 | M81: 0.90312693 | N81: 0.90276147 | O81: 2 | P81: 5737 | Q81: 7741 | R81: IRRIGATED | S81: 2020 | T81: =IF(R81="IRRIGATED",IF(F81>=SCORES!I$6,1,0),"") -> 0
A82: 573.60987 | B82: 5.5 | C82: Class1 | D82: 31 | E82: 321 | F82: 384 | G82: 91 | H82: 0.14251096 | I82: 0.48541482 | J82: 233 | K82: Ong | L82: 1426 | M82: 0.89788855 | N82: 0.54220803 | O82: 1 | P82: 4863 | Q82: 6207 | R82: IRRIGATED | S82: 2020 | T82: =IF(R82="IRRIGATED",IF(F82>=SCORES!I$6,1,0),"") -> 1
A83: 79.21902 | B83: 3.4 | C83: Class1 | D83: 31 | E83: 288 | F83: 417 | G83: 110 | H83: 0.12550526 | I83: 0.33515565 | J83: 177 | K83: Ong | L83: 136 | O83: 3 | P83: 2354 | Q83: 3920 | R83: IRRIGATED | S83: 2020 | T83: =IF(R83="IRRIGATED",IF(F83>=SCORES!I$6,1,0),"") -> 1
A84: 905.2145 | B84: 8.6 | C84: Class1 | D84: 31 | E84: 202 | F84: 288 | G84: 0 | J84: 220 | K84: Ong | L84: 1305 | M84: 0.89788855 | N84: 0.54220803 | O84: 1 | P84: 2991 | R84: RAINFED | S84: 2020 | T84: =IF(R84="IRRIGATED",IF(F84>=SCORES!I$6,1,0),"")
A85: 886.03519 | B85: 9.2 | C85: Class1 | D85: 31 | E85: 215 | F85: 268 | G85: 0 | J85: 208 | K85: Ong | L85: 92 | M85: 0.90312693 | N85: 0.90276147 | O85: 2 | P85: 4724 | R85: RAINFED | S85: 2020 | T85: =IF(R85="IRRIGATED",IF(F85>=SCORES!I$6,1,0),"")
A86: 13.050284 | B86: 0.6 | C86: Class1 | D86: 31 | E86: 182 | F86: 352 | G86: 0 | J86: 130 | K86: Ong | L86: 109 | O86: 3 | P86: 1443 | R86: RAINFED | S86: 2020 | T86: =IF(R86="IRRIGATED",IF(F86>=SCORES!I$6,1,0),"")
A87: 364.76802 | B87: 3.8 | C87: Class4 | D87: 34 | E87: 285 | F87: 362 | G87: 33 | H87: 0.042734244 | I87: 0.44241038 | J87: 247 | K87: Ong | L87: 102 | M87: 0.92276157 | N87: 0.89632063 | O87: 2 | P87: 6758 | Q87: 8977 | R87: IRRIGATED | S87: 2020 | T87: =IF(R87="IRRIGATED",IF(F87>=SCORES!I$6,1,0),"") -> 1
A88: 348.25434 | B88: 3.3 | C88: Class4 | D88: 34 | E88: 321 | F88: 382 | G88: 93 | H88: 0.14251096 | I88: 0.48541482 | J88: 236 | K88: Ong | L88: 1460 | M88: 0.92059015 | N88: 0.6261363 | O88: 1 | P88: 4788 | Q88: 6114 | R88: IRRIGATED | S88: 2020 | T88: =IF(R88="IRRIGATED",IF(F88>=SCORES!I$6,1,0),"") -> 1
A89: 421.75961 | B89: 18.3 | C89: Class4 | D89: 34 | E89: 383 | F89: 501 | G89: 161 | H89: 0.12550526 | I89: 0.33515565 | J89: 221 | K89: Ong | L89: 167 | O89: 3 | P89: 3337 | Q89: 4934 | R89: IRRIGATED | S89: 2020 | T89: =IF(R89="IRRIGATED",IF(F89>=SCORES!I$6,1,0),"") -> 1
A90: 205.05315 | B90: 2 | C90: Class4 | D90: 34 | E90: 217 | F90: 298 | G90: 0 | J90: 227 | K90: Ong | L90: 1376 | M90: 0.92059015 | N90: 0.6261363 | O90: 1 | P90: 3254 | R90: RAINFED | S90: 2020 | T90: =IF(R90="IRRIGATED",IF(F90>=SCORES!I$6,1,0),"")
A91: 177.92077 | B91: 1.8 | C91: Class4 | D91: 34 | E91: 255 | F91: 338 | G91: 0 | J91: 240 | K91: Ong | L91: 100 | M91: 0.92276157 | N91: 0.89632063 | O91: 2 | P91: 5733 | R91: RAINFED | S91: 2020 | T91: =IF(R91="IRRIGATED",IF(F91>=SCORES!I$6,1,0),"")
A92: 26.770087 | B92: 1.2 | C92: Class4 | D92: 34 | E92: 308 | F92: 473 | G92: 0 | J92: 202 | K92: Ong | L92: 157 | O92: 3 | P92: 2888 | R92: RAINFED | S92: 2020 | T92: =IF(R92="IRRIGATED",IF(F92>=SCORES!I$6,1,0),"")
A93: 25.360404 | B93: 0.2 | C93: Double Crop Kharif/Rabi | D93: 4 | E93: 447 | F93: 685 | G93: 80 | H93: 0.12081794 | I93: 0.79095224 | J93: 364 | K93: Ong | L93: 1089 | O93: 0 | P93: 8161 | Q93: 14429 | R93: IRRIGATED | S93: 2020 | T93: =IF(R93="IRRIGATED",IF(F93>=SCORES!I$6,1,0),"") -> 1
A94: 34.23743 | B94: 0.3 | C94: Double Crop Kharif/Rabi | D94: 4 | E94: 309 | F94: 457 | G94: 0 | J94: 309 | K94: Ong | L94: 1062 | O94: 0 | P94: 5188 | R94: RAINFED | S94: 2020 | T94: =IF(R94="IRRIGATED",IF(F94>=SCORES!I$6,1,0),"")
A95: 2154.3017 | B95: 20.4 | C95: Double Crop Kharif/Zaid | D95: 5 | E95: 861 | F95: 1043 | G95: 228 | H95: 0.12081794 | I95: 0.79095224 | J95: 632 | K95: Ong | L95: 1503 | O95: 0 | P95: 12185 | Q95: 15383 | R95: IRRIGATED | S95: 2020 | T95: =IF(R95="IRRIGATED",IF(F95>=SCORES!I$6,1,0),"") -> 1
A96: 102.84126 | B96: 1 | C96: Double Crop Kharif/Zaid | D96: 5 | E96: 664 | F96: 875 | G96: 0 | J96: 573 | K96: Ong | L96: 1545 | O96: 0 | P96: 10216 | R96: RAINFED | S96: 2020 | T96: =IF(R96="IRRIGATED",IF(F96>=SCORES!I$6,1,0),"")
A97: 15.666136 | B97: 0.1 | C97: Double Crop Rabi/Zaid | D97: 6 | E97: 660 | F97: 785 | G97: 208 | H97: 0.12081794 | I97: 0.79095224 | J97: 448 | K97: Ong | L97: 269 | O97: 0 | P97: 8783 | Q97: 11692 | R97: IRRIGATED | S97: 2020 | T97: =IF(R97="IRRIGATED",IF(F97>=SCORES!I$6,1,0),"") -> 1
A98: 3835.7191 | B98: 36.3 | C98: Kharif Crop | D98: 1 | E98: 476 | F98: 585 | G98: 66 | H98: 0.12081794 | I98: 0.79095224 | J98: 413 | K98: Ong | L98: 1414 | O98: 0 | P98: 8876 | Q98: 11601 | R98: IRRIGATED | S98: 2020 | T98: =IF(R98="IRRIGATED",IF(F98>=SCORES!I$6,1,0),"") -> 1
A99: 4062.36 | B99: 38.4 | C99: Kharif Crop | D99: 1 | E99: 373 | F99: 485 | G99: 0 | J99: 383 | K99: Ong | L99: 1263 | O99: 0 | P99: 6656 | R99: RAINFED | S99: 2020 | T99: =IF(R99="IRRIGATED",IF(F99>=SCORES!I$6,1,0),"")
A100: 1619.2639 | B100: 70.1 | C100: Other Irrigated (High Water Intensive) | D100: 14 | E100: 433 | F100: 529 | G100: 196 | H100: 0.12550526 | I100: 0.33515565 | J100: 236 | K100: Ong | L100: 175 | O100: 3 | P100: 3714 | Q100: 4632 | R100: IRRIGATED | S100: 2020 | T100: =IF(R100="IRRIGATED",IF(F100>=SCORES!I$6,1,0),"") -> 1
...

Sheet Data(perCrop)
A1: Area | B1: Crop Type | C1: CropID | D1: ETa | E1: ETaMax | F1: ETblue | G1: ETgreen | H1: Name | I1: Precip | J1: Season | K1: TBP | L1: TBP_P | M1: cropping_intensity | N1: status | O1: year | P1: Water Intensive (based on Etp) | Q1: Etblue Vol
A2: 1017.1803 | B2: Class1 | C2: 31 | D2: 507 | E2: 603 | F2: 78 | G2: 420 | H2: Ong | I2: 1362 | J2: 4 | K2: 11292 | L2: 14944 | M2: 1 | N2: IRRIGATED | O2: 2018 | P2: =IF(N2="IRRIGATED",IF(E2/M2>=[1]SCORES!I$5,1,0),"") -> 1 | Q2: =A2*10000*F2/1000/10^6 -> 0.7934006 | S2: =(K2-L2)/L2 -> -0.24437901
A3: 1019.7181 | B3: Class1 | C3: 31 | D3: 535 | E3: 875 | F3: 71 | G3: 452 | H3: Ong | I3: 1281 | J3: 4 | K3: 10837 | L3: 18161 | M3: 1 | N3: IRRIGATED | O3: 2019 | P3: =IF(N3="IRRIGATED",IF(E3/M3>=[1]SCORES!I$5,1,0),"") -> 1 | Q3: =A3*10000*F3/1000/10^6 -> 0.72399983 | S3: =(K3-L3)/L3 -> -0.40328176
A4: 783.95728 | B4: Class1 | C4: 31 | D4: 562 | E4: 763 | F4: 90 | G4: 469 | H4: Ong | I4: 1518 | J4: 4 | K4: 9865 | L4: 13502 | M4: 1 | N4: IRRIGATED | O4: 2020 | P4: =IF(N4="IRRIGATED",IF(E4/M4>=[1]SCORES!I$5,1,0),"") -> 1 | Q4: =A4*10000*F4/1000/10^6 -> 0.70556155 | S4: =(K4-L4)/L4 -> -0.2693675
A5: 970.67386 | B5: Class1 | C5: 31 | D5: 461 | E5: 675 | F5: 66 | G5: 388 | H5: Ong | I5: 975 | J5: 4 | K5: 9157 | L5: 13912 | M5: 1 | N5: IRRIGATED | O5: 2021 | P5: =IF(N5="IRRIGATED",IF(E5/M5>=[1]SCORES!I$5,1,0),"") -> 1 | Q5: =A5*10000*F5/1000/10^6 -> 0.64064475 | S5: =(K5-L5)/L5 -> -0.34179126
A6: 754.58174 | B6: Class1 | C6: 31 | D6: 546 | E6: 811 | F6: 73 | G6: 462 | H6: Ong | I6: 1347 | J6: 4 | K6: 11009 | L6: 15429 | M6: 1 | N6: IRRIGATED | O6: 2022 | P6: =IF(N6="IRRIGATED",IF(E6/M6>=[1]SCORES!I$5,1,0),"") -> 1 | Q6: =A6*10000*F6/1000/10^6 -> 0.55084467 | S6: =(K6-L6)/L6 -> -0.28647352
A7: 1372.5328 | B7: Class4 | C7: 34 | D7: 859 | E7: 1147 | F7: 195 | G7: 653 | H7: Ong | I7: 1460 | J7: 4 | K7: 15669 | L7: 20782 | M7: 2 | N7: IRRIGATED | O7: 2018 | P7: =IF(N7="IRRIGATED",IF(E7/M7>=[1]SCORES!I$5,1,0),"") -> 1 | Q7: =A7*10000*F7/1000/10^6 -> 2.676439 | S7: =(K7-L7)/L7 -> -0.24603022
A8: 5645.1071 | B8: Class4 | C8: 34 | D8: 839 | E8: 1059 | F8: 158 | G8: 670 | H8: Ong | I8: 1429 | J8: 4 | K8: 15935 | L8: 20708 | M8: 4 | N8: IRRIGATED | O8: 2019 | P8: =IF(N8="IRRIGATED",IF(E8/M8>=[1]SCORES!I$5,1,0),"") -> 0 | Q8: =A8*10000*F8/1000/10^6 -> 8.9192692 | S8: =(K8-L8)/L8 -> -0.23049063
A9: 539.54579 | B9: Class4 | C9: 34 | D9: 888 | E9: 1131 | F9: 215 | G9: 668 | H9: Ong | I9: 1676 | J9: 4 | K9: 13516 | L9: 18185 | M9: 2 | N9: IRRIGATED | O9: 2020 | P9: =IF(N9="IRRIGATED",IF(E9/M9>=[1]SCORES!I$5,1,0),"") -> 1 | Q9: =A9*10000*F9/1000/10^6 -> 1.1600235 | S9: =(K9-L9)/L9 -> -0.25675007
A10: 866.44823 | B10: Class4 | C10: 34 | D10: 871 | E10: 1083 | F10: 260 | G10: 597 | H10: Ong | I10: 1242 | J10: 4 | K10: 12914 | L10: 17184 | M10: 2 | N10: IRRIGATED | O10: 2021 | P10: =IF(N10="IRRIGATED",IF(E10/M10>=[1]SCORES!I$5,1,0),"") -> 1 | Q10: =A10*10000*F10/1000/10^6 -> 2.2527654 | S10: =(K10-L10)/L10 -> -0.24848696
A11: 1736.8013 | B11: Class4 | C11: 34 | D11: 854 | E11: 1099 | F11: 192 | G11: 651 | H11: Ong | I11: 1404 | J11: 4 | K11: 14967 | L11: 19437 | M11: 2 | N11: IRRIGATED | O11: 2022 | P11: =IF(N11="IRRIGATED",IF(E11/M11>=[1]SCORES!I$5,1,0),"") -> 1 | Q11: =A11*10000*F11/1000/10^6 -> 3.3346585 | S11: =(K11-L11)/L11 -> -0.22997376
A12: 1618.8685 | B12: Other Irrigated (High Water Intensive) | C12: 14 | D12: 482 | E12: 571 | F12: 177 | G12: 304 | H12: Ong | I12: 208 | J12: 4 | K12: 3689 | L12: 4362 | M12: 2 | N12: IRRIGATED | O12: 2018 | P12: =IF(N12="IRRIGATED",IF(E12/M12>=[1]SCORES!I$5,1,0),"") -> 0 | Q12: =A12*10000*F12/1000/10^6 -> 2.8653972 | S12: =(K12-L12)/L12 -> -0.15428702
A13: 1953.9863 | B13: Other Irrigated (High Water Intensive) | C13: 14 | D13: 477 | E13: 537 | F13: 169 | G13: 306 | H13: Ong | I13: 173 | J13: 4 | K13: 5521 | L13: 6267 | M13: 2 | N13: IRRIGATED | O13: 2019 | P13: =IF(N13="IRRIGATED",IF(E13/M13>=[1]SCORES!I$5,1,0),"") -> 0 | Q13: =A13*10000*F13/1000/10^6 -> 3.3022368 | S13: =(K13-L13)/L13 -> -0.11903622
... A26: 6400.6442 | B26: Paddy | C26: 2 | D26: 445 | E26: 521 | F26: 49 | G26: 392 | H26: Ong | I26: 1164 | J26: 4 | K26: 10421 | L26: 12988 | M26: 1 | N26: IRRIGATED | O26: 2022 | P26: =IF(N26="IRRIGATED",IF(E26/M26>=[1]SCORES!I$5,1,0),"") -> 1 | Q26: =A26*10000*F26/1000/10^6 -> 3.1363157 | S26: =(K26-L26)/L26 -> -0.19764398
P51: =IF(N51="IRRIGATED",IF(E51/M51>=[1]SCORES!I$5,1,0),"") | Q51: =A51*10000*F51/1000/10^6 -> 0
P52: =IF(N52="IRRIGATED",IF(E52/M52>=[1]SCORES!I$5,1,0),"") | Q52: =A52*10000*F52/1000/10^6 -> 0
P53: =IF(N53="IRRIGATED",IF(E53/M53>=[1]SCORES!I$5,1,0),"") | Q53: =A53*10000*F53/1000/10^6 -> 0
P54: =IF(N54="IRRIGATED",IF(E54/M54>=[1]SCORES!I$5,1,0),"") | Q54: =A54*10000*F54/1000/10^6 -> 0
P55: =IF(N55="IRRIGATED",IF(E55/M55>=[1]SCORES!I$5,1,0),"") | Q55: =A55*10000*F55/1000/10^6 -> 0
P56: =IF(N56="IRRIGATED",IF(E56/M56>=[1]SCORES!I$5,1,0),"") | Q56: =A56*10000*F56/1000/10^6 -> 0
P57: =IF(N57="IRRIGATED",IF(E57/M57>=[1]SCORES!I$5,1,0),"") | Q57: =A57*10000*F57/1000/10^6 -> 0
P58: =IF(N58="IRRIGATED",IF(E58/M58>=[1]SCORES!I$5,1,0),"") | Q58: =A58*10000*F58/1000/10^6 -> 0
P59: =IF(N59="IRRIGATED",IF(E59/M59>=[1]SCORES!I$5,1,0),"") | Q59: =A59*10000*F59/1000/10^6 -> 0
P60: =IF(N60="IRRIGATED",IF(E60/M60>=[1]SCORES!I$5,1,0),"") | Q60: =A60*10000*F60/1000/10^6 -> 0
P61: =IF(N61="IRRIGATED",IF(E61/M61>=[1]SCORES!I$5,1,0),"") | Q61: =A61*10000*F61/1000/10^6 -> 0
P62: =IF(N62="IRRIGATED",IF(E62/M62>=[1]SCORES!I$5,1,0),"") | Q62: =A62*10000*F62/1000/10^6 -> 0
... P142: =IF(N142="IRRIGATED",IF(E142/M142>=[1]SCORES!I$5,1,0),"") | Q142: =A142*10000*F142/1000/10^6 -> 0

Sheet Cropping_Intensity
A2: CCA | B2: 17276 | D2: User Specified
B4: Double Crop Kharif/Rabi | C4: Double Crop Rabi/Zaid | D4: Triple Crop | E4: Perennial Crops | F4: Kharif Crop | G4: Rabi Crop | H4: Double Crop Kharif/Zaid | I4: Zaid Crop
A5: ID | B5: 1 | C5: 2 | D5: 3 | E5: 4 | F5: 5 | G5: 6 | H5: 7 | I5: 8
A6: Cropping Intensity | B6: 2 | C6: 2 | D6: 3 | E6: 1 | F6: 1 | G6: 1 | H6: 2 | I6: 1
A7: Season (Annual) | B7: 0 | C7: 0 | D7: 0 | E7: 0 | F7: 0 | G7: 0 | H7: 0 | I7: 0
A9: Cropped Area | B9: Double Crop Kharif/Rabi | C9: Double Crop Rabi/Zaid | D9: Triple Crop | E9: Perennial Crops | F9: Kharif Crop | G9: Rabi Crop | H9: Double Crop Kharif/Zaid | I9: Zaid Crop
A10: 2018 | B10: =SUMIFS('Data(perSeason,perCrop)'!$A:$A,'Data(perSeason,perCrop)'!$S:$S,Cropping_Intensity!$A10,'Data(perSeason,perCrop)'!$O:$O,Cropping_Intensity!B$7,'Data(perSeason,perCrop)'!$C:$C,Cropping_Intensity!B$4) -> 70.677874 | C10: =SUMIFS('Data(perSeason,perCrop)'!$A:$A,'Data(perSeason,perCrop)'!$S:$S,Cropping_Intensity!$A10,'Data(perSeason,perCrop)'!$O:$O,Cropping_Intensity!C$7,'Data(perSeason,perCrop)'!$C:$C,Cropping_Intensity!C$4) -> 0 | D10: =SUMIFS('Data(perSeason,perCrop)'!$A:$A,'Data(perSeason,perCrop)'!$S:$S,Cropping_Intensity!$A10,'Data(perSeason,perCrop)'!$O:$O,Cropping_Intensity!D$7,'Data(perSeason,perCrop)'!$C:$C,Cropping_Intensity!D$4) -> 0 | E10: =SUMIFS('Data(perSeason,perCrop)'!$A:$A,'Data(perSeason,perCrop)'!$S:$S,Cropping_Intensity!$A10,'Data(perSeason,perCrop)'!$O:$O,Cropping_Intensity!E$7,'Data(perSeason,perCrop)'!$C:$C,Cropping_Intensity!E$4) -> 796.86923 | F10: =SUMIFS('Data(perSeason,perCrop)'!$A:$A,'Data(perSeason,perCrop)'!$S:$S,Cropping_Intensity!$A10,'Data(perSeason,perCrop)'!$O:$O,Cropping_Intensity!F$7,'Data(perSeason,perCrop)'!$C:$C,Cropping_Intensity!F$4) -> 8677.5927 | G10: =SUMIFS('Data(perSeason,perCrop)'!$A:$A,'Data(perSeason,perCrop)'!$S:$S,Cropping_Intensity!$A10,'Data(perSeason,perCrop)'!$O:$O,Cropping_Intensity!G$7,'Data(perSeason,perCrop)'!$C:$C,Cropping_Intensity!G$4) -> 0 | H10: =SUMIFS('Data(perSeason,perCrop)'!$A:$A,'Data(perSeason,perCrop)'!$S:$S,Cropping_Intensity!$A10,'Data(perSeason,perCrop)'!$O:$O,Cropping_Intensity!H$7,'Data(perSeason,perCrop)'!$C:$C,Cropping_Intensity!H$4) -> 2248.9474 | I10: =SUMIFS('Data(perSeason,perCrop)'!$A:$A,'Data(perSeason,perCrop)'!$S:$S,Cropping_Intensity!$A10,'Data(perSeason,perCrop)'!$O:$O,Cropping_Intensity!I$7,'Data(perSeason,perCrop)'!$C:$C,Cropping_Intensity!I$4) -> 0
A11: 2019 | B11: =SUMIFS('Data(perSeason,perCrop)'!$A:$A,'Data(perSeason,perCrop)'!$S:$S,Cropping_Intensity!$A11,'Data(perSeason,perCrop)'!$O:$O,Cropping_Intensity!B$7,'Data(perSeason,perCrop)'!$C:$C,Cropping_Intensity!B$4) -> 118.67038 | C11: =SUMIFS('Data(perSeason,perCrop)'!$A:$A,'Data(perSeason,perCrop)'!$S:$S,Cropping_Intensity!$A11,'Data(perSeason,perCrop)'!$O:$O,Cropping_Intensity!C$7,'Data(perSeason,perCrop)'!$C:$C,Cropping_Intensity!C$4) -> 49.024806 | D11: =SUMIFS('Data(perSeason,perCrop)'!$A:$A,'Data(perSeason,perCrop)'!$S:$S,Cropping_Intensity!$A11,'Data(perSeason,perCrop)'!$O:$O,Cropping_Intensity!D$7,'Data(perSeason,perCrop)'!$C:$C,Cropping_Intensity!D$4) -> 107.79733 | E11: =SUMIFS('Data(perSeason,perCrop)'!$A:$A,'Data(perSeason,perCrop)'!$S:$S,Cropping_Intensity!$A11,'Data(perSeason,perCrop)'!$O:$O,Cropping_Intensity!E$7,'Data(perSeason,perCrop)'!$C:$C,Cropping_Intensity!E$4) -> 3774.4034 | F11: =SUMIFS('Data(perSeason,perCrop)'!$A:$A,'Data(perSeason,perCrop)'!$S:$S,Cropping_Intensity!$A11,'Data(perSeason,perCrop)'!$O:$O,Cropping_Intensity!F$7,'Data(perSeason,perCrop)'!$C:$C,Cropping_Intensity!F$4) -> 4537.6773 | G11: =SUMIFS('Data(perSeason,perCrop)'!$A:$A,'Data(perSeason,perCrop)'!$S:$S,Cropping_Intensity!$A11,'Data(perSeason,perCrop)'!$O:$O,Cropping_Intensity!G$7,'Data(perSeason,perCrop)'!$C:$C,Cropping_Intensity!G$4) -> 120.27067 | H11: =SUMIFS('Data(perSeason,perCrop)'!$A:$A,'Data(perSeason,perCrop)'!$S:$S,Cropping_Intensity!$A11,'Data(perSeason,perCrop)'!$O:$O,Cropping_Intensity!H$7,'Data(perSeason,perCrop)'!$C:$C,Cropping_Intensity!H$4) -> 4888.8774 | I11: =SUMIFS('Data(perSeason,perCrop)'!$A:$A,'Data(perSeason,perCrop)'!$S:$S,Cropping_Intensity!$A11,'Data(perSeason,perCrop)'!$O:$O,Cropping_Intensity!I$7,'Data(perSeason,perCrop)'!$C:$C,Cropping_Intensity!I$4) -> 7.8892189
A12: 2020 | B12: =SUMIFS('Data(perSeason,perCrop)'!$A:$A,'Data(perSeason,perCrop)'!$S:$S,Cropping_Intensity!$A12,'Data(perSeason,perCrop)'!$O:$O,Cropping_Intensity!B$7,'Data(perSeason,perCrop)'!$C:$C,Cropping_Intensity!B$4) -> 59.597834 | C12: =SUMIFS('Data(perSeason,perCrop)'!$A:$A,'Data(perSeason,perCrop)'!$S:$S,Cropping_Intensity!$A12,'Data(perSeason,perCrop)'!$O:$O,Cropping_Intensity!C$7,'Data(perSeason,perCrop)'!$C:$C,Cropping_Intensity!C$4) -> 15.666136 | D12: =SUMIFS('Data(perSeason,perCrop)'!$A:$A,'Data(perSeason,perCrop)'!$S:$S,Cropping_Intensity!$A12,'Data(perSeason,perCrop)'!$O:$O,Cropping_Intensity!D$7,'Data(perSeason,perCrop)'!$C:$C,Cropping_Intensity!D$4) -> 6.7832797 | E12: =SUMIFS('Data(perSeason,perCrop)'!$A:$A,'Data(perSeason,perCrop)'!$S:$S,Cropping_Intensity!$A12,'Data(perSeason,perCrop)'!$O:$O,Cropping_Intensity!E$7,'Data(perSeason,perCrop)'!$C:$C,Cropping_Intensity!E$4) -> 306.93799 | F12: =SUMIFS('Data(perSeason,perCrop)'!$A:$A,'Data(perSeason,perCrop)'!$S:$S,Cropping_Intensity!$A12,'Data(perSeason,perCrop)'!$O:$O,Cropping_Intensity!F$7,'Data(perSeason,perCrop)'!$C:$C,Cropping_Intensity!F$4) -> 7898.0791 | G12: =SUMIFS('Data(perSeason,perCrop)'!$A:$A,'Data(perSeason,perCrop)'!$S:$S,Cropping_Intensity!$A12,'Data(perSeason,perCrop)'!$O:$O,Cropping_Intensity!G$7,'Data(perSeason,perCrop)'!$C:$C,Cropping_Intensity!G$4) -> 13.218432 | H12: =SUMIFS('Data(perSeason,perCrop)'!$A:$A,'Data(perSeason,perCrop)'!$S:$S,Cropping_Intensity!$A12,'Data(perSeason,perCrop)'!$O:$O,Cropping_Intensity!H$7,'Data(perSeason,perCrop)'!$C:$C,Cropping_Intensity!H$4) -> 2257.1429 | I12: =SUMIFS('Data(perSeason,perCrop)'!$A:$A,'Data(perSeason,perCrop)'!$S:$S,Cropping_Intensity!$A12,'Data(perSeason,perCrop)'!$O:$O,Cropping_Intensity!I$7,'Data(perSeason,perCrop)'!$C:$C,Cropping_Intensity!I$4) -> 0
A13: 2021 | B13: =SUMIFS('Data(perSeason,perCrop)'!$A:$A,'Data(perSeason,perCrop)'!$S:$S,Cropping_Intensity!$A13,'Data(perSeason,perCrop)'!$O:$O,Cropping_Intensity!B$7,'Data(perSeason,perCrop)'!$C:$C,Cropping_Intensity!B$4) -> 114.53169 | C13: =SUMIFS('Data(perSeason,perCrop)'!$A:$A,'Data(perSeason,perCrop)'!$S:$S,Cropping_Intensity!$A13,'Data(perSeason,perCrop)'!$O:$O,Cropping_Intensity!C$7,'Data(perSeason,perCrop)'!$C:$C,Cropping_Intensity!C$4) -> 14.3836 | D13: =SUMIFS('Data(perSeason,perCrop)'!$A:$A,'Data(perSeason,perCrop)'!$S:$S,Cropping_Intensity!$A13,'Data(perSeason,perCrop)'!$O:$O,Cropping_Intensity!D$7,'Data(perSeason,perCrop)'!$C:$C,Cropping_Intensity!D$4) -> 11.209214 | E13: =SUMIFS('Data(perSeason,perCrop)'!$A:$A,'Data(perSeason,perCrop)'!$S:$S,Cropping_Intensity!$A13,'Data(perSeason,perCrop)'!$O:$O,Cropping_Intensity!E$7,'Data(perSeason,perCrop)'!$C:$C,Cropping_Intensity!E$4) -> 648.99691 | F13: =SUMIFS('Data(perSeason,perCrop)'!$A:$A,'Data(perSeason,perCrop)'!$S:$S,Cropping_Intensity!$A13,'Data(perSeason,perCrop)'!$O:$O,Cropping_Intensity!F$7,'Data(perSeason,perCrop)'!$C:$C,Cropping_Intensity!F$4) -> 6029.0039 | G13: =SUMIFS('Data(perSeason,perCrop)'!$A:$A,'Data(perSeason,perCrop)'!$S:$S,Cropping_Intensity!$A13,'Data(perSeason,perCrop)'!$O:$O,Cropping_Intensity!G$7,'Data(perSeason,perCrop)'!$C:$C,Cropping_Intensity!G$4) -> 82.084902 | H13: =SUMIFS('Data(perSeason,perCrop)'!$A:$A,'Data(perSeason,perCrop)'!$S:$S,Cropping_Intensity!$A13,'Data(perSeason,perCrop)'!$O:$O,Cropping_Intensity!H$7,'Data(perSeason,perCrop)'!$C:$C,Cropping_Intensity!H$4) -> 2122.9211 | I13: =SUMIFS('Data(perSeason,perCrop)'!$A:$A,'Data(perSeason,perCrop)'!$S:$S,Cropping_Intensity!$A13,'Data(perSeason,perCrop)'!$O:$O,Cropping_Intensity!I$7,'Data(perSeason,perCrop)'!$C:$C,Cropping_Intensity!I$4) -> 0
A14: 2022 | B14: =SUMIFS('Data(perSeason,perCrop)'!$A:$A,'Data(perSeason,perCrop)'!$S:$S,Cropping_Intensity!$A14,'Data(perSeason,perCrop)'!$O:$O,Cropping_Intensity!B$7,'Data(perSeason,perCrop)'!$C:$C,Cropping_Intensity!B$4) -> 11.589767 | C14: =SUMIFS('Data(perSeason,perCrop)'!$A:$A,'Data(perSeason,perCrop)'!$S:$S,Cropping_Intensity!$A14,'Data(perSeason,perCrop)'!$O:$O,Cropping_Intensity!C$7,'Data(perSeason,perCrop)'!$C:$C,Cropping_Intensity!C$4) -> 0 | D14: =SUMIFS('Data(perSeason,perCrop)'!$A:$A,'Data(perSeason,perCrop)'!$S:$S,Cropping_Intensity!$A14,'Data(perSeason,perCrop)'!$O:$O,Cropping_Intensity!D$7,'Data(perSeason,perCrop)'!$C:$C,Cropping_Intensity!D$4) -> 0 | E14: =SUMIFS('Data(perSeason,perCrop)'!$A:$A,'Data(perSeason,perCrop)'!$S:$S,Cropping_Intensity!$A14,'Data(perSeason,perCrop)'!$O:$O,Cropping_Intensity!E$7,'Data(perSeason,perCrop)'!$C:$C,Cropping_Intensity!E$4) -> 708.97698 | F14: =SUMIFS('Data(perSeason,perCrop)'!$A:$A,'Data(perSeason,perCrop)'!$S:$S,Cropping_Intensity!$A14,'Data(perSeason,perCrop)'!$O:$O,Cropping_Intensity!F$7,'Data(perSeason,perCrop)'!$C:$C,Cropping_Intensity!F$4) -> 8199.9696 | G14: =SUMIFS('Data(perSeason,perCrop)'!$A:$A,'Data(perSeason,perCrop)'!$S:$S,Cropping_Intensity!$A14,'Data(perSeason,perCrop)'!$O:$O,Cropping_Intensity!G$7,'Data(perSeason,perCrop)'!$C:$C,Cropping_Intensity!G$4) -> 0 | H14: =SUMIFS('Data(perSeason,perCrop)'!$A:$A,'Data(perSeason,perCrop)'!$S:$S,Cropping_Intensity!$A14,'Data(perSeason,perCrop)'!$O:$O,Cropping_Intensity!H$7,'Data(perSeason,perCrop)'!$C:$C,Cropping_Intensity!H$4) -> 4402.2663 | I14: =SUMIFS('Data(perSeason,perCrop)'!$A:$A,'Data(perSeason,perCrop)'!$S:$S,Cropping_Intensity!$A14,'Data(perSeason,perCrop)'!$O:$O,Cropping_Intensity!I$7,'Data(perSeason,perCrop)'!$C:$C,Cropping_Intensity!I$4) -> 0
A15: 2018-2022 | B15: =AVERAGE(B10:B14) -> 75.013509 | C15: =AVERAGE(C10:C14) -> 15.814908 | D15: =AVERAGE(D10:D14) -> 25.157964 | E15: =AVERAGE(E10:E14) -> 1247.2369 | F15: =AVERAGE(F10:F14) -> 7068.4645 | G15: =AVERAGE(G10:G14) -> 43.114801 | H15: =AVERAGE(H10:H14) -> 3184.031 | I15: =AVERAGE(I10:I14) -> 1.5778438
A17: Cropped Area | B17: Double Crop Kharif/Rabi | C17: Double Crop Rabi/Zaid | D17: Triple Crop | E17: Perennial Crops | F17: Kharif Crop | G17: Rabi Crop | H17: Double Crop Kharif/Zaid | I17: Zaid Crop
A18: 2018 | B18: =B10*B$6/$B$2 -> 0.0081822035 | C18: =C10*C$6/$B$2 -> 0 | D18: =D10*D$6/$B$2 -> 0 | E18: =E10*E$6/$B$2 -> 0.046125795 | F18: =F10*F$6/$B$2 -> 0.50229177 | G18: =G10*G$6/$B$2 -> 0 | H18: =H10*H$6/$B$2 -> 0.26035511 | I18: =I10*I$6/$B$2 -> 0
A19: 2019 | B19: =B11*B$6/$B$2 -> 0.013738178 | C19: =C11*C$6/$B$2 -> 0.0056754811 | D19: =D11*D$6/$B$2 -> 0.018719147 | E19: =E11*E$6/$B$2 -> 0.2184767 | F19: =F11*F$6/$B$2 -> 0.26265786 | G19: =G11*G$6/$B$2 -> 0.0069617197 | H19: =H11*H$6/$B$2 -> 0.56597331 | I19: =I11*I$6/$B$2 -> 0.00045665773
A20: 2020 | B20: =B12*B$6/$B$2 -> 0.0068994946 | C20: =C12*C$6/$B$2 -> 0.00181363 | D20: =D12*D$6/$B$2 -> 0.0011779254 | E20: =E12*E$6/$B$2 -> 0.017766728 | F20: =F12*F$6/$B$2 -> 0.45717059 | G20: =G12*G$6/$B$2 -> 0.00076513268 | H20: =H12*H$6/$B$2 -> 0.26130388 | I20: =I12*I$6/$B$2 -> 0
A21: 2021 | B21: =B13*B$6/$B$2 -> 0.013259052 | C21: =C13*C$6/$B$2 -> 0.001665154 | D21: =D13*D$6/$B$2 -> 0.0019464947 | E21: =E13*E$6/$B$2 -> 0.037566388 | F21: =F13*F$6/$B$2 -> 0.34898147 | G21: =G13*G$6/$B$2 -> 0.0047513835 | H21: =H13*H$6/$B$2 -> 0.24576536 | I21: =I13*I$6/$B$2 -> 0
A22: 2022 | B22: =B14*B$6/$B$2 -> 0.0013417188 | C22: =C14*C$6/$B$2 -> 0 | D22: =D14*D$6/$B$2 -> 0 | E22: =E14*E$6/$B$2 -> 0.04103826 | F22: =F14*F$6/$B$2 -> 0.47464515 | G22: =G14*G$6/$B$2 -> 0 | H22: =H14*H$6/$B$2 -> 0.50963953 | I22: =I14*I$6/$B$2 -> 0
A23: 2018-2022 | B23: =AVERAGE(B18:B22) -> 0.0086841293 | C23: =AVERAGE(C18:C22) -> 0.001830853 | D23: =AVERAGE(D18:D22) -> 0.0043687134 | E23: =AVERAGE(E18:E22) -> 0.072194773 | F23: =AVERAGE(F18:F22) -> 0.40914937 | G23: =AVERAGE(G18:G22) -> 0.0024956472 | H23: =AVERAGE(H18:H22) -> 0.36860744 | I23: =AVERAGE(I18:I22) -> 9.1331546e-05
A25: Based on CCA | B25: Cropping Intensity | C25: Total Cropped Area
A26: 2018 | B26: =SUM(B18:I18) -> 0.81695488 | C26: =B26*B$2 -> 14113.712
A27: 2019 | B27: =SUM(B19:I19) -> 1.092659 | C27: =B27*B$2 -> 18876.778
A28: 2020 | B28: =SUM(B20:I20) -> 0.74689739 | C28: =B28*B$2 -> 12903.399
A29: 2021 | B29: =SUM(B21:I21) -> 0.6539353 | C29: =B29*B$2 -> 11297.386
A30: 2022 | B30: =SUM(B22:I22) -> 1.0266647 | C30: =B30*B$2 -> 17736.659
A31: 2018-2022 | B31: =AVERAGE(B26:B30) -> 0.86742226 | C31: =AVERAGE(C26:C30) -> 14985.587

Sheet Indicators
M23: =IF(COUNTIFS('Data(perSeason,perCrop)'!$S:$S,Indicators!$B87)>0,'[2]Indicators(perCrop)'!AH$38,"")

Sheet Irrigation_Utilization
A2: CCA | B2: 17276 | D2: User Specified
B4: Double Crop Kharif/Rabi | C4: Double Crop Rabi/Zaid | D4: Triple Crop | E4: Perennial Crops | F4: Kharif Crop | G4: Rabi Crop | H4: Double Crop Kharif/Zaid | I4: Zaid Crop
A5: ID | B5: 1 | C5: 2 | D5: 3 | E5: 4 | F5: 5 | G5: 6 | H5: 7 | I5: 8
A6: Cropping Intensity | B6: 2 | C6: 2 | D6: 3 | E6: 1 | F6: 1 | G6: 1 | H6: 2 | I6: 1
A7: Season (Annual) | B7: 0 | C7: 0 | D7: 0 | E7: 0 | F7: 0 | G7: 0 | H7: 0 | I7: 0
A9: Cropped Area | B9: Double Crop Kharif/Rabi | C9: Double Crop Rabi/Zaid | D9: Triple Crop | E9: Perennial Crops | F9: Kharif Crop | G9: Rabi Crop | H9: Double Crop Kharif/Zaid | I9: Zaid Crop | J9: Total
A10: 2018 | B10: =SUMIFS('Data(perSeason,perCrop)'!$A:$A,'Data(perSeason,perCrop)'!$S:$S,Irrigation_Utilization!$A10,'Data(perSeason,perCrop)'!$O:$O,Irrigation_Utilization!B$7,'Data(perSeason,perCrop)'!$C:$C,Irrigation_Utilization!B$4,'Data(perSeason,perCrop)'!$R:$R,"IRRIGATED" ) -> 59.843344 | C10: =SUMIFS('Data(perSeason,perCrop)'!$A:$A,'Data(perSeason,perCrop)'!$S:$S,Irrigation_Utilization!$A10,'Data(perSeason,perCrop)'!$O:$O,Irrigation_Utilization!C$7,'Data(perSeason,perCrop)'!$C:$C,Irrigation_Utilization!C$4,'Data(perSeason,perCrop)'!$R:$R,"IRRIGATED" ) -> 0 | D10: =SUMIFS('Data(perSeason,perCrop)'!$A:$A,'Data(perSeason,perCrop)'!$S:$S,Irrigation_Utilization!$A10,'Data(perSeason,perCrop)'!$O:$O,Irrigation_Utilization!D$7,'Data(perSeason,perCrop)'!$C:$C,Irrigation_Utilization!D$4,'Data(perSeason,perCrop)'!$R:$R,"IRRIGATED" ) -> 0 | E10: =SUMIFS('Data(perSeason,perCrop)'!$A:$A,'Data(perSeason,perCrop)'!$S:$S,Irrigation_Utilization!$A10,'Data(perSeason,perCrop)'!$O:$O,Irrigation_Utilization!E$7,'Data(perSeason,perCrop)'!$C:$C,Irrigation_Utilization!E$4,'Data(perSeason,perCrop)'!$R:$R,"IRRIGATED" ) -> 674.8299 | F10: =SUMIFS('Data(perSeason,perCrop)'!$A:$A,'Data(perSeason,perCrop)'!$S:$S,Irrigation_Utilization!$A10,'Data(perSeason,perCrop)'!$O:$O,Irrigation_Utilization!F$7,'Data(perSeason,perCrop)'!$C:$C,Irrigation_Utilization!F$4,'Data(perSeason,perCrop)'!$R:$R,"IRRIGATED" ) -> 6429.0186 | G10: =SUMIFS('Data(perSeason,perCrop)'!$A:$A,'Data(perSeason,perCrop)'!$S:$S,Irrigation_Utilization!$A10,'Data(perSeason,perCrop)'!$O:$O,Irrigation_Utilization!G$7,'Data(perSeason,perCrop)'!$C:$C,Irrigation_Utilization!G$4,'Data(perSeason,perCrop)'!$R:$R,"IRRIGATED" ) -> 0 | H10: =SUMIFS('Data(perSeason,perCrop)'!$A:$A,'Data(perSeason,perCrop)'!$S:$S,Irrigation_Utilization!$A10,'Data(perSeason,perCrop)'!$O:$O,Irrigation_Utilization!H$7,'Data(perSeason,perCrop)'!$C:$C,Irrigation_Utilization!H$4,'Data(perSeason,perCrop)'!$R:$R,"IRRIGATED" ) -> 2204.0052 | I10: =SUMIFS('Data(perSeason,perCrop)'!$A:$A,'Data(perSeason,perCrop)'!$S:$S,Irrigation_Utilization!$A10,'Data(perSeason,perCrop)'!$O:$O,Irrigation_Utilization!I$7,'Data(perSeason,perCrop)'!$C:$C,Irrigation_Utilization!I$4,'Data(perSeason,perCrop)'!$R:$R,"IRRIGATED" ) -> 0 | J10: =SUM(B10:I10) -> 9367.697
A11: 2019 | B11: =SUMIFS('Data(perSeason,perCrop)'!$A:$A,'Data(perSeason,perCrop)'!$S:$S,Irrigation_Utilization!$A11,'Data(perSeason,perCrop)'!$O:$O,Irrigation_Utilization!B$7,'Data(perSeason,perCrop)'!$C:$C,Irrigation_Utilization!B$4,'Data(perSeason,perCrop)'!$R:$R,"IRRIGATED" ) -> 75.894637 | C11: =SUMIFS('Data(perSeason,perCrop)'!$A:$A,'Data(perSeason,perCrop)'!$S:$S,Irrigation_Utilization!$A11,'Data(perSeason,perCrop)'!$O:$O,Irrigation_Utilization!C$7,'Data(perSeason,perCrop)'!$C:$C,Irrigation_Utilization!C$4,'Data(perSeason,perCrop)'!$R:$R,"IRRIGATED" ) -> 49.024806 | D11: =SUMIFS('Data(perSeason,perCrop)'!$A:$A,'Data(perSeason,perCrop)'!$S:$S,Irrigation_Utilization!$A11,'Data(perSeason,perCrop)'!$O:$O,Irrigation_Utilization!D$7,'Data(perSeason,perCrop)'!$C:$C,Irrigation_Utilization!D$4,'Data(perSeason,perCrop)'!$R:$R,"IRRIGATED" ) -> 107.79733 | E11: =SUMIFS('Data(perSeason,perCrop)'!$A:$A,'Data(perSeason,perCrop)'!$S:$S,Irrigation_Utilization!$A11,'Data(perSeason,perCrop)'!$O:$O,Irrigation_Utilization!E$7,'Data(perSeason,perCrop)'!$C:$C,Irrigation_Utilization!E$4,'Data(perSeason,perCrop)'!$R:$R,"IRRIGATED" ) -> 3035.494 | F11: =SUMIFS('Data(perSeason,perCrop)'!$A:$A,'Data(perSeason,perCrop)'!$S:$S,Irrigation_Utilization!$A11,'Data(perSeason,perCrop)'!$O:$O,Irrigation_Utilization!F$7,'Data(perSeason,perCrop)'!$C:$C,Irrigation_Utilization!F$4,'Data(perSeason,perCrop)'!$R:$R,"IRRIGATED" ) -> 2517.5209 | G11: =SUMIFS('Data(perSeason,perCrop)'!$A:$A,'Data(perSeason,perCrop)'!$S:$S,Irrigation_Utilization!$A11,'Data(perSeason,perCrop)'!$O:$O,Irrigation_Utilization!G$7,'Data(perSeason,perCrop)'!$C:$C,Irrigation_Utilization!G$4,'Data(perSeason,perCrop)'!$R:$R,"IRRIGATED" ) -> 80.534693 | H11: =SUMIFS('Data(perSeason,perCrop)'!$A:$A,'Data(perSeason,perCrop)'!$S:$S,Irrigation_Utilization!$A11,'Data(perSeason,perCrop)'!$O:$O,Irrigation_Utilization!H$7,'Data(perSeason,perCrop)'!$C:$C,Irrigation_Utilization!H$4,'Data(perSeason,perCrop)'!$R:$R,"IRRIGATED" ) -> 4609.0601 | I11: =SUMIFS('Data(perSeason,perCrop)'!$A:$A,'Data(perSeason,perCrop)'!$S:$S,Irrigation_Utilization!$A11,'Data(perSeason,perCrop)'!$O:$O,Irrigation_Utilization!I$7,'Data(perSeason,perCrop)'!$C:$C,Irrigation_Utilization!I$4,'Data(perSeason,perCrop)'!$R:$R,"IRRIGATED" ) -> 7.8892189 | J11: =SUM(B11:I11) -> 10483.216
A12: 2020 | B12: =SUMIFS('Data(perSeason,perCrop)'!$A:$A,'Data(perSeason,perCrop)'!$S:$S,Irrigation_Utilization!$A12,'Data(perSeason,perCrop)'!$O:$O,Irrigation_Utilization!B$7,'Data(perSeason,perCrop)'!$C:$C,Irrigation_Utilization!B$4,'Data(perSeason,perCrop)'!$R:$R,"IRRIGATED" ) -> 25.360404 | C12: =SUMIFS('Data(perSeason,perCrop)'!$A:$A,'Data(perSeason,perCrop)'!$S:$S,Irrigation_Utilization!$A12,'Data(perSeason,perCrop)'!$O:$O,Irrigation_Utilization!C$7,'Data(perSeason,perCrop)'!$C:$C,Irrigation_Utilization!C$4,'Data(perSeason,perCrop)'!$R:$R,"IRRIGATED" ) -> 15.666136 | D12: =SUMIFS('Data(perSeason,perCrop)'!$A:$A,'Data(perSeason,perCrop)'!$S:$S,Irrigation_Utilization!$A12,'Data(perSeason,perCrop)'!$O:$O,Irrigation_Utilization!D$7,'Data(perSeason,perCrop)'!$C:$C,Irrigation_Utilization!D$4,'Data(perSeason,perCrop)'!$R:$R,"IRRIGATED" ) -> 6.7832797 | E12: =SUMIFS('Data(perSeason,perCrop)'!$A:$A,'Data(perSeason,perCrop)'!$S:$S,Irrigation_Utilization!$A12,'Data(perSeason,perCrop)'!$O:$O,Irrigation_Utilization!E$7,'Data(perSeason,perCrop)'!$C:$C,Irrigation_Utilization!E$4,'Data(perSeason,perCrop)'!$R:$R,"IRRIGATED" ) -> 251.17421 | F12: =SUMIFS('Data(perSeason,perCrop)'!$A:$A,'Data(perSeason,perCrop)'!$S:$S,Irrigation_Utilization!$A12,'Data(perSeason,perCrop)'!$O:$O,Irrigation_Utilization!F$7,'Data(perSeason,perCrop)'!$C:$C,Irrigation_Utilization!F$4,'Data(perSeason,perCrop)'!$R:$R,"IRRIGATED" ) -> 3835.7191 | G12: =SUMIFS('Data(perSeason,perCrop)'!$A:$A,'Data(perSeason,perCrop)'!$S:$S,Irrigation_Utilization!$A12,'Data(perSeason,perCrop)'!$O:$O,Irrigation_Utilization!G$7,'Data(perSeason,perCrop)'!$C:$C,Irrigation_Utilization!G$4,'Data(perSeason,perCrop)'!$R:$R,"IRRIGATED" ) -> 0 | H12: =SUMIFS('Data(perSeason,perCrop)'!$A:$A,'Data(perSeason,perCrop)'!$S:$S,Irrigation_Utilization!$A12,'Data(perSeason,perCrop)'!$O:$O,Irrigation_Utilization!H$7,'Data(perSeason,perCrop)'!$C:$C,Irrigation_Utilization!H$4,'Data(perSeason,perCrop)'!$R:$R,"IRRIGATED" ) -> 2154.3017 | I12: =SUMIFS('Data(perSeason,perCrop)'!$A:$A,'Data(perSeason,perCrop)'!$S:$S,Irrigation_Utilization!$A12,'Data(perSeason,perCrop)'!$O:$O,Irrigation_Utilization!I$7,'Data(perSeason,perCrop)'!$C:$C,Irrigation_Utilization!I$4,'Data(perSeason,perCrop)'!$R:$R,"IRRIGATED" ) -> 0 | J12: =SUM(B12:I12) -> 6289.0048
A13: 2021 | B13: =SUMIFS('Data(perSeason,perCrop)'!$A:$A,'Data(perSeason,perCrop)'!$S:$S,Irrigation_Utilization!$A13,'Data(perSeason,perCrop)'!$O:$O,Irrigation_Utilization!B$7,'Data(perSeason,perCrop)'!$C:$C,Irrigation_Utilization!B$4,'Data(perSeason,perCrop)'!$R:$R,"IRRIGATED" ) -> 67.455545 | C13: =SUMIFS('Data(perSeason,perCrop)'!$A:$A,'Data(perSeason,perCrop)'!$S:$S,Irrigation_Utilization!$A13,'Data(perSeason,perCrop)'!$O:$O,Irrigation_Utilization!C$7,'Data(perSeason,perCrop)'!$C:$C,Irrigation_Utilization!C$4,'Data(perSeason,perCrop)'!$R:$R,"IRRIGATED" ) -> 14.3836 | D13: =SUMIFS('Data(perSeason,perCrop)'!$A:$A,'Data(perSeason,perCrop)'!$S:$S,Irrigation_Utilization!$A13,'Data(perSeason,perCrop)'!$O:$O,Irrigation_Utilization!D$7,'Data(perSeason,perCrop)'!$C:$C,Irrigation_Utilization!D$4,'Data(perSeason,perCrop)'!$R:$R,"IRRIGATED" ) -> 11.209214 | E13: =SUMIFS('Data(perSeason,perCrop)'!$A:$A,'Data(perSeason,perCrop)'!$S:$S,Irrigation_Utilization!$A13,'Data(perSeason,perCrop)'!$O:$O,Irrigation_Utilization!E$7,'Data(perSeason,perCrop)'!$C:$C,Irrigation_Utilization!E$4,'Data(perSeason,perCrop)'!$R:$R,"IRRIGATED" ) -> 561.88327 | F13: =SUMIFS('Data(perSeason,perCrop)'!$A:$A,'Data(perSeason,perCrop)'!$S:$S,Irrigation_Utilization!$A13,'Data(perSeason,perCrop)'!$O:$O,Irrigation_Utilization!F$7,'Data(perSeason,perCrop)'!$C:$C,Irrigation_Utilization!F$4,'Data(perSeason,perCrop)'!$R:$R,"IRRIGATED" ) -> 4053.7929 | G13: =SUMIFS('Data(perSeason,perCrop)'!$A:$A,'Data(perSeason,perCrop)'!$S:$S,Irrigation_Utilization!$A13,'Data(perSeason,perCrop)'!$O:$O,Irrigation_Utilization!G$7,'Data(perSeason,perCrop)'!$C:$C,Irrigation_Utilization!G$4,'Data(perSeason,perCrop)'!$R:$R,"IRRIGATED" ) -> 33.569078 | H13: =SUMIFS('Data(perSeason,perCrop)'!$A:$A,'Data(perSeason,perCrop)'!$S:$S,Irrigation_Utilization!$A13,'Data(perSeason,perCrop)'!$O:$O,Irrigation_Utilization!H$7,'Data(perSeason,perCrop)'!$C:$C,Irrigation_Utilization!H$4,'Data(perSeason,perCrop)'!$R:$R,"IRRIGATED" ) -> 2093.7228 | I13: =SUMIFS('Data(perSeason,perCrop)'!$A:$A,'Data(perSeason,perCrop)'!$S:$S,Irrigation_Utilization!$A13,'Data(perSeason,perCrop)'!$O:$O,Irrigation_Utilization!I$7,'Data(perSeason,perCrop)'!$C:$C,Irrigation_Utilization!I$4,'Data(perSeason,perCrop)'!$R:$R,"IRRIGATED" ) -> 0 | J13: =SUM(B13:I13) -> 6836.0164
A14: 2022 | B14: =SUMIFS('Data(perSeason,perCrop)'!$A:$A,'Data(perSeason,perCrop)'!$S:$S,Irrigation_Utilization!$A14,'Data(perSeason,perCrop)'!$O:$O,Irrigation_Utilization!B$7,'Data(perSeason,perCrop)'!$C:$C,Irrigation_Utilization!B$4,'Data(perSeason,perCrop)'!$R:$R,"IRRIGATED" ) -> 0 | C14: =SUMIFS('Data(perSeason,perCrop)'!$A:$A,'Data(perSeason,perCrop)'!$S:$S,Irrigation_Utilization!$A14,'Data(perSeason,perCrop)'!$O:$O,Irrigation_Utilization!C$7,'Data(perSeason,perCrop)'!$C:$C,Irrigation_Utilization!C$4,'Data(perSeason,perCrop)'!$R:$R,"IRRIGATED" ) -> 0 | D14: =SUMIFS('Data(perSeason,perCrop)'!$A:$A,'Data(perSeason,perCrop)'!$S:$S,Irrigation_Utilization!$A14,'Data(perSeason,perCrop)'!$O:$O,Irrigation_Utilization!D$7,'Data(perSeason,perCrop)'!$C:$C,Irrigation_Utilization!D$4,'Data(perSeason,perCrop)'!$R:$R,"IRRIGATED" ) -> 0 | E14: =SUMIFS('Data(perSeason,perCrop)'!$A:$A,'Data(perSeason,perCrop)'!$S:$S,Irrigation_Utilization!$A14,'Data(perSeason,perCrop)'!$O:$O,Irrigation_Utilization!E$7,'Data(perSeason,perCrop)'!$C:$C,Irrigation_Utilization!E$4,'Data(perSeason,perCrop)'!$R:$R,"IRRIGATED" ) -> 597.41535 | F14: =SUMIFS('Data(perSeason,perCrop)'!$A:$A,'Data(perSeason,perCrop)'!$S:$S,Irrigation_Utilization!$A14,'Data(perSeason,perCrop)'!$O:$O,Irrigation_Utilization!F$7,'Data(perSeason,perCrop)'!$C:$C,Irrigation_Utilization!F$4,'Data(perSeason,perCrop)'!$R:$R,"IRRIGATED" ) -> 4785.7117 | G14: =SUMIFS('Data(perSeason,perCrop)'!$A:$A,'Data(perSeason,perCrop)'!$S:$S,Irrigation_Utilization!$A14,'Data(perSeason,perCrop)'!$O:$O,Irrigation_Utilization!G$7,'Data(perSeason,perCrop)'!$C:$C,Irrigation_Utilization!G$4,'Data(perSeason,perCrop)'!$R:$R,"IRRIGATED" ) -> 0 | H14: =SUMIFS('Data(perSeason,perCrop)'!$A:$A,'Data(perSeason,perCrop)'!$S:$S,Irrigation_Utilization!$A14,'Data(perSeason,perCrop)'!$O:$O,Irrigation_Utilization!H$7,'Data(perSeason,perCrop)'!$C:$C,Irrigation_Utilization!H$4,'Data(perSeason,perCrop)'!$R:$R,"IRRIGATED" ) -> 4069.1684 | I14: =SUMIFS('Data(perSeason,perCrop)'!$A:$A,'Data(perSeason,perCrop)'!$S:$S,Irrigation_Utilization!$A14,'Data(perSeason,perCrop)'!$O:$O,Irrigation_Utilization!I$7,'Data(perSeason,perCrop)'!$C:$C,Irrigation_Utilization!I$4,'Data(perSeason,perCrop)'!$R:$R,"IRRIGATED" ) -> 0 | J14: =SUM(B14:I14) -> 9452.2954
A15: 2018-2022 | B15: =AVERAGE(B10:B14) -> 45.710786 | C15: =AVERAGE(C10:C14) -> 15.814908 | D15: =AVERAGE(D10:D14) -> 25.157964 | E15: =AVERAGE(E10:E14) -> 1024.1593 | F15: =AVERAGE(F10:F14) -> 4324.3526 | G15: =AVERAGE(G10:G14) -> 22.820754 | H15: =AVERAGE(H10:H14) -> 3026.0516 | I15: =AVERAGE(I10:I14) -> 1.5778438 | J15: =SUM(B15:I15) -> 8485.6459
A17: Cropped Area | B17: Double Crop Kharif/Rabi | C17: Double Crop Rabi/Zaid | D17: Triple Crop | E17: Perennial Crops | F17: Kharif Crop | G17: Rabi Crop | H17: Double Crop Kharif/Zaid | I17: Zaid Crop
A18: 2018 | B18: =B10/$B$2 -> 0.0034639583 | C18: =C10/$B$2 -> 0 | D18: =D10/$B$2 -> 0 | E18: =E10/$B$2 -> 0.039061698 | F18: =F10/$B$2 -> 0.37213583 | G18: =G10/$B$2 -> 0 | H18: =H10/$B$2 -> 0.12757613 | I18: =I10/$B$2 -> 0
A19: 2019 | B19: =B11/$B$2 -> 0.0043930677 | C19: =C11/$B$2 -> 0.0028377405 | D19: =D11/$B$2 -> 0.0062397156 | E19: =E11/$B$2 -> 0.17570583 | F19: =F11/$B$2 -> 0.1457236 | G19: =G11/$B$2 -> 0.0046616516 | H19: =H11/$B$2 -> 0.26678977 | I19: =I11/$B$2 -> 0.00045665773
A20: 2020 | B20: =B12/$B$2 -> 0.0014679558 | C20: =C12/$B$2 -> 0.00090681498 | D20: =D12/$B$2 -> 0.0003926418 | E20: =E12/$B$2 -> 0.01453891 | F20: =F12/$B$2 -> 0.22202588 | G20: =G12/$B$2 -> 0 | H20: =H12/$B$2 -> 0.1246991 | I20: =I12/$B$2 -> 0
A21: 2021 | B21: =B13/$B$2 -> 0.0039045812 | C21: =C13/$B$2 -> 0.00083257698 | D21: =D13/$B$2 -> 0.00064883157 | E21: =E13/$B$2 -> 0.032523921 | F21: =F13/$B$2 -> 0.23464882 | G21: =G13/$B$2 -> 0.0019431047 | H21: =H13/$B$2 -> 0.12119257 | I21: =I13/$B$2 -> 0
A22: 2022 | B22: =B14/$B$2 -> 0 | C22: =C14/$B$2 -> 0 | D22: =D14/$B$2 -> 0 | E22: =E14/$B$2 -> 0.034580652 | F22: =F14/$B$2 -> 0.27701503 | G22: =G14/$B$2 -> 0 | H22: =H14/$B$2 -> 0.2355388 | I22: =I14/$B$2 -> 0
A23: 2018-2022 | B23: =AVERAGE(B18:B22) -> 0.0026459126 | C23: =AVERAGE(C18:C22) -> 0.0009154265 | D23: =AVERAGE(D18:D22) -> 0.0014562378 | E23: =AVERAGE(E18:E22) -> 0.059282203 | F23: =AVERAGE(F18:F22) -> 0.25030983 | G23: =AVERAGE(G18:G22) -> 0.0013209513 | H23: =AVERAGE(H18:H22) -> 0.17515927 | I23: =AVERAGE(I18:I22) -> 9.1331546e-05
A25: Cropped Area | B25: Double Crop Kharif/Rabi | C25: Double Crop Rabi/Zaid | D25: Triple Crop | E25: Perennial Crops | F25: Kharif Crop | G25: Rabi Crop | H25: Double Crop Kharif/Zaid | I25: Zaid Crop | J25: Total
A26: 2018 | B26: =(B10*B$6)/$B$2 -> 0.0069279166 | C26: =(C10*C$6)/$B$2 -> 0 | D26: =(D10*D$6)/$B$2 -> 0 | E26: =(E10*E$6)/$B$2 -> 0.039061698 | F26: =(F10*F$6)/$B$2 -> 0.37213583 | G26: =(G10*G$6)/$B$2 -> 0 | H26: =(H10*H$6)/$B$2 -> 0.25515225 | I26: =(I10*I$6)/$B$2 -> 0 | J26: =SUM(B26:I26) -> 0.6732777
A27: 2019 | B27: =(B11*B$6)/$B$2 -> 0.0087861354 | C27: =(C11*C$6)/$B$2 -> 0.0056754811 | D27: =(D11*D$6)/$B$2 -> 0.018719147 | E27: =(E11*E$6)/$B$2 -> 0.17570583 | F27: =(F11*F$6)/$B$2 -> 0.1457236 | G27: =(G11*G$6)/$B$2 -> 0.0046616516 | H27: =(H11*H$6)/$B$2 -> 0.53357954 | I27: =(I11*I$6)/$B$2 -> 0.00045665773 | J27: =SUM(B27:I27) -> 0.89330805
A28: 2020 | B28: =(B12*B$6)/$B$2 -> 0.0029359116 | C28: =(C12*C$6)/$B$2 -> 0.00181363 | D28: =(D12*D$6)/$B$2 -> 0.0011779254 | E28: =(E12*E$6)/$B$2 -> 0.01453891 | F28: =(F12*F$6)/$B$2 -> 0.22202588 | G28: =(G12*G$6)/$B$2 -> 0 | H28: =(H12*H$6)/$B$2 -> 0.2493982 | I28: =(I12*I$6)/$B$2 -> 0 | J28: =SUM(B28:I28) -> 0.49189046
A29: 2021 | B29: =(B13*B$6)/$B$2 -> 0.0078091624 | C29: =(C13*C$6)/$B$2 -> 0.001665154 | D29: =(D13*D$6)/$B$2 -> 0.0019464947 | E29: =(E13*E$6)/$B$2 -> 0.032523921 | F29: =(F13*F$6)/$B$2 -> 0.23464882 | G29: =(G13*G$6)/$B$2 -> 0.0019431047 | H29: =(H13*H$6)/$B$2 -> 0.24238513 | I29: =(I13*I$6)/$B$2 -> 0 | J29: =SUM(B29:I29) -> 0.52292179
A30: 2022 | B30: =(B14*B$6)/$B$2 -> 0 | C30: =(C14*C$6)/$B$2 -> 0 | D30: =(D14*D$6)/$B$2 -> 0 | E30: =(E14*E$6)/$B$2 -> 0.034580652 | F30: =(F14*F$6)/$B$2 -> 0.27701503 | G30: =(G14*G$6)/$B$2 -> 0 | H30: =(H14*H$6)/$B$2 -> 0.47107761 | I30: =(I14*I$6)/$B$2 -> 0 | J30: =SUM(B30:I30) -> 0.78267329
A31: 2018-2022 | B31: =AVERAGE(B26:B30) -> 0.0052918252 | C31: =AVERAGE(C26:C30) -> 0.001830853 | D31: =AVERAGE(D26:D30) -> 0.0043687134 | E31: =AVERAGE(E26:E30) -> 0.059282203 | F31: =AVERAGE(F26:F30) -> 0.25030983 | G31: =AVERAGE(G26:G30) -> 0.0013209513 | H31: =AVERAGE(H26:H30) -> 0.35031855 | I31: =AVERAGE(I26:I30) -> 9.1331546e-05 | J31: =SUM(B31:I31) -> 0.67281426
A33: Based on CCA | B33: Irrigated Area Fraction | C33: Total Irrigated Area
A34: 2018 | B34: =SUM(B18:I18) -> 0.54223761 | C34: =B34*B$2 -> 9367.697
A35: 2019 | B35: =SUM(B19:I19) -> 0.60680804 | C35: =B35*B$2 -> 10483.216
A36: 2020 | B36: =SUM(B20:I20) -> 0.3640313 | C36: =B36*B$2 -> 6289.0048
A37: 2021 | B37: =SUM(B21:I21) -> 0.3956944 | C37: =B37*B$2 -> 6836.0164
A38: 2022 | B38: =SUM(B22:I22) -> 0.54713449 | C38: =B38*B$2 -> 9452.2954
A39: 2018-2022 | B39: =AVERAGE(B34:B38) -> 0.49118117 | C39: =AVERAGE(C34:C38) -> 8485.6459

Sheet Adequacy
A1: Irrigated Area
A2: Season (KHARIF) | B2: Cotton | C2: Paddy | D2: Maize | E2: Wheat | F2: Redgram | G2: Chickpea | H2: Mustard | I2: Jowar | J2: Chili | K2: Orchard | L2: Groundnut | M2: Potato | N2: Sugarcane | O2: Other Irrigated (High Water Intensive) | P2: Other Irrigated (Less Water Intensive) | Q2: Other Rainfed | R2: Class1 | S2: Class2 | T2: Class3 | U2: Class4 | V2: Class5 | W2: Class6 | X2: Class7 | Y2: Class8 | Z2: Class9 | AA2: Class10 | AB2: Class11 | AC2: Class12 | AD2: Class13 | AE2: Class14 | AF2: Class15
A3: Crop ID | B3: 1 | C3: 2 | D3: 3 | E3: 4 | F3: 5 | G3: 6 | H3: 7 | I3: 8 | J3: 9 | K3: 10 | L3: 11 | M3: 12 | N3: 13 | O3: 14 | P3: 15 | Q3: 16 | R3: 17 | S3: 18 | T3: 19 | U3: 20 | V3: 21 | W3: 22 | X3: 23 | Y3: 24 | Z3: 25 | AA3: 40 | AB3: 41 | AC3: 42 | AD3: 43 | AE3: 44 | AF3: 45
A4: 2018 | B4: =SUMIFS('Data(perSeason,perCrop)'!$A:$A,'Data(perSeason,perCrop)'!$S:$S,Adequacy!$A4,'Data(perSeason,perCrop)'!$O:$O,1,'Data(perSeason,perCrop)'!$C:$C,Adequacy!B$2,'Data(perSeason,perCrop)'!$R:$R,"IRRIGATED") -> 0 | C4: =SUMIFS('Data(perSeason,perCrop)'!$A:$A,'Data(perSeason,perCrop)'!$S:$S,Adequacy!$A4,'Data(perSeason,perCrop)'!$O:$O,1,'Data(perSeason,perCrop)'!$C:$C,Adequacy!C$2,'Data(perSeason,perCrop)'!$R:$R,"IRRIGATED") -> 5050.8789 | D4: =SUMIFS('Data(perSeason,perCrop)'!$A:$A,'Data(perSeason,perCrop)'!$S:$S,Adequacy!$A4,'Data(perSeason,perCrop)'!$O:$O,1,'Data(perSeason,perCrop)'!$C:$C,Adequacy!D$2,'Data(perSeason,perCrop)'!$R:$R,"IRRIGATED") -> 0 | E4: =SUMIFS('Data(perSeason,perCrop)'!$A:$A,'Data(perSeason,perCrop)'!$S:$S,Adequacy!$A4,'Data(perSeason,perCrop)'!$O:$O,1,'Data(perSeason,perCrop)'!$C:$C,Adequacy!E$2,'Data(perSeason,perCrop)'!$R:$R,"IRRIGATED") -> 0 | F4: =SUMIFS('Data(perSeason,perCrop)'!$A:$A,'Data(perSeason,perCrop)'!$S:$S,Adequacy!$A4,'Data(perSeason,perCrop)'!$O:$O,1,'Data(perSeason,perCrop)'!$C:$C,Adequacy!F$2,'Data(perSeason,perCrop)'!$R:$R,"IRRIGATED") -> 0 | G4: =SUMIFS('Data(perSeason,perCrop)'!$A:$A,'Data(perSeason,perCrop)'!$S:$S,Adequacy!$A4,'Data(perSeason,perCrop)'!$O:$O,1,'Data(perSeason,perCrop)'!$C:$C,Adequacy!G$2,'Data(perSeason,perCrop)'!$R:$R,"IRRIGATED") -> 0 | H4: =SUMIFS('Data(perSeason,perCrop)'!$A:$A,'Data(perSeason,perCrop)'!$S:$S,Adequacy!$A4,'Data(perSeason,perCrop)'!$O:$O,1,'Data(perSeason,perCrop)'!$C:$C,Adequacy!H$2,'Data(perSeason,perCrop)'!$R:$R,"IRRIGATED") -> 0 | I4: =SUMIFS('Data(perSeason,perCrop)'!$A:$A,'Data(perSeason,perCrop)'!$S:$S,Adequacy!$A4,'Data(perSeason,perCrop)'!$O:$O,1,'Data(perSeason,perCrop)'!$C:$C,Adequacy!I$2,'Data(perSeason,perCrop)'!$R:$R,"IRRIGATED") -> 0 | ... AF4: =SUMIFS('Data(perSeason,perCrop)'!$A:$A,'Data(perSeason,perCrop)'!$S:$S,Adequacy!$A4,'Data(perSeason,perCrop)'!$O:$O,1,'Data(perSeason,perCrop)'!$C:$C,Adequacy!AF$2,'Data(perSeason,perCrop)'!$R:$R,"IRRIGATED") -> 0
A5: 2019 | B5: =SUMIFS('Data(perSeason,perCrop)'!$A:$A,'Data(perSeason,perCrop)'!$S:$S,Adequacy!$A5,'Data(perSeason,perCrop)'!$O:$O,1,'Data(perSeason,perCrop)'!$C:$C,Adequacy!B$2,'Data(perSeason,perCrop)'!$R:$R,"IRRIGATED") -> 0 | C5: =SUMIFS('Data(perSeason,perCrop)'!$A:$A,'Data(perSeason,perCrop)'!$S:$S,Adequacy!$A5,'Data(perSeason,perCrop)'!$O:$O,1,'Data(perSeason,perCrop)'!$C:$C,Adequacy!C$2,'Data(perSeason,perCrop)'!$R:$R,"IRRIGATED") -> 2055.4887 | D5: =SUMIFS('Data(perSeason,perCrop)'!$A:$A,'Data(perSeason,perCrop)'!$S:$S,Adequacy!$A5,'Data(perSeason,perCrop)'!$O:$O,1,'Data(perSeason,perCrop)'!$C:$C,Adequacy!D$2,'Data(perSeason,perCrop)'!$R:$R,"IRRIGATED") -> 0 | E5: =SUMIFS('Data(perSeason,perCrop)'!$A:$A,'Data(perSeason,perCrop)'!$S:$S,Adequacy!$A5,'Data(perSeason,perCrop)'!$O:$O,1,'Data(perSeason,perCrop)'!$C:$C,Adequacy!E$2,'Data(perSeason,perCrop)'!$R:$R,"IRRIGATED") -> 0 | F5: =SUMIFS('Data(perSeason,perCrop)'!$A:$A,'Data(perSeason,perCrop)'!$S:$S,Adequacy!$A5,'Data(perSeason,perCrop)'!$O:$O,1,'Data(perSeason,perCrop)'!$C:$C,Adequacy!F$2,'Data(perSeason,perCrop)'!$R:$R,"IRRIGATED") -> 0 | G5: =SUMIFS('Data(perSeason,perCrop)'!$A:$A,'Data(perSeason,perCrop)'!$S:$S,Adequacy!$A5,'Data(perSeason,perCrop)'!$O:$O,1,'Data(perSeason,perCrop)'!$C:$C,Adequacy!G$2,'Data(perSeason,perCrop)'!$R:$R,"IRRIGATED") -> 0 | H5: =SUMIFS('Data(perSeason,perCrop)'!$A:$A,'Data(perSeason,perCrop)'!$S:$S,Adequacy!$A5,'Data(perSeason,perCrop)'!$O:$O,1,'Data(perSeason,perCrop)'!$C:$C,Adequacy!H$2,'Data(perSeason,perCrop)'!$R:$R,"IRRIGATED") -> 0 | I5: =SUMIFS('Data(perSeason,perCrop)'!$A:$A,'Data(perSeason,perCrop)'!$S:$S,Adequacy!$A5,'Data(perSeason,perCrop)'!$O:$O,1,'Data(perSeason,perCrop)'!$C:$C,Adequacy!I$2,'Data(perSeason,perCrop)'!$R:$R,"IRRIGATED") -> 0 | ... AF5: =SUMIFS('Data(perSeason,perCrop)'!$A:$A,'Data(perSeason,perCrop)'!$S:$S,Adequacy!$A5,'Data(perSeason,perCrop)'!$O:$O,1,'Data(perSeason,perCrop)'!$C:$C,Adequacy!AF$2,'Data(perSeason,perCrop)'!$R:$R,"IRRIGATED") -> 0
A6: 2020 | B6: =SUMIFS('Data(perSeason,perCrop)'!$A:$A,'Data(perSeason,perCrop)'!$S:$S,Adequacy!$A6,'Data(perSeason,perCrop)'!$O:$O,1,'Data(perSeason,perCrop)'!$C:$C,Adequacy!B$2,'Data(perSeason,perCrop)'!$R:$R,"IRRIGATED") -> 0 | C6: =SUMIFS('Data(perSeason,perCrop)'!$A:$A,'Data(perSeason,perCrop)'!$S:$S,Adequacy!$A6,'Data(perSeason,perCrop)'!$O:$O,1,'Data(perSeason,perCrop)'!$C:$C,Adequacy!C$2,'Data(perSeason,perCrop)'!$R:$R,"IRRIGATED") -> 2233.2271 | D6: =SUMIFS('Data(perSeason,perCrop)'!$A:$A,'Data(perSeason,perCrop)'!$S:$S,Adequacy!$A6,'Data(perSeason,perCrop)'!$O:$O,1,'Data(perSeason,perCrop)'!$C:$C,Adequacy!D$2,'Data(perSeason,perCrop)'!$R:$R,"IRRIGATED") -> 0 | E6: =SUMIFS('Data(perSeason,perCrop)'!$A:$A,'Data(perSeason,perCrop)'!$S:$S,Adequacy!$A6,'Data(perSeason,perCrop)'!$O:$O,1,'Data(perSeason,perCrop)'!$C:$C,Adequacy!E$2,'Data(perSeason,perCrop)'!$R:$R,"IRRIGATED") -> 0 | F6: =SUMIFS('Data(perSeason,perCrop)'!$A:$A,'Data(perSeason,perCrop)'!$S:$S,Adequacy!$A6,'Data(perSeason,perCrop)'!$O:$O,1,'Data(perSeason,perCrop)'!$C:$C,Adequacy!F$2,'Data(perSeason,perCrop)'!$R:$R,"IRRIGATED") -> 0 | G6: =SUMIFS('Data(perSeason,perCrop)'!$A:$A,'Data(perSeason,perCrop)'!$S:$S,Adequacy!$A6,'Data(perSeason,perCrop)'!$O:$O,1,'Data(perSeason,perCrop)'!$C:$C,Adequacy!G$2,'Data(perSeason,perCrop)'!$R:$R,"IRRIGATED") -> 0 | H6: =SUMIFS('Data(perSeason,perCrop)'!$A:$A,'Data(perSeason,perCrop)'!$S:$S,Adequacy!$A6,'Data(perSeason,perCrop)'!$O:$O,1,'Data(perSeason,perCrop)'!$C:$C,Adequacy!H$2,'Data(perSeason,perCrop)'!$R:$R,"IRRIGATED") -> 0 | I6: =SUMIFS('Data(perSeason,perCrop)'!$A:$A,'Data(perSeason,perCrop)'!$S:$S,Adequacy!$A6,'Data(perSeason,perCrop)'!$O:$O,1,'Data(perSeason,perCrop)'!$C:$C,Adequacy!I$2,'Data(perSeason,perCrop)'!$R:$R,"IRRIGATED") -> 0 | ... AF6: =SUMIFS('Data(perSeason,perCrop)'!$A:$A,'Data(perSeason,perCrop)'!$S:$S,Adequacy!$A6,'Data(perSeason,perCrop)'!$O:$O,1,'Data(perSeason,perCrop)'!$C:$C,Adequacy!AF$2,'Data(perSeason,perCrop)'!$R:$R,"IRRIGATED") -> 0
A7: 2021 | B7: =SUMIFS('Data(perSeason,perCrop)'!$A:$A,'Data(perSeason,perCrop)'!$S:$S,Adequacy!$A7,'Data(perSeason,perCrop)'!$O:$O,1,'Data(perSeason,perCrop)'!$C:$C,Adequacy!B$2,'Data(perSeason,perCrop)'!$R:$R,"IRRIGATED") -> 0 | C7: =SUMIFS('Data(perSeason,perCrop)'!$A:$A,'Data(perSeason,perCrop)'!$S:$S,Adequacy!$A7,'Data(perSeason,perCrop)'!$O:$O,1,'Data(perSeason,perCrop)'!$C:$C,Adequacy!C$2,'Data(perSeason,perCrop)'!$R:$R,"IRRIGATED") -> 2884.3027 | D7: =SUMIFS('Data(perSeason,perCrop)'!$A:$A,'Data(perSeason,perCrop)'!$S:$S,Adequacy!$A7,'Data(perSeason,perCrop)'!$O:$O,1,'Data(perSeason,perCrop)'!$C:$C,Adequacy!D$2,'Data(perSeason,perCrop)'!$R:$R,"IRRIGATED") -> 0 | E7: =SUMIFS('Data(perSeason,perCrop)'!$A:$A,'Data(perSeason,perCrop)'!$S:$S,Adequacy!$A7,'Data(perSeason,perCrop)'!$O:$O,1,'Data(perSeason,perCrop)'!$C:$C,Adequacy!E$2,'Data(perSeason,perCrop)'!$R:$R,"IRRIGATED") -> 0 | F7: =SUMIFS('Data(perSeason,perCrop)'!$A:$A,'Data(perSeason,perCrop)'!$S:$S,Adequacy!$A7,'Data(perSeason,perCrop)'!$O:$O,1,'Data(perSeason,perCrop)'!$C:$C,Adequacy!F$2,'Data(perSeason,perCrop)'!$R:$R,"IRRIGATED") -> 0 | G7: =SUMIFS('Data(perSeason,perCrop)'!$A:$A,'Data(perSeason,perCrop)'!$S:$S,Adequacy!$A7,'Data(perSeason,perCrop)'!$O:$O,1,'Data(perSeason,perCrop)'!$C:$C,Adequacy!G$2,'Data(perSeason,perCrop)'!$R:$R,"IRRIGATED") -> 0 | H7: =SUMIFS('Data(perSeason,perCrop)'!$A:$A,'Data(perSeason,perCrop)'!$S:$S,Adequacy!$A7,'Data(perSeason,perCrop)'!$O:$O,1,'Data(perSeason,perCrop)'!$C:$C,Adequacy!H$2,'Data(perSeason,perCrop)'!$R:$R,"IRRIGATED") -> 0 | I7: =SUMIFS('Data(perSeason,perCrop)'!$A:$A,'Data(perSeason,perCrop)'!$S:$S,Adequacy!$A7,'Data(perSeason,perCrop)'!$O:$O,1,'Data(perSeason,perCrop)'!$C:$C,Adequacy!I$2,'Data(perSeason,perCrop)'!$R:$R,"IRRIGATED") -> 0 | ... AF7: =SUMIFS('Data(perSeason,perCrop)'!$A:$A,'Data(perSeason,perCrop)'!$S:$S,Adequacy!$A7,'Data(perSeason,perCrop)'!$O:$O,1,'Data(perSeason,perCrop)'!$C:$C,Adequacy!AF$2,'Data(perSeason,perCrop)'!$R:$R,"IRRIGATED") -> 0
A8: 2022 | B8: =SUMIFS('Data(perSeason,perCrop)'!$A:$A,'Data(perSeason,perCrop)'!$S:$S,Adequacy!$A8,'Data(perSeason,perCrop)'!$O:$O,1,'Data(perSeason,perCrop)'!$C:$C,Adequacy!B$2,'Data(perSeason,perCrop)'!$R:$R,"IRRIGATED") -> 0 | C8: =SUMIFS('Data(perSeason,perCrop)'!$A:$A,'Data(perSeason,perCrop)'!$S:$S,Adequacy!$A8,'Data(perSeason,perCrop)'!$O:$O,1,'Data(perSeason,perCrop)'!$C:$C,Adequacy!C$2,'Data(perSeason,perCrop)'!$R:$R,"IRRIGATED") -> 4004.6215 | D8: =SUMIFS('Data(perSeason,perCrop)'!$A:$A,'Data(perSeason,perCrop)'!$S:$S,Adequacy!$A8,'Data(perSeason,perCrop)'!$O:$O,1,'Data(perSeason,perCrop)'!$C:$C,Adequacy!D$2,'Data(perSeason,perCrop)'!$R:$R,"IRRIGATED") -> 0 | E8: =SUMIFS('Data(perSeason,perCrop)'!$A:$A,'Data(perSeason,perCrop)'!$S:$S,Adequacy!$A8,'Data(perSeason,perCrop)'!$O:$O,1,'Data(perSeason,perCrop)'!$C:$C,Adequacy!E$2,'Data(perSeason,perCrop)'!$R:$R,"IRRIGATED") -> 0 | F8: =SUMIFS('Data(perSeason,perCrop)'!$A:$A,'Data(perSeason,perCrop)'!$S:$S,Adequacy!$A8,'Data(perSeason,perCrop)'!$O:$O,1,'Data(perSeason,perCrop)'!$C:$C,Adequacy!F$2,'Data(perSeason,perCrop)'!$R:$R,"IRRIGATED") -> 0 | G8: =SUMIFS('Data(perSeason,perCrop)'!$A:$A,'Data(perSeason,perCrop)'!$S:$S,Adequacy!$A8,'Data(perSeason,perCrop)'!$O:$O,1,'Data(perSeason,perCrop)'!$C:$C,Adequacy!G$2,'Data(perSeason,perCrop)'!$R:$R,"IRRIGATED") -> 0 | H8: =SUMIFS('Data(perSeason,perCrop)'!$A:$A,'Data(perSeason,perCrop)'!$S:$S,Adequacy!$A8,'Data(perSeason,perCrop)'!$O:$O,1,'Data(perSeason,perCrop)'!$C:$C,Adequacy!H$2,'Data(perSeason,perCrop)'!$R:$R,"IRRIGATED") -> 0 | I8: =SUMIFS('Data(perSeason,perCrop)'!$A:$A,'Data(perSeason,perCrop)'!$S:$S,Adequacy!$A8,'Data(perSeason,perCrop)'!$O:$O,1,'Data(perSeason,perCrop)'!$C:$C,Adequacy!I$2,'Data(perSeason,perCrop)'!$R:$R,"IRRIGATED") -> 0 | ... AF8: =SUMIFS('Data(perSeason,perCrop)'!$A:$A,'Data(perSeason,perCrop)'!$S:$S,Adequacy!$A8,'Data(perSeason,perCrop)'!$O:$O,1,'Data(perSeason,perCrop)'!$C:$C,Adequacy!AF$2,'Data(perSeason,perCrop)'!$R:$R,"IRRIGATED") -> 0
A9: Average | B9: =AVERAGE(B4:B8) -> 0 | C9: =AVERAGE(C4:C8) -> 3245.7038 | D9: =AVERAGE(D4:D8) -> 0 | E9: =AVERAGE(E4:E8) -> 0 | F9: =AVERAGE(F4:F8) -> 0 | G9: =AVERAGE(G4:G8) -> 0 | H9: =AVERAGE(H4:H8) -> 0 | I9: =AVERAGE(I4:I8) -> 0 | ... AF9: =AVERAGE(AF4:AF8) -> 0
A10: Weight | B10: =B9/SUM($B9:$AF9) -> 0 | C10: =C9/SUM($B9:$Q9) -> 0.89020582 | D10: =D9/SUM($B9:$Q9) -> 0 | E10: =E9/SUM($B9:$Q9) -> 0 | F10: =F9/SUM($B9:$Q9) -> 0 | G10: =G9/SUM($B9:$Q9) -> 0 | H10: =H9/SUM($B9:$Q9) -> 0 | I10: =I9/SUM($B9:$Q9) -> 0 | J10: =J9/SUM($B9:$Q9) -> 0 | ... AF10: =AF9/SUM($B9:$Q9) -> 0
A13: Adequecy (Per Crop) | B13: 1 | C13: 2 | D13: 3 | E13: 4 | F13: 5 | G13: 6 | H13: 7 | I13: 8 | J13: 9 | K13: 10 | L13: 11 | M13: 12 | N13: 13 | O13: 14 | P13: 15 | Q13: 16 | R13: 17 | S13: 18 | T13: 19 | U13: 20 | V13: 21 | W13: 22 | X13: 23 | Y13: 24 | Z13: 25 | AA13: 40 | AB13: 41 | AC13: 42 | AD13: 43 | AE13: 44 | AF13: 45
A14: 2018 | B14: =IF(B4>0,1-AVERAGEIFS('Data(perSeason,perCrop)'!$E:$E,'Data(perSeason,perCrop)'!$S:$S,Adequacy!$A14,'Data(perSeason,perCrop)'!$O:$O,1,'Data(perSeason,perCrop)'!$C:$C,Adequacy!B$2,'Data(perSeason,perCrop)'!$R:$R,"IRRIGATED")/AVERAGEIFS('Data(perSeason,perCrop)'!$F:$F,'Data(perSeason,perCrop)'!$S:$S,Adequacy!$A14,'Data(perSeason,perCrop)'!$O:$O,1,'Data(perSeason,perCrop)'!$C:$C,Adequacy!B$2,'Data(perSeason,perCrop)'!$R:$R,"IRRIGATED"),"") | C14: =IF(C4>0,1-AVERAGEIFS('Data(perSeason,perCrop)'!$E:$E,'Data(perSeason,perCrop)'!$S:$S,Adequacy!$A14,'Data(perSeason,perCrop)'!$O:$O,1,'Data(perSeason,perCrop)'!$C:$C,Adequacy!C$2,'Data(perSeason,perCrop)'!$R:$R,"IRRIGATED")/AVERAGEIFS('Data(perSeason,perCrop)'!$F:$F,'Data(perSeason,perCrop)'!$S:$S,Adequacy!$A14,'Data(perSeason,perCrop)'!$O:$O,1,'Data(perSeason,perCrop)'!$C:$C,Adequacy!C$2,'Data(perSeason,perCrop)'!$R:$R,"IRRIGATED"),"") -> 0.16473988 | D14: =IF(D4>0,1-AVERAGEIFS('Data(perSeason,perCrop)'!$E:$E,'Data(perSeason,perCrop)'!$S:$S,Adequacy!$A14,'Data(perSeason,perCrop)'!$O:$O,1,'Data(perSeason,perCrop)'!$C:$C,Adequacy!D$2,'Data(perSeason,perCrop)'!$R:$R,"IRRIGATED")/AVERAGEIFS('Data(perSeason,perCrop)'!$F:$F,'Data(perSeason,perCrop)'!$S:$S,Adequacy!$A14,'Data(perSeason,perCrop)'!$O:$O,1,'Data(perSeason,perCrop)'!$C:$C,Adequacy!D$2,'Data(perSeason,perCrop)'!$R:$R,"IRRIGATED"),"") | E14: =IF(E4>0,1-AVERAGEIFS('Data(perSeason,perCrop)'!$E:$E,'Data(perSeason,perCrop)'!$S:$S,Adequacy!$A14,'Data(perSeason,perCrop)'!$O:$O,1,'Data(perSeason,perCrop)'!$C:$C,Adequacy!E$2,'Data(perSeason,perCrop)'!$R:$R,"IRRIGATED")/AVERAGEIFS('Data(perSeason,perCrop)'!$F:$F,'Data(perSeason,perCrop)'!$S:$S,Adequacy!$A14,'Data(perSeason,perCrop)'!$O:$O,1,'Data(perSeason,perCrop)'!$C:$C,Adequacy!E$2,'Data(perSeason,perCrop)'!$R:$R,"IRRIGATED"),"") | F14: =IF(F4>0,1-AVERAGEIFS('Data(perSeason,perCrop)'!$E:$E,'Data(perSeason,perCrop)'!$S:$S,Adequacy!$A14,'Data(perSeason,perCrop)'!$O:$O,1,'Data(perSeason,perCrop)'!$C:$C,Adequacy!F$2,'Data(perSeason,perCrop)'!$R:$R,"IRRIGATED")/AVERAGEIFS('Data(perSeason,perCrop)'!$F:$F,'Data(perSeason,perCrop)'!$S:$S,Adequacy!$A14,'Data(perSeason,perCrop)'!$O:$O,1,'Data(perSeason,perCrop)'!$C:$C,Adequacy!F$2,'Data(perSeason,perCrop)'!$R:$R,"IRRIGATED"),"") | G14: =IF(G4>0,1-AVERAGEIFS('Data(perSeason,perCrop)'!$E:$E,'Data(perSeason,perCrop)'!$S:$S,Adequacy!$A14,'Data(perSeason,perCrop)'!$O:$O,1,'Data(perSeason,perCrop)'!$C:$C,Adequacy!G$2,'Data(perSeason,perCrop)'!$R:$R,"IRRIGATED")/AVERAGEIFS('Data(perSeason,perCrop)'!$F:$F,'Data(perSeason,perCrop)'!$S:$S,Adequacy!$A14,'Data(perSeason,perCrop)'!$O:$O,1,'Data(perSeason,perCrop)'!$C:$C,Adequacy!G$2,'Data(perSeason,perCrop)'!$R:$R,"IRRIGATED"),"") | H14: =IF(H4>0,1-AVERAGEIFS('Data(perSeason,perCrop)'!$E:$E,'Data(perSeason,perCrop)'!$S:$S,Adequacy!$A14,'Data(perSeason,perCrop)'!$O:$O,1,'Data(perSeason,perCrop)'!$C:$C,Adequacy!H$2,'Data(perSeason,perCrop)'!$R:$R,"IRRIGATED")/AVERAGEIFS('Data(perSeason,perCrop)'!$F:$F,'Data(perSeason,perCrop)'!$S:$S,Adequacy!$A14,'Data(perSeason,perCrop)'!$O:$O,1,'Data(perSeason,perCrop)'!$C:$C,Adequacy!H$2,'Data(perSeason,perCrop)'!$R:$R,"IRRIGATED"),"") | I14: =IF(I4>0,1-AVERAGEIFS('Data(perSeason,perCrop)'!$E:$E,'Data(perSeason,perCrop)'!$S:$S,Adequacy!$A14,'Data(perSeason,perCrop)'!$O:$O,1,'Data(perSeason,perCrop)'!$C:$C,Adequacy!I$2,'Data(perSeason,perCrop)'!$R:$R,"IRRIGATED")/AVERAGEIFS('Data(perSeason,perCrop)'!$F:$F,'Data(perSeason,perCrop)'!$S:$S,Adequacy!$A14,'Data(perSeason,perCrop)'!$O:$O,1,'Data(perSeason,perCrop)'!$C:$C,Adequacy!I$2,'Data(perSeason,perCrop)'!$R:$R,"IRRIGATED"),"") | ... AF14: =IF(AF4>0,1-AVERAGEIFS('Data(perSeason,perCrop)'!$E:$E,'Data(perSeason,perCrop)'!$S:$S,Adequacy!$A14,'Data(perSeason,perCrop)'!$O:$O,1,'Data(perSeason,perCrop)'!$C:$C,Adequacy!AF$2,'Data(perSeason,perCrop)'!$R:$R,"IRRIGATED")/AVERAGEIFS('Data(perSeason,perCrop)'!$F:$F,'Data(perSeason,perCrop)'!$S:$S,Adequacy!$A14,'Data(perSeason,perCrop)'!$O:$O,1,'Data(perSeason,perCrop)'!$C:$C,Adequacy!AF$2,'Data(perSeason,perCrop)'!$R:$R,"IRRIGATED"),"")
A15: 2019 | B15: =IF(B5>0,1-AVERAGEIFS('Data(perSeason,perCrop)'!$E:$E,'Data(perSeason,perCrop)'!$S:$S,Adequacy!$A15,'Data(perSeason,perCrop)'!$O:$O,1,'Data(perSeason,perCrop)'!$C:$C,Adequacy!B$2,'Data(perSeason,perCrop)'!$R:$R,"IRRIGATED")/AVERAGEIFS('Data(perSeason,perCrop)'!$F:$F,'Data(perSeason,perCrop)'!$S:$S,Adequacy!$A15,'Data(perSeason,perCrop)'!$O:$O,1,'Data(perSeason,perCrop)'!$C:$C,Adequacy!B$2,'Data(perSeason,perCrop)'!$R:$R,"IRRIGATED"),"") | C15: =IF(C5>0,1-AVERAGEIFS('Data(perSeason,perCrop)'!$E:$E,'Data(perSeason,perCrop)'!$S:$S,Adequacy!$A15,'Data(perSeason,perCrop)'!$O:$O,1,'Data(perSeason,perCrop)'!$C:$C,Adequacy!C$2,'Data(perSeason,perCrop)'!$R:$R,"IRRIGATED")/AVERAGEIFS('Data(perSeason,perCrop)'!$F:$F,'Data(perSeason,perCrop)'!$S:$S,Adequacy!$A15,'Data(perSeason,perCrop)'!$O:$O,1,'Data(perSeason,perCrop)'!$C:$C,Adequacy!C$2,'Data(perSeason,perCrop)'!$R:$R,"IRRIGATED"),"") -> 0.25157233 | D15: =IF(D5>0,1-AVERAGEIFS('Data(perSeason,perCrop)'!$E:$E,'Data(perSeason,perCrop)'!$S:$S,Adequacy!$A15,'Data(perSeason,perCrop)'!$O:$O,1,'Data(perSeason,perCrop)'!$C:$C,Adequacy!D$2,'Data(perSeason,perCrop)'!$R:$R,"IRRIGATED")/AVERAGEIFS('Data(perSeason,perCrop)'!$F:$F,'Data(perSeason,perCrop)'!$S:$S,Adequacy!$A15,'Data(perSeason,perCrop)'!$O:$O,1,'Data(perSeason,perCrop)'!$C:$C,Adequacy!D$2,'Data(perSeason,perCrop)'!$R:$R,"IRRIGATED"),"") | E15: =IF(E5>0,1-AVERAGEIFS('Data(perSeason,perCrop)'!$E:$E,'Data(perSeason,perCrop)'!$S:$S,Adequacy!$A15,'Data(perSeason,perCrop)'!$O:$O,1,'Data(perSeason,perCrop)'!$C:$C,Adequacy!E$2,'Data(perSeason,perCrop)'!$R:$R,"IRRIGATED")/AVERAGEIFS('Data(perSeason,perCrop)'!$F:$F,'Data(perSeason,perCrop)'!$S:$S,Adequacy!$A15,'Data(perSeason,perCrop)'!$O:$O,1,'Data(perSeason,perCrop)'!$C:$C,Adequacy!E$2,'Data(perSeason,perCrop)'!$R:$R,"IRRIGATED"),"") | F15: =IF(F5>0,1-AVERAGEIFS('Data(perSeason,perCrop)'!$E:$E,'Data(perSeason,perCrop)'!$S:$S,Adequacy!$A15,'Data(perSeason,perCrop)'!$O:$O,1,'Data(perSeason,perCrop)'!$C:$C,Adequacy!F$2,'Data(perSeason,perCrop)'!$R:$R,"IRRIGATED")/AVERAGEIFS('Data(perSeason,perCrop)'!$F:$F,'Data(perSeason,perCrop)'!$S:$S,Adequacy!$A15,'Data(perSeason,perCrop)'!$O:$O,1,'Data(perSeason,perCrop)'!$C:$C,Adequacy!F$2,'Data(perSeason,perCrop)'!$R:$R,"IRRIGATED"),"") | G15: =IF(G5>0,1-AVERAGEIFS('Data(perSeason,perCrop)'!$E:$E,'Data(perSeason,perCrop)'!$S:$S,Adequacy!$A15,'Data(perSeason,perCrop)'!$O:$O,1,'Data(perSeason,perCrop)'!$C:$C,Adequacy!G$2,'Data(perSeason,perCrop)'!$R:$R,"IRRIGATED")/AVERAGEIFS('Data(perSeason,perCrop)'!$F:$F,'Data(perSeason,perCrop)'!$S:$S,Adequacy!$A15,'Data(perSeason,perCrop)'!$O:$O,1,'Data(perSeason,perCrop)'!$C:$C,Adequacy!G$2,'Data(perSeason,perCrop)'!$R:$R,"IRRIGATED"),"") | H15: =IF(H5>0,1-AVERAGEIFS('Data(perSeason,perCrop)'!$E:$E,'Data(perSeason,perCrop)'!$S:$S,Adequacy!$A15,'Data(perSeason,perCrop)'!$O:$O,1,'Data(perSeason,perCrop)'!$C:$C,Adequacy!H$2,'Data(perSeason,perCrop)'!$R:$R,"IRRIGATED")/AVERAGEIFS('Data(perSeason,perCrop)'!$F:$F,'Data(perSeason,perCrop)'!$S:$S,Adequacy!$A15,'Data(perSeason,perCrop)'!$O:$O,1,'Data(perSeason,perCrop)'!$C:$C,Adequacy!H$2,'Data(perSeason,perCrop)'!$R:$R,"IRRIGATED"),"") | I15: =IF(I5>0,1-AVERAGEIFS('Data(perSeason,perCrop)'!$E:$E,'Data(perSeason,perCrop)'!$S:$S,Adequacy!$A15,'Data(perSeason,perCrop)'!$O:$O,1,'Data(perSeason,perCrop)'!$C:$C,Adequacy!I$2,'Data(perSeason,perCrop)'!$R:$R,"IRRIGATED")/AVERAGEIFS('Data(perSeason,perCrop)'!$F:$F,'Data(perSeason,perCrop)'!$S:$S,Adequacy!$A15,'Data(perSeason,perCrop)'!$O:$O,1,'Data(perSeason,perCrop)'!$C:$C,Adequacy!I$2,'Data(perSeason,perCrop)'!$R:$R,"IRRIGATED"),"") | ... AF15: =IF(AF5>0,1-AVERAGEIFS('Data(perSeason,perCrop)'!$E:$E,'Data(perSeason,perCrop)'!$S:$S,Adequacy!$A15,'Data(perSeason,perCrop)'!$O:$O,1,'Data(perSeason,perCrop)'!$C:$C,Adequacy!AF$2,'Data(perSeason,perCrop)'!$R:$R,"IRRIGATED")/AVERAGEIFS('Data(perSeason,perCrop)'!$F:$F,'Data(perSeason,perCrop)'!$S:$S,Adequacy!$A15,'Data(perSeason,perCrop)'!$O:$O,1,'Data(perSeason,perCrop)'!$C:$C,Adequacy!AF$2,'Data(perSeason,perCrop)'!$R:$R,"IRRIGATED"),"")
A16: 2020 | B16: =IF(B6>0,1-AVERAGEIFS('Data(perSeason,perCrop)'!$E:$E,'Data(perSeason,perCrop)'!$S:$S,Adequacy!$A16,'Data(perSeason,perCrop)'!$O:$O,1,'Data(perSeason,perCrop)'!$C:$C,Adequacy!B$2,'Data(perSeason,perCrop)'!$R:$R,"IRRIGATED")/AVERAGEIFS('Data(perSeason,perCrop)'!$F:$F,'Data(perSeason,perCrop)'!$S:$S,Adequacy!$A16,'Data(perSeason,perCrop)'!$O:$O,1,'Data(perSeason,perCrop)'!$C:$C,Adequacy!B$2,'Data(perSeason,perCrop)'!$R:$R,"IRRIGATED"),"") | C16: =IF(C6>0,1-AVERAGEIFS('Data(perSeason,perCrop)'!$E:$E,'Data(perSeason,perCrop)'!$S:$S,Adequacy!$A16,'Data(perSeason,perCrop)'!$O:$O,1,'Data(perSeason,perCrop)'!$C:$C,Adequacy!C$2,'Data(perSeason,perCrop)'!$R:$R,"IRRIGATED")/AVERAGEIFS('Data(perSeason,perCrop)'!$F:$F,'Data(perSeason,perCrop)'!$S:$S,Adequacy!$A16,'Data(perSeason,perCrop)'!$O:$O,1,'Data(perSeason,perCrop)'!$C:$C,Adequacy!C$2,'Data(perSeason,perCrop)'!$R:$R,"IRRIGATED"),"") -> 0.2173913 | D16: =IF(D6>0,1-AVERAGEIFS('Data(perSeason,perCrop)'!$E:$E,'Data(perSeason,perCrop)'!$S:$S,Adequacy!$A16,'Data(perSeason,perCrop)'!$O:$O,1,'Data(perSeason,perCrop)'!$C:$C,Adequacy!D$2,'Data(perSeason,perCrop)'!$R:$R,"IRRIGATED")/AVERAGEIFS('Data(perSeason,perCrop)'!$F:$F,'Data(perSeason,perCrop)'!$S:$S,Adequacy!$A16,'Data(perSeason,perCrop)'!$O:$O,1,'Data(perSeason,perCrop)'!$C:$C,Adequacy!D$2,'Data(perSeason,perCrop)'!$R:$R,"IRRIGATED"),"") | E16: =IF(E6>0,1-AVERAGEIFS('Data(perSeason,perCrop)'!$E:$E,'Data(perSeason,perCrop)'!$S:$S,Adequacy!$A16,'Data(perSeason,perCrop)'!$O:$O,1,'Data(perSeason,perCrop)'!$C:$C,Adequacy!E$2,'Data(perSeason,perCrop)'!$R:$R,"IRRIGATED")/AVERAGEIFS('Data(perSeason,perCrop)'!$F:$F,'Data(perSeason,perCrop)'!$S:$S,Adequacy!$A16,'Data(perSeason,perCrop)'!$O:$O,1,'Data(perSeason,perCrop)'!$C:$C,Adequacy!E$2,'Data(perSeason,perCrop)'!$R:$R,"IRRIGATED"),"") | F16: =IF(F6>0,1-AVERAGEIFS('Data(perSeason,perCrop)'!$E:$E,'Data(perSeason,perCrop)'!$S:$S,Adequacy!$A16,'Data(perSeason,perCrop)'!$O:$O,1,'Data(perSeason,perCrop)'!$C:$C,Adequacy!F$2,'Data(perSeason,perCrop)'!$R:$R,"IRRIGATED")/AVERAGEIFS('Data(perSeason,perCrop)'!$F:$F,'Data(perSeason,perCrop)'!$S:$S,Adequacy!$A16,'Data(perSeason,perCrop)'!$O:$O,1,'Data(perSeason,perCrop)'!$C:$C,Adequacy!F$2,'Data(perSeason,perCrop)'!$R:$R,"IRRIGATED"),"") | G16: =IF(G6>0,1-AVERAGEIFS('Data(perSeason,perCrop)'!$E:$E,'Data(perSeason,perCrop)'!$S:$S,Adequacy!$A16,'Data(perSeason,perCrop)'!$O:$O,1,'Data(perSeason,perCrop)'!$C:$C,Adequacy!G$2,'Data(perSeason,perCrop)'!$R:$R,"IRRIGATED")/AVERAGEIFS('Data(perSeason,perCrop)'!$F:$F,'Data(perSeason,perCrop)'!$S:$S,Adequacy!$A16,'Data(perSeason,perCrop)'!$O:$O,1,'Data(perSeason,perCrop)'!$C:$C,Adequacy!G$2,'Data(perSeason,perCrop)'!$R:$R,"IRRIGATED"),"") | H16: =IF(H6>0,1-AVERAGEIFS('Data(perSeason,perCrop)'!$E:$E,'Data(perSeason,perCrop)'!$S:$S,Adequacy!$A16,'Data(perSeason,perCrop)'!$O:$O,1,'Data(perSeason,perCrop)'!$C:$C,Adequacy!H$2,'Data(perSeason,perCrop)'!$R:$R,"IRRIGATED")/AVERAGEIFS('Data(perSeason,perCrop)'!$F:$F,'Data(perSeason,perCrop)'!$S:$S,Adequacy!$A16,'Data(perSeason,perCrop)'!$O:$O,1,'Data(perSeason,perCrop)'!$C:$C,Adequacy!H$2,'Data(perSeason,perCrop)'!$R:$R,"IRRIGATED"),"") | I16: =IF(I6>0,1-AVERAGEIFS('Data(perSeason,perCrop)'!$E:$E,'Data(perSeason,perCrop)'!$S:$S,Adequacy!$A16,'Data(perSeason,perCrop)'!$O:$O,1,'Data(perSeason,perCrop)'!$C:$C,Adequacy!I$2,'Data(perSeason,perCrop)'!$R:$R,"IRRIGATED")/AVERAGEIFS('Data(perSeason,perCrop)'!$F:$F,'Data(perSeason,perCrop)'!$S:$S,Adequacy!$A16,'Data(perSeason,perCrop)'!$O:$O,1,'Data(perSeason,perCrop)'!$C:$C,Adequacy!I$2,'Data(perSeason,perCrop)'!$R:$R,"IRRIGATED"),"") | ... AF16: =IF(AF6>0,1-AVERAGEIFS('Data(perSeason,perCrop)'!$E:$E,'Data(perSeason,perCrop)'!$S:$S,Adequacy!$A16,'Data(perSeason,perCrop)'!$O:$O,1,'Data(perSeason,perCrop)'!$C:$C,Adequacy!AF$2,'Data(perSeason,perCrop)'!$R:$R,"IRRIGATED")/AVERAGEIFS('Data(perSeason,perCrop)'!$F:$F,'Data(perSeason,perCrop)'!$S:$S,Adequacy!$A16,'Data(perSeason,perCrop)'!$O:$O,1,'Data(perSeason,perCrop)'!$C:$C,Adequacy!AF$2,'Data(perSeason,perCrop)'!$R:$R,"IRRIGATED"),"")
A17: 2021 | B17: =IF(B7>0,1-AVERAGEIFS('Data(perSeason,perCrop)'!$E:$E,'Data(perSeason,perCrop)'!$S:$S,Adequacy!$A17,'Data(perSeason,perCrop)'!$O:$O,1,'Data(perSeason,perCrop)'!$C:$C,Adequacy!B$2,'Data(perSeason,perCrop)'!$R:$R,"IRRIGATED")/AVERAGEIFS('Data(perSeason,perCrop)'!$F:$F,'Data(perSeason,perCrop)'!$S:$S,Adequacy!$A17,'Data(perSeason,perCrop)'!$O:$O,1,'Data(perSeason,perCrop)'!$C:$C,Adequacy!B$2,'Data(perSeason,perCrop)'!$R:$R,"IRRIGATED"),"") | C17: =IF(C7>0,1-AVERAGEIFS('Data(perSeason,perCrop)'!$E:$E,'Data(perSeason,perCrop)'!$S:$S,Adequacy!$A17,'Data(perSeason,perCrop)'!$O:$O,1,'Data(perSeason,perCrop)'!$C:$C,Adequacy!C$2,'Data(perSeason,perCrop)'!$R:$R,"IRRIGATED")/AVERAGEIFS('Data(perSeason,perCrop)'!$F:$F,'Data(perSeason,perCrop)'!$S:$S,Adequacy!$A17,'Data(perSeason,perCrop)'!$O:$O,1,'Data(perSeason,perCrop)'!$C:$C,Adequacy!C$2,'Data(perSeason,perCrop)'!$R:$R,"IRRIGATED"),"") -> 0.23943662 | D17: =IF(D7>0,1-AVERAGEIFS('Data(perSeason,perCrop)'!$E:$E,'Data(perSeason,perCrop)'!$S:$S,Adequacy!$A17,'Data(perSeason,perCrop)'!$O:$O,1,'Data(perSeason,perCrop)'!$C:$C,Adequacy!D$2,'Data(perSeason,perCrop)'!$R:$R,"IRRIGATED")/AVERAGEIFS('Data(perSeason,perCrop)'!$F:$F,'Data(perSeason,perCrop)'!$S:$S,Adequacy!$A17,'Data(perSeason,perCrop)'!$O:$O,1,'Data(perSeason,perCrop)'!$C:$C,Adequacy!D$2,'Data(perSeason,perCrop)'!$R:$R,"IRRIGATED"),"") | E17: =IF(E7>0,1-AVERAGEIFS('Data(perSeason,perCrop)'!$E:$E,'Data(perSeason,perCrop)'!$S:$S,Adequacy!$A17,'Data(perSeason,perCrop)'!$O:$O,1,'Data(perSeason,perCrop)'!$C:$C,Adequacy!E$2,'Data(perSeason,perCrop)'!$R:$R,"IRRIGATED")/AVERAGEIFS('Data(perSeason,perCrop)'!$F:$F,'Data(perSeason,perCrop)'!$S:$S,Adequacy!$A17,'Data(perSeason,perCrop)'!$O:$O,1,'Data(perSeason,perCrop)'!$C:$C,Adequacy!E$2,'Data(perSeason,perCrop)'!$R:$R,"IRRIGATED"),"") | F17: =IF(F7>0,1-AVERAGEIFS('Data(perSeason,perCrop)'!$E:$E,'Data(perSeason,perCrop)'!$S:$S,Adequacy!$A17,'Data(perSeason,perCrop)'!$O:$O,1,'Data(perSeason,perCrop)'!$C:$C,Adequacy!F$2,'Data(perSeason,perCrop)'!$R:$R,"IRRIGATED")/AVERAGEIFS('Data(perSeason,perCrop)'!$F:$F,'Data(perSeason,perCrop)'!$S:$S,Adequacy!$A17,'Data(perSeason,perCrop)'!$O:$O,1,'Data(perSeason,perCrop)'!$C:$C,Adequacy!F$2,'Data(perSeason,perCrop)'!$R:$R,"IRRIGATED"),"") | G17: =IF(G7>0,1-AVERAGEIFS('Data(perSeason,perCrop)'!$E:$E,'Data(perSeason,perCrop)'!$S:$S,Adequacy!$A17,'Data(perSeason,perCrop)'!$O:$O,1,'Data(perSeason,perCrop)'!$C:$C,Adequacy!G$2,'Data(perSeason,perCrop)'!$R:$R,"IRRIGATED")/AVERAGEIFS('Data(perSeason,perCrop)'!$F:$F,'Data(perSeason,perCrop)'!$S:$S,Adequacy!$A17,'Data(perSeason,perCrop)'!$O:$O,1,'Data(perSeason,perCrop)'!$C:$C,Adequacy!G$2,'Data(perSeason,perCrop)'!$R:$R,"IRRIGATED"),"") | H17: =IF(H7>0,1-AVERAGEIFS('Data(perSeason,perCrop)'!$E:$E,'Data(perSeason,perCrop)'!$S:$S,Adequacy!$A17,'Data(perSeason,perCrop)'!$O:$O,1,'Data(perSeason,perCrop)'!$C:$C,Adequacy!H$2,'Data(perSeason,perCrop)'!$R:$R,"IRRIGATED")/AVERAGEIFS('Data(perSeason,perCrop)'!$F:$F,'Data(perSeason,perCrop)'!$S:$S,Adequacy!$A17,'Data(perSeason,perCrop)'!$O:$O,1,'Data(perSeason,perCrop)'!$C:$C,Adequacy!H$2,'Data(perSeason,perCrop)'!$R:$R,"IRRIGATED"),"") | I17: =IF(I7>0,1-AVERAGEIFS('Data(perSeason,perCrop)'!$E:$E,'Data(perSeason,perCrop)'!$S:$S,Adequacy!$A17,'Data(perSeason,perCrop)'!$O:$O,1,'Data(perSeason,perCrop)'!$C:$C,Adequacy!I$2,'Data(perSeason,perCrop)'!$R:$R,"IRRIGATED")/AVERAGEIFS('Data(perSeason,perCrop)'!$F:$F,'Data(perSeason,perCrop)'!$S:$S,Adequacy!$A17,'Data(perSeason,perCrop)'!$O:$O,1,'Data(perSeason,perCrop)'!$C:$C,Adequacy!I$2,'Data(perSeason,perCrop)'!$R:$R,"IRRIGATED"),"") | ... AF17: =IF(AF7>0,1-AVERAGEIFS('Data(perSeason,perCrop)'!$E:$E,'Data(perSeason,perCrop)'!$S:$S,Adequacy!$A17,'Data(perSeason,perCrop)'!$O:$O,1,'Data(perSeason,perCrop)'!$C:$C,Adequacy!AF$2,'Data(perSeason,perCrop)'!$R:$R,"IRRIGATED")/AVERAGEIFS('Data(perSeason,perCrop)'!$F:$F,'Data(perSeason,perCrop)'!$S:$S,Adequacy!$A17,'Data(perSeason,perCrop)'!$O:$O,1,'Data(perSeason,perCrop)'!$C:$C,Adequacy!AF$2,'Data(perSeason,perCrop)'!$R:$R,"IRRIGATED"),"")
A18: 2022 | B18: =IF(B8>0,1-AVERAGEIFS('Data(perSeason,perCrop)'!$E:$E,'Data(perSeason,perCrop)'!$S:$S,Adequacy!$A18,'Data(perSeason,perCrop)'!$O:$O,1,'Data(perSeason,perCrop)'!$C:$C,Adequacy!B$2,'Data(perSeason,perCrop)'!$R:$R,"IRRIGATED")/AVERAGEIFS('Data(perSeason,perCrop)'!$F:$F,'Data(perSeason,perCrop)'!$S:$S,Adequacy!$A18,'Data(perSeason,perCrop)'!$O:$O,1,'Data(perSeason,perCrop)'!$C:$C,Adequacy!B$2,'Data(perSeason,perCrop)'!$R:$R,"IRRIGATED"),"") | C18: =IF(C8>0,1-AVERAGEIFS('Data(perSeason,perCrop)'!$E:$E,'Data(perSeason,perCrop)'!$S:$S,Adequacy!$A18,'Data(perSeason,perCrop)'!$O:$O,1,'Data(perSeason,perCrop)'!$C:$C,Adequacy!C$2,'Data(perSeason,perCrop)'!$R:$R,"IRRIGATED")/AVERAGEIFS('Data(perSeason,perCrop)'!$F:$F,'Data(perSeason,perCrop)'!$S:$S,Adequacy!$A18,'Data(perSeason,perCrop)'!$O:$O,1,'Data(perSeason,perCrop)'!$C:$C,Adequacy!C$2,'Data(perSeason,perCrop)'!$R:$R,"IRRIGATED"),"") -> 0.15878378 | D18: =IF(D8>0,1-AVERAGEIFS('Data(perSeason,perCrop)'!$E:$E,'Data(perSeason,perCrop)'!$S:$S,Adequacy!$A18,'Data(perSeason,perCrop)'!$O:$O,1,'Data(perSeason,perCrop)'!$C:$C,Adequacy!D$2,'Data(perSeason,perCrop)'!$R:$R,"IRRIGATED")/AVERAGEIFS('Data(perSeason,perCrop)'!$F:$F,'Data(perSeason,perCrop)'!$S:$S,Adequacy!$A18,'Data(perSeason,perCrop)'!$O:$O,1,'Data(perSeason,perCrop)'!$C:$C,Adequacy!D$2,'Data(perSeason,perCrop)'!$R:$R,"IRRIGATED"),"") | E18: =IF(E8>0,1-AVERAGEIFS('Data(perSeason,perCrop)'!$E:$E,'Data(perSeason,perCrop)'!$S:$S,Adequacy!$A18,'Data(perSeason,perCrop)'!$O:$O,1,'Data(perSeason,perCrop)'!$C:$C,Adequacy!E$2,'Data(perSeason,perCrop)'!$R:$R,"IRRIGATED")/AVERAGEIFS('Data(perSeason,perCrop)'!$F:$F,'Data(perSeason,perCrop)'!$S:$S,Adequacy!$A18,'Data(perSeason,perCrop)'!$O:$O,1,'Data(perSeason,perCrop)'!$C:$C,Adequacy!E$2,'Data(perSeason,perCrop)'!$R:$R,"IRRIGATED"),"") | F18: =IF(F8>0,1-AVERAGEIFS('Data(perSeason,perCrop)'!$E:$E,'Data(perSeason,perCrop)'!$S:$S,Adequacy!$A18,'Data(perSeason,perCrop)'!$O:$O,1,'Data(perSeason,perCrop)'!$C:$C,Adequacy!F$2,'Data(perSeason,perCrop)'!$R:$R,"IRRIGATED")/AVERAGEIFS('Data(perSeason,perCrop)'!$F:$F,'Data(perSeason,perCrop)'!$S:$S,Adequacy!$A18,'Data(perSeason,perCrop)'!$O:$O,1,'Data(perSeason,perCrop)'!$C:$C,Adequacy!F$2,'Data(perSeason,perCrop)'!$R:$R,"IRRIGATED"),"") | G18: =IF(G8>0,1-AVERAGEIFS('Data(perSeason,perCrop)'!$E:$E,'Data(perSeason,perCrop)'!$S:$S,Adequacy!$A18,'Data(perSeason,perCrop)'!$O:$O,1,'Data(perSeason,perCrop)'!$C:$C,Adequacy!G$2,'Data(perSeason,perCrop)'!$R:$R,"IRRIGATED")/AVERAGEIFS('Data(perSeason,perCrop)'!$F:$F,'Data(perSeason,perCrop)'!$S:$S,Adequacy!$A18,'Data(perSeason,perCrop)'!$O:$O,1,'Data(perSeason,perCrop)'!$C:$C,Adequacy!G$2,'Data(perSeason,perCrop)'!$R:$R,"IRRIGATED"),"") | H18: =IF(H8>0,1-AVERAGEIFS('Data(perSeason,perCrop)'!$E:$E,'Data(perSeason,perCrop)'!$S:$S,Adequacy!$A18,'Data(perSeason,perCrop)'!$O:$O,1,'Data(perSeason,perCrop)'!$C:$C,Adequacy!H$2,'Data(perSeason,perCrop)'!$R:$R,"IRRIGATED")/AVERAGEIFS('Data(perSeason,perCrop)'!$F:$F,'Data(perSeason,perCrop)'!$S:$S,Adequacy!$A18,'Data(perSeason,perCrop)'!$O:$O,1,'Data(perSeason,perCrop)'!$C:$C,Adequacy!H$2,'Data(perSeason,perCrop)'!$R:$R,"IRRIGATED"),"") | I18: =IF(I8>0,1-AVERAGEIFS('Data(perSeason,perCrop)'!$E:$E,'Data(perSeason,perCrop)'!$S:$S,Adequacy!$A18,'Data(perSeason,perCrop)'!$O:$O,1,'Data(perSeason,perCrop)'!$C:$C,Adequacy!I$2,'Data(perSeason,perCrop)'!$R:$R,"IRRIGATED")/AVERAGEIFS('Data(perSeason,perCrop)'!$F:$F,'Data(perSeason,perCrop)'!$S:$S,Adequacy!$A18,'Data(perSeason,perCrop)'!$O:$O,1,'Data(perSeason,perCrop)'!$C:$C,Adequacy!I$2,'Data(perSeason,perCrop)'!$R:$R,"IRRIGATED"),"") | ... AF18: =IF(AF8>0,1-AVERAGEIFS('Data(perSeason,perCrop)'!$E:$E,'Data(perSeason,perCrop)'!$S:$S,Adequacy!$A18,'Data(perSeason,perCrop)'!$O:$O,1,'Data(perSeason,perCrop)'!$C:$C,Adequacy!AF$2,'Data(perSeason,perCrop)'!$R:$R,"IRRIGATED")/AVERAGEIFS('Data(perSeason,perCrop)'!$F:$F,'Data(perSeason,perCrop)'!$S:$S,Adequacy!$A18,'Data(perSeason,perCrop)'!$O:$O,1,'Data(perSeason,perCrop)'!$C:$C,Adequacy!AF$2,'Data(perSeason,perCrop)'!$R:$R,"IRRIGATED"),"")
A20: Adequecy (Kharif) | B20: Adequecy
A21: 2018 | B21: =IF(COUNTIFS('Data(perSeason,perCrop)'!$S:$S,$A21)>0,SUMPRODUCT(B14:AF14,B4:AF4)/SUM(B4:AF4),"") -> 0.15703752
A22: 2019 | B22: =IF(COUNTIFS('Data(perSeason,perCrop)'!$S:$S,$A22)>0,SUMPRODUCT(B15:AF15,B5:AF5)/SUM(B5:AF5),"") -> 0.24365026
A23: 2020 | B23: =IF(COUNTIFS('Data(perSeason,perCrop)'!$S:$S,$A23)>0,SUMPRODUCT(B16:AF16,B6:AF6)/SUM(B6:AF6),"") -> 0.17837009
A24: 2021 | B24: =IF(COUNTIFS('Data(perSeason,perCrop)'!$S:$S,$A24)>0,SUMPRODUCT(B17:AF17,B7:AF7)/SUM(B7:AF7),"") -> 0.22996328
A25: 2022 | B25: =IF(COUNTIFS('Data(perSeason,perCrop)'!$S:$S,$A25)>0,SUMPRODUCT(B18:AF18,B8:AF8)/SUM(B8:AF8),"") -> 0.15256733
A26: Average | B26: =AVERAGE(B21:B25) -> 0.1923177
A31: Season (RABI) | B31: 2 | C31: 2 | D31: 2 | E31: 2 | F31: 2 | G31: 2 | H31: 2 | I31: 2 | J31: 2 | K31: 2 | L31: 2 | M31: 2 | N31: 2 | O31: 2 | P31: 2 | Q31: 2 | R31: 2 | S31: 2 | T31: 2 | U31: 2 | V31: 2 | W31: 2 | X31: 2 | Y31: 2 | Z31: 2 | AA31: 2 | AB31: 2 | AC31: 2 | AD31: 2 | AE31: 2 | AF31: 2
A32: Crop Type | B32: Cotton | C32: Paddy | D32: Maize | E32: Wheat | F32: Redgram | G32: Chickpea | H32: Mustard | I32: Jowar | J32: Chili | K32: Orchard | L32: Groundnut | M32: Potato | N32: Sugarcane | O32: Other Irrigated (High Water Intensive) | P32: Other Irrigated (Less Water Intensive) | Q32: Other Rainfed | R32: Class1 | S32: Class2 | T32: Class3 | U32: Class4 | V32: Class5 | W32: Class6 | X32: Class7 | Y32: Class8 | Z32: Class9 | AA32: Class10 | AB32: Class11 | AC32: Class12 | AD32: Class13 | AE32: Class14 | AF32: Class15
A33: Crop ID | B33: 1 | C33: 2 | D33: 3 | E33: 4 | F33: 5 | G33: 6 | H33: 7 | I33: 8 | J33: 9 | K33: 10 | L33: 11 | M33: 12 | N33: 13 | O33: 14 | P33: 15 | Q33: 16 | R33: 17 | S33: 18 | T33: 19 | U33: 20 | V33: 21 | W33: 22 | X33: 23 | Y33: 24 | Z33: 25 | AA33: 40 | AB33: 41 | AC33: 42 | AD33: 43 | AE33: 44 | AF33: 45
A34: 2018 | B34: =SUMIFS('Data(perSeason,perCrop)'!$A:$A,'Data(perSeason,perCrop)'!$S:$S,$A3,'Data(perSeason,perCrop)'!$O:$O,Adequacy!#REF!,'Data(perSeason,perCrop)'!$C:$C,Adequacy!B$2,'Data(perSeason,perCrop)'!$R:$R,"IRRIGATED") -> 0 | C34: =SUMIFS('[3]Data(perSeason,perCrop)'!$A:$A,'[3]Data(perSeason,perCrop)'!$S:$S,[3]Indicators!$A35,'[3]Data(perSeason,perCrop)'!$O:$O,[3]Indicators!C$32,'[3]Data(perSeason,perCrop)'!$C:$C,[3]Indicators!C$33,'[3]Data(perSeason,perCrop)'!$R:$R,"IRRIGATED") -> #VALUE! | D34: =SUMIFS('[3]Data(perSeason,perCrop)'!$A:$A,'[3]Data(perSeason,perCrop)'!$S:$S,[3]Indicators!$A35,'[3]Data(perSeason,perCrop)'!$O:$O,[3]Indicators!D$32,'[3]Data(perSeason,perCrop)'!$C:$C,[3]Indicators!D$33,'[3]Data(perSeason,perCrop)'!$R:$R,"IRRIGATED") -> #VALUE! | E34: =SUMIFS('[3]Data(perSeason,perCrop)'!$A:$A,'[3]Data(perSeason,perCrop)'!$S:$S,[3]Indicators!$A35,'[3]Data(perSeason,perCrop)'!$O:$O,[3]Indicators!E$32,'[3]Data(perSeason,perCrop)'!$C:$C,[3]Indicators!E$33,'[3]Data(perSeason,perCrop)'!$R:$R,"IRRIGATED") -> #VALUE! | F34: =SUMIFS('[3]Data(perSeason,perCrop)'!$A:$A,'[3]Data(perSeason,perCrop)'!$S:$S,[3]Indicators!$A35,'[3]Data(perSeason,perCrop)'!$O:$O,[3]Indicators!F$32,'[3]Data(perSeason,perCrop)'!$C:$C,[3]Indicators!F$33,'[3]Data(perSeason,perCrop)'!$R:$R,"IRRIGATED") -> #VALUE! | G34: =SUMIFS('[3]Data(perSeason,perCrop)'!$A:$A,'[3]Data(perSeason,perCrop)'!$S:$S,[3]Indicators!$A35,'[3]Data(perSeason,perCrop)'!$O:$O,[3]Indicators!G$32,'[3]Data(perSeason,perCrop)'!$C:$C,[3]Indicators!G$33,'[3]Data(perSeason,perCrop)'!$R:$R,"IRRIGATED") -> #VALUE! | H34: =SUMIFS('[3]Data(perSeason,perCrop)'!$A:$A,'[3]Data(perSeason,perCrop)'!$S:$S,[3]Indicators!$A35,'[3]Data(perSeason,perCrop)'!$O:$O,[3]Indicators!H$32,'[3]Data(perSeason,perCrop)'!$C:$C,[3]Indicators!H$33,'[3]Data(perSeason,perCrop)'!$R:$R,"IRRIGATED") -> #VALUE! | I34: =SUMIFS('[3]Data(perSeason,perCrop)'!$A:$A,'[3]Data(perSeason,perCrop)'!$S:$S,[3]Indicators!$A35,'[3]Data(perSeason,perCrop)'!$O:$O,[3]Indicators!I$32,'[3]Data(perSeason,perCrop)'!$C:$C,[3]Indicators!I$33,'[3]Data(perSeason,perCrop)'!$R:$R,"IRRIGATED") -> #VALUE! | J34: =SUMIFS('[3]Data(perSeason,perCrop)'!$A:$A,'[3]Data(perSeason,perCrop)'!$S:$S,[3]Indicators!$A35,'[3]Data(perSeason,perCrop)'!$O:$O,[3]Indicators!J$32,'[3]Data(perSeason,perCrop)'!$C:$C,[3]Indicators!J$33,'[3]Data(perSeason,perCrop)'!$R:$R,"IRRIGATED") -> #VALUE! | ... AF34: =SUMIFS('[3]Data(perSeason,perCrop)'!$A:$A,'[3]Data(perSeason,perCrop)'!$S:$S,[3]Indicators!$A35,'[3]Data(perSeason,perCrop)'!$O:$O,[3]Indicators!AF$32,'[3]Data(perSeason,perCrop)'!$C:$C,[3]Indicators!AF$33,'[3]Data(perSeason,perCrop)'!$R:$R,"IRRIGATED") -> #VALUE!
A35: 2019 | B35: =SUMIFS('[3]Data(perSeason,perCrop)'!$A:$A,'[3]Data(perSeason,perCrop)'!$S:$S,[3]Indicators!$A36,'[3]Data(perSeason,perCrop)'!$O:$O,[3]Indicators!B$32,'[3]Data(perSeason,perCrop)'!$C:$C,[3]Indicators!B$33,'[3]Data(perSeason,perCrop)'!$R:$R,"IRRIGATED") -> #VALUE! | C35: =SUMIFS('[3]Data(perSeason,perCrop)'!$A:$A,'[3]Data(perSeason,perCrop)'!$S:$S,[3]Indicators!$A36,'[3]Data(perSeason,perCrop)'!$O:$O,[3]Indicators!C$32,'[3]Data(perSeason,perCrop)'!$C:$C,[3]Indicators!C$33,'[3]Data(perSeason,perCrop)'!$R:$R,"IRRIGATED") -> #VALUE! | D35: =SUMIFS('[3]Data(perSeason,perCrop)'!$A:$A,'[3]Data(perSeason,perCrop)'!$S:$S,[3]Indicators!$A36,'[3]Data(perSeason,perCrop)'!$O:$O,[3]Indicators!D$32,'[3]Data(perSeason,perCrop)'!$C:$C,[3]Indicators!D$33,'[3]Data(perSeason,perCrop)'!$R:$R,"IRRIGATED") -> #VALUE! | E35: =SUMIFS('[3]Data(perSeason,perCrop)'!$A:$A,'[3]Data(perSeason,perCrop)'!$S:$S,[3]Indicators!$A36,'[3]Data(perSeason,perCrop)'!$O:$O,[3]Indicators!E$32,'[3]Data(perSeason,perCrop)'!$C:$C,[3]Indicators!E$33,'[3]Data(perSeason,perCrop)'!$R:$R,"IRRIGATED") -> #VALUE! | F35: =SUMIFS('[3]Data(perSeason,perCrop)'!$A:$A,'[3]Data(perSeason,perCrop)'!$S:$S,[3]Indicators!$A36,'[3]Data(perSeason,perCrop)'!$O:$O,[3]Indicators!F$32,'[3]Data(perSeason,perCrop)'!$C:$C,[3]Indicators!F$33,'[3]Data(perSeason,perCrop)'!$R:$R,"IRRIGATED") -> #VALUE! | G35: =SUMIFS('[3]Data(perSeason,perCrop)'!$A:$A,'[3]Data(perSeason,perCrop)'!$S:$S,[3]Indicators!$A36,'[3]Data(perSeason,perCrop)'!$O:$O,[3]Indicators!G$32,'[3]Data(perSeason,perCrop)'!$C:$C,[3]Indicators!G$33,'[3]Data(perSeason,perCrop)'!$R:$R,"IRRIGATED") -> #VALUE! | H35: =SUMIFS('[3]Data(perSeason,perCrop)'!$A:$A,'[3]Data(perSeason,perCrop)'!$S:$S,[3]Indicators!$A36,'[3]Data(perSeason,perCrop)'!$O:$O,[3]Indicators!H$32,'[3]Data(perSeason,perCrop)'!$C:$C,[3]Indicators!H$33,'[3]Data(perSeason,perCrop)'!$R:$R,"IRRIGATED") -> #VALUE! | I35: =SUMIFS('[3]Data(perSeason,perCrop)'!$A:$A,'[3]Data(perSeason,perCrop)'!$S:$S,[3]Indicators!$A36,'[3]Data(perSeason,perCrop)'!$O:$O,[3]Indicators!I$32,'[3]Data(perSeason,perCrop)'!$C:$C,[3]Indicators!I$33,'[3]Data(perSeason,perCrop)'!$R:$R,"IRRIGATED") -> #VALUE! | ... AF35: =SUMIFS('[3]Data(perSeason,perCrop)'!$A:$A,'[3]Data(perSeason,perCrop)'!$S:$S,[3]Indicators!$A36,'[3]Data(perSeason,perCrop)'!$O:$O,[3]Indicators!AF$32,'[3]Data(perSeason,perCrop)'!$C:$C,[3]Indicators!AF$33,'[3]Data(perSeason,perCrop)'!$R:$R,"IRRIGATED") -> #VALUE!
A36: 2020 | B36: =SUMIFS('[3]Data(perSeason,perCrop)'!$A:$A,'[3]Data(perSeason,perCrop)'!$S:$S,[3]Indicators!$A37,'[3]Data(perSeason,perCrop)'!$O:$O,[3]Indicators!B$32,'[3]Data(perSeason,perCrop)'!$C:$C,[3]Indicators!B$33,'[3]Data(perSeason,perCrop)'!$R:$R,"IRRIGATED") -> #VALUE! | C36: =SUMIFS('[3]Data(perSeason,perCrop)'!$A:$A,'[3]Data(perSeason,perCrop)'!$S:$S,[3]Indicators!$A37,'[3]Data(perSeason,perCrop)'!$O:$O,[3]Indicators!C$32,'[3]Data(perSeason,perCrop)'!$C:$C,[3]Indicators!C$33,'[3]Data(perSeason,perCrop)'!$R:$R,"IRRIGATED") -> #VALUE! | D36: =SUMIFS('[3]Data(perSeason,perCrop)'!$A:$A,'[3]Data(perSeason,perCrop)'!$S:$S,[3]Indicators!$A37,'[3]Data(perSeason,perCrop)'!$O:$O,[3]Indicators!D$32,'[3]Data(perSeason,perCrop)'!$C:$C,[3]Indicators!D$33,'[3]Data(perSeason,perCrop)'!$R:$R,"IRRIGATED") -> #VALUE! | E36: =SUMIFS('[3]Data(perSeason,perCrop)'!$A:$A,'[3]Data(perSeason,perCrop)'!$S:$S,[3]Indicators!$A37,'[3]Data(perSeason,perCrop)'!$O:$O,[3]Indicators!E$32,'[3]Data(perSeason,perCrop)'!$C:$C,[3]Indicators!E$33,'[3]Data(perSeason,perCrop)'!$R:$R,"IRRIGATED") -> #VALUE! | F36: =SUMIFS('[3]Data(perSeason,perCrop)'!$A:$A,'[3]Data(perSeason,perCrop)'!$S:$S,[3]Indicators!$A37,'[3]Data(perSeason,perCrop)'!$O:$O,[3]Indicators!F$32,'[3]Data(perSeason,perCrop)'!$C:$C,[3]Indicators!F$33,'[3]Data(perSeason,perCrop)'!$R:$R,"IRRIGATED") -> #VALUE! | G36: =SUMIFS('[3]Data(perSeason,perCrop)'!$A:$A,'[3]Data(perSeason,perCrop)'!$S:$S,[3]Indicators!$A37,'[3]Data(perSeason,perCrop)'!$O:$O,[3]Indicators!G$32,'[3]Data(perSeason,perCrop)'!$C:$C,[3]Indicators!G$33,'[3]Data(perSeason,perCrop)'!$R:$R,"IRRIGATED") -> #VALUE! | H36: =SUMIFS('[3]Data(perSeason,perCrop)'!$A:$A,'[3]Data(perSeason,perCrop)'!$S:$S,[3]Indicators!$A37,'[3]Data(perSeason,perCrop)'!$O:$O,[3]Indicators!H$32,'[3]Data(perSeason,perCrop)'!$C:$C,[3]Indicators!H$33,'[3]Data(perSeason,perCrop)'!$R:$R,"IRRIGATED") -> #VALUE! | I36: =SUMIFS('[3]Data(perSeason,perCrop)'!$A:$A,'[3]Data(perSeason,perCrop)'!$S:$S,[3]Indicators!$A37,'[3]Data(perSeason,perCrop)'!$O:$O,[3]Indicators!I$32,'[3]Data(perSeason,perCrop)'!$C:$C,[3]Indicators!I$33,'[3]Data(perSeason,perCrop)'!$R:$R,"IRRIGATED") -> #VALUE! | ... AF36: =SUMIFS('[3]Data(perSeason,perCrop)'!$A:$A,'[3]Data(perSeason,perCrop)'!$S:$S,[3]Indicators!$A37,'[3]Data(perSeason,perCrop)'!$O:$O,[3]Indicators!AF$32,'[3]Data(perSeason,perCrop)'!$C:$C,[3]Indicators!AF$33,'[3]Data(perSeason,perCrop)'!$R:$R,"IRRIGATED") -> #VALUE!
A37: 2021 | B37: =SUMIFS('[3]Data(perSeason,perCrop)'!$A:$A,'[3]Data(perSeason,perCrop)'!$S:$S,[3]Indicators!$A38,'[3]Data(perSeason,perCrop)'!$O:$O,[3]Indicators!B$32,'[3]Data(perSeason,perCrop)'!$C:$C,[3]Indicators!B$33,'[3]Data(perSeason,perCrop)'!$R:$R,"IRRIGATED") -> #VALUE! | C37: =SUMIFS('[3]Data(perSeason,perCrop)'!$A:$A,'[3]Data(perSeason,perCrop)'!$S:$S,[3]Indicators!$A38,'[3]Data(perSeason,perCrop)'!$O:$O,[3]Indicators!C$32,'[3]Data(perSeason,perCrop)'!$C:$C,[3]Indicators!C$33,'[3]Data(perSeason,perCrop)'!$R:$R,"IRRIGATED") -> #VALUE! | D37: =SUMIFS('[3]Data(perSeason,perCrop)'!$A:$A,'[3]Data(perSeason,perCrop)'!$S:$S,[3]Indicators!$A38,'[3]Data(perSeason,perCrop)'!$O:$O,[3]Indicators!D$32,'[3]Data(perSeason,perCrop)'!$C:$C,[3]Indicators!D$33,'[3]Data(perSeason,perCrop)'!$R:$R,"IRRIGATED") -> #VALUE! | E37: =SUMIFS('[3]Data(perSeason,perCrop)'!$A:$A,'[3]Data(perSeason,perCrop)'!$S:$S,[3]Indicators!$A38,'[3]Data(perSeason,perCrop)'!$O:$O,[3]Indicators!E$32,'[3]Data(perSeason,perCrop)'!$C:$C,[3]Indicators!E$33,'[3]Data(perSeason,perCrop)'!$R:$R,"IRRIGATED") -> #VALUE! | F37: =SUMIFS('[3]Data(perSeason,perCrop)'!$A:$A,'[3]Data(perSeason,perCrop)'!$S:$S,[3]Indicators!$A38,'[3]Data(perSeason,perCrop)'!$O:$O,[3]Indicators!F$32,'[3]Data(perSeason,perCrop)'!$C:$C,[3]Indicators!F$33,'[3]Data(perSeason,perCrop)'!$R:$R,"IRRIGATED") -> #VALUE! | G37: =SUMIFS('[3]Data(perSeason,perCrop)'!$A:$A,'[3]Data(perSeason,perCrop)'!$S:$S,[3]Indicators!$A38,'[3]Data(perSeason,perCrop)'!$O:$O,[3]Indicators!G$32,'[3]Data(perSeason,perCrop)'!$C:$C,[3]Indicators!G$33,'[3]Data(perSeason,perCrop)'!$R:$R,"IRRIGATED") -> #VALUE! | H37: =SUMIFS('[3]Data(perSeason,perCrop)'!$A:$A,'[3]Data(perSeason,perCrop)'!$S:$S,[3]Indicators!$A38,'[3]Data(perSeason,perCrop)'!$O:$O,[3]Indicators!H$32,'[3]Data(perSeason,perCrop)'!$C:$C,[3]Indicators!H$33,'[3]Data(perSeason,perCrop)'!$R:$R,"IRRIGATED") -> #VALUE! | I37: =SUMIFS('[3]Data(perSeason,perCrop)'!$A:$A,'[3]Data(perSeason,perCrop)'!$S:$S,[3]Indicators!$A38,'[3]Data(perSeason,perCrop)'!$O:$O,[3]Indicators!I$32,'[3]Data(perSeason,perCrop)'!$C:$C,[3]Indicators!I$33,'[3]Data(perSeason,perCrop)'!$R:$R,"IRRIGATED") -> #VALUE! | ... AF37: =SUMIFS('[3]Data(perSeason,perCrop)'!$A:$A,'[3]Data(perSeason,perCrop)'!$S:$S,[3]Indicators!$A38,'[3]Data(perSeason,perCrop)'!$O:$O,[3]Indicators!AF$32,'[3]Data(perSeason,perCrop)'!$C:$C,[3]Indicators!AF$33,'[3]Data(perSeason,perCrop)'!$R:$R,"IRRIGATED") -> #VALUE!
A38: 2022 | B38: =SUMIFS('[3]Data(perSeason,perCrop)'!$A:$A,'[3]Data(perSeason,perCrop)'!$S:$S,[3]Indicators!$A39,'[3]Data(perSeason,perCrop)'!$O:$O,[3]Indicators!B$32,'[3]Data(perSeason,perCrop)'!$C:$C,[3]Indicators!B$33,'[3]Data(perSeason,perCrop)'!$R:$R,"IRRIGATED") -> #VALUE! | C38: =SUMIFS('[3]Data(perSeason,perCrop)'!$A:$A,'[3]Data(perSeason,perCrop)'!$S:$S,[3]Indicators!$A39,'[3]Data(perSeason,perCrop)'!$O:$O,[3]Indicators!C$32,'[3]Data(perSeason,perCrop)'!$C:$C,[3]Indicators!C$33,'[3]Data(perSeason,perCrop)'!$R:$R,"IRRIGATED") -> #VALUE! | D38: =SUMIFS('[3]Data(perSeason,perCrop)'!$A:$A,'[3]Data(perSeason,perCrop)'!$S:$S,[3]Indicators!$A39,'[3]Data(perSeason,perCrop)'!$O:$O,[3]Indicators!D$32,'[3]Data(perSeason,perCrop)'!$C:$C,[3]Indicators!D$33,'[3]Data(perSeason,perCrop)'!$R:$R,"IRRIGATED") -> #VALUE! | E38: =SUMIFS('[3]Data(perSeason,perCrop)'!$A:$A,'[3]Data(perSeason,perCrop)'!$S:$S,[3]Indicators!$A39,'[3]Data(perSeason,perCrop)'!$O:$O,[3]Indicators!E$32,'[3]Data(perSeason,perCrop)'!$C:$C,[3]Indicators!E$33,'[3]Data(perSeason,perCrop)'!$R:$R,"IRRIGATED") -> #VALUE! | F38: =SUMIFS('[3]Data(perSeason,perCrop)'!$A:$A,'[3]Data(perSeason,perCrop)'!$S:$S,[3]Indicators!$A39,'[3]Data(perSeason,perCrop)'!$O:$O,[3]Indicators!F$32,'[3]Data(perSeason,perCrop)'!$C:$C,[3]Indicators!F$33,'[3]Data(perSeason,perCrop)'!$R:$R,"IRRIGATED") -> #VALUE! | G38: =SUMIFS('[3]Data(perSeason,perCrop)'!$A:$A,'[3]Data(perSeason,perCrop)'!$S:$S,[3]Indicators!$A39,'[3]Data(perSeason,perCrop)'!$O:$O,[3]Indicators!G$32,'[3]Data(perSeason,perCrop)'!$C:$C,[3]Indicators!G$33,'[3]Data(perSeason,perCrop)'!$R:$R,"IRRIGATED") -> #VALUE! | H38: =SUMIFS('[3]Data(perSeason,perCrop)'!$A:$A,'[3]Data(perSeason,perCrop)'!$S:$S,[3]Indicators!$A39,'[3]Data(perSeason,perCrop)'!$O:$O,[3]Indicators!H$32,'[3]Data(perSeason,perCrop)'!$C:$C,[3]Indicators!H$33,'[3]Data(perSeason,perCrop)'!$R:$R,"IRRIGATED") -> #VALUE! | I38: =SUMIFS('[3]Data(perSeason,perCrop)'!$A:$A,'[3]Data(perSeason,perCrop)'!$S:$S,[3]Indicators!$A39,'[3]Data(perSeason,perCrop)'!$O:$O,[3]Indicators!I$32,'[3]Data(perSeason,perCrop)'!$C:$C,[3]Indicators!I$33,'[3]Data(perSeason,perCrop)'!$R:$R,"IRRIGATED") -> #VALUE! | ... AF38: =SUMIFS('[3]Data(perSeason,perCrop)'!$A:$A,'[3]Data(perSeason,perCrop)'!$S:$S,[3]Indicators!$A39,'[3]Data(perSeason,perCrop)'!$O:$O,[3]Indicators!AF$32,'[3]Data(perSeason,perCrop)'!$C:$C,[3]Indicators!AF$33,'[3]Data(perSeason,perCrop)'!$R:$R,"IRRIGATED") -> #VALUE!
A39: Average | B39: =AVERAGE(B34:B38) -> #VALUE! | C39: =AVERAGE(C34:C38) -> #VALUE! | D39: =AVERAGE(D34:D38) -> #VALUE! | E39: =AVERAGE(E34:E38) -> #VALUE! | F39: =AVERAGE(F34:F38) -> #VALUE! | G39: =AVERAGE(G34:G38) -> #VALUE! | H39: =AVERAGE(H34:H38) -> #VALUE! | I39: =AVERAGE(I34:I38) -> #VALUE! | ... AF39: =AVERAGE(AF34:AF38) -> #VALUE!
A40: Weight | B40: =B39/SUM($B39:$AF39) -> #VALUE! | C40: =C39/SUM($B39:$Q39) -> #VALUE! | D40: =D39/SUM($B39:$Q39) -> #VALUE! | E40: =E39/SUM($B39:$Q39) -> #VALUE! | F40: =F39/SUM($B39:$Q39) -> #VALUE! | G40: =G39/SUM($B39:$Q39) -> #VALUE! | H40: =H39/SUM($B39:$Q39) -> #VALUE! | I40: =I39/SUM($B39:$Q39) -> #VALUE! | J40: =J39/SUM($B39:$Q39) -> #VALUE! | ... AF40: =AF39/SUM($B39:$Q39) -> #VALUE!
A43: Adequecy (Per Crop) | B43: 1 | C43: 2 | D43: 3 | E43: 4 | F43: 5 | G43: 6 | H43: 7 | I43: 8 | J43: 9 | K43: 10 | L43: 11 | M43: 12 | N43: 13 | O43: 14 | P43: 15 | Q43: 16 | R43: 17 | S43: 18 | T43: 19 | U43: 20 | V43: 21 | W43: 22 | X43: 23 | Y43: 24 | Z43: 25 | AA43: 40 | AB43: 41 | AC43: 42 | AD43: 43 | AE43: 44 | AF43: 45
A44: 2018 | B44: =IF(B34>0,1-AVERAGEIFS('[3]Data(perSeason,perCrop)'!$E:$E,'[3]Data(perSeason,perCrop)'!$S:$S,$A34,'[3]Data(perSeason,perCrop)'!$O:$O,B31,'[3]Data(perSeason,perCrop)'!$C:$C,B$32,'[3]Data(perSeason,perCrop)'!$R:$R,"IRRIGATED")/AVERAGEIFS('[3]Data(perSeason,perCrop)'!$F:$F,'[3]Data(perSeason,perCrop)'!$S:$S,$A34,'[3]Data(perSeason,perCrop)'!$O:$O,B$31,'[3]Data(perSeason,perCrop)'!$C:$C,[3]Indicators!B$3,'[3]Data(perSeason,perCrop)'!$R:$R,"IRRIGATED"),"") | C44: =IF(C34>0,1-AVERAGEIFS('[3]Data(perSeason,perCrop)'!$E:$E,'[3]Data(perSeason,perCrop)'!$S:$S,$A34,'[3]Data(perSeason,perCrop)'!$O:$O,C31,'[3]Data(perSeason,perCrop)'!$C:$C,C$32,'[3]Data(perSeason,perCrop)'!$R:$R,"IRRIGATED")/AVERAGEIFS('[3]Data(perSeason,perCrop)'!$F:$F,'[3]Data(perSeason,perCrop)'!$S:$S,$A34,'[3]Data(perSeason,perCrop)'!$O:$O,C$31,'[3]Data(perSeason,perCrop)'!$C:$C,[3]Indicators!C$3,'[3]Data(perSeason,perCrop)'!$R:$R,"IRRIGATED"),"") -> #VALUE! | D44: =IF(D34>0,1-AVERAGEIFS('[3]Data(perSeason,perCrop)'!$E:$E,'[3]Data(perSeason,perCrop)'!$S:$S,$A34,'[3]Data(perSeason,perCrop)'!$O:$O,D31,'[3]Data(perSeason,perCrop)'!$C:$C,D$32,'[3]Data(perSeason,perCrop)'!$R:$R,"IRRIGATED")/AVERAGEIFS('[3]Data(perSeason,perCrop)'!$F:$F,'[3]Data(perSeason,perCrop)'!$S:$S,$A34,'[3]Data(perSeason,perCrop)'!$O:$O,D$31,'[3]Data(perSeason,perCrop)'!$C:$C,[3]Indicators!D$3,'[3]Data(perSeason,perCrop)'!$R:$R,"IRRIGATED"),"") -> #VALUE! | E44: =IF(E34>0,1-AVERAGEIFS('[3]Data(perSeason,perCrop)'!$E:$E,'[3]Data(perSeason,perCrop)'!$S:$S,$A34,'[3]Data(perSeason,perCrop)'!$O:$O,E31,'[3]Data(perSeason,perCrop)'!$C:$C,E$32,'[3]Data(perSeason,perCrop)'!$R:$R,"IRRIGATED")/AVERAGEIFS('[3]Data(perSeason,perCrop)'!$F:$F,'[3]Data(perSeason,perCrop)'!$S:$S,$A34,'[3]Data(perSeason,perCrop)'!$O:$O,E$31,'[3]Data(perSeason,perCrop)'!$C:$C,[3]Indicators!E$3,'[3]Data(perSeason,perCrop)'!$R:$R,"IRRIGATED"),"") -> #VALUE! | F44: =IF(F34>0,1-AVERAGEIFS('[3]Data(perSeason,perCrop)'!$E:$E,'[3]Data(perSeason,perCrop)'!$S:$S,$A34,'[3]Data(perSeason,perCrop)'!$O:$O,F31,'[3]Data(perSeason,perCrop)'!$C:$C,F$32,'[3]Data(perSeason,perCrop)'!$R:$R,"IRRIGATED")/AVERAGEIFS('[3]Data(perSeason,perCrop)'!$F:$F,'[3]Data(perSeason,perCrop)'!$S:$S,$A34,'[3]Data(perSeason,perCrop)'!$O:$O,F$31,'[3]Data(perSeason,perCrop)'!$C:$C,[3]Indicators!F$3,'[3]Data(perSeason,perCrop)'!$R:$R,"IRRIGATED"),"") -> #VALUE! | G44: =IF(G34>0,1-AVERAGEIFS('[3]Data(perSeason,perCrop)'!$E:$E,'[3]Data(perSeason,perCrop)'!$S:$S,$A34,'[3]Data(perSeason,perCrop)'!$O:$O,G31,'[3]Data(perSeason,perCrop)'!$C:$C,G$32,'[3]Data(perSeason,perCrop)'!$R:$R,"IRRIGATED")/AVERAGEIFS('[3]Data(perSeason,perCrop)'!$F:$F,'[3]Data(perSeason,perCrop)'!$S:$S,$A34,'[3]Data(perSeason,perCrop)'!$O:$O,G$31,'[3]Data(perSeason,perCrop)'!$C:$C,[3]Indicators!G$3,'[3]Data(perSeason,perCrop)'!$R:$R,"IRRIGATED"),"") -> #VALUE! | H44: =IF(H34>0,1-AVERAGEIFS('[3]Data(perSeason,perCrop)'!$E:$E,'[3]Data(perSeason,perCrop)'!$S:$S,$A34,'[3]Data(perSeason,perCrop)'!$O:$O,H31,'[3]Data(perSeason,perCrop)'!$C:$C,H$32,'[3]Data(perSeason,perCrop)'!$R:$R,"IRRIGATED")/AVERAGEIFS('[3]Data(perSeason,perCrop)'!$F:$F,'[3]Data(perSeason,perCrop)'!$S:$S,$A34,'[3]Data(perSeason,perCrop)'!$O:$O,H$31,'[3]Data(perSeason,perCrop)'!$C:$C,[3]Indicators!H$3,'[3]Data(perSeason,perCrop)'!$R:$R,"IRRIGATED"),"") -> #VALUE! | I44: =IF(I34>0,1-AVERAGEIFS('[3]Data(perSeason,perCrop)'!$E:$E,'[3]Data(perSeason,perCrop)'!$S:$S,$A34,'[3]Data(perSeason,perCrop)'!$O:$O,I31,'[3]Data(perSeason,perCrop)'!$C:$C,I$32,'[3]Data(perSeason,perCrop)'!$R:$R,"IRRIGATED")/AVERAGEIFS('[3]Data(perSeason,perCrop)'!$F:$F,'[3]Data(perSeason,perCrop)'!$S:$S,$A34,'[3]Data(perSeason,perCrop)'!$O:$O,I$31,'[3]Data(perSeason,perCrop)'!$C:$C,[3]Indicators!I$3,'[3]Data(perSeason,perCrop)'!$R:$R,"IRRIGATED"),"") -> #VALUE! | ... AF44: =IF(AF34>0,1-AVERAGEIFS('[3]Data(perSeason,perCrop)'!$E:$E,'[3]Data(perSeason,perCrop)'!$S:$S,$A34,'[3]Data(perSeason,perCrop)'!$O:$O,AF31,'[3]Data(perSeason,perCrop)'!$C:$C,AF$32,'[3]Data(perSeason,perCrop)'!$R:$R,"IRRIGATED")/AVERAGEIFS('[3]Data(perSeason,perCrop)'!$F:$F,'[3]Data(perSeason,perCrop)'!$S:$S,$A34,'[3]Data(perSeason,perCrop)'!$O:$O,AF$31,'[3]Data(perSeason,perCrop)'!$C:$C,[3]Indicators!AF$3,'[3]Data(perSeason,perCrop)'!$R:$R,"IRRIGATED"),"") -> #VALUE!
A45: 2019 | B45: =IF(B35>0,1-AVERAGEIFS('[3]Data(perSeason,perCrop)'!$E:$E,'[3]Data(perSeason,perCrop)'!$S:$S,$A35,'[3]Data(perSeason,perCrop)'!$O:$O,B31,'[3]Data(perSeason,perCrop)'!$C:$C,[3]Indicators!B$33,'[3]Data(perSeason,perCrop)'!$R:$R,"IRRIGATED")/AVERAGEIFS('[3]Data(perSeason,perCrop)'!$F:$F,'[3]Data(perSeason,perCrop)'!$S:$S,$A35,'[3]Data(perSeason,perCrop)'!$O:$O,B$31,'[3]Data(perSeason,perCrop)'!$C:$C,[3]Indicators!B$33,'[3]Data(perSeason,perCrop)'!$R:$R,"IRRIGATED"),"") -> #VALUE! | C45: =IF(C35>0,1-AVERAGEIFS('[3]Data(perSeason,perCrop)'!$E:$E,'[3]Data(perSeason,perCrop)'!$S:$S,$A35,'[3]Data(perSeason,perCrop)'!$O:$O,C31,'[3]Data(perSeason,perCrop)'!$C:$C,[3]Indicators!C$33,'[3]Data(perSeason,perCrop)'!$R:$R,"IRRIGATED")/AVERAGEIFS('[3]Data(perSeason,perCrop)'!$F:$F,'[3]Data(perSeason,perCrop)'!$S:$S,$A35,'[3]Data(perSeason,perCrop)'!$O:$O,C$31,'[3]Data(perSeason,perCrop)'!$C:$C,[3]Indicators!C$33,'[3]Data(perSeason,perCrop)'!$R:$R,"IRRIGATED"),"") -> #VALUE! | D45: =IF(D35>0,1-AVERAGEIFS('[3]Data(perSeason,perCrop)'!$E:$E,'[3]Data(perSeason,perCrop)'!$S:$S,$A35,'[3]Data(perSeason,perCrop)'!$O:$O,D31,'[3]Data(perSeason,perCrop)'!$C:$C,[3]Indicators!D$33,'[3]Data(perSeason,perCrop)'!$R:$R,"IRRIGATED")/AVERAGEIFS('[3]Data(perSeason,perCrop)'!$F:$F,'[3]Data(perSeason,perCrop)'!$S:$S,$A35,'[3]Data(perSeason,perCrop)'!$O:$O,D$31,'[3]Data(perSeason,perCrop)'!$C:$C,[3]Indicators!D$33,'[3]Data(perSeason,perCrop)'!$R:$R,"IRRIGATED"),"") -> #VALUE! | E45: =IF(E35>0,1-AVERAGEIFS('[3]Data(perSeason,perCrop)'!$E:$E,'[3]Data(perSeason,perCrop)'!$S:$S,$A35,'[3]Data(perSeason,perCrop)'!$O:$O,E31,'[3]Data(perSeason,perCrop)'!$C:$C,[3]Indicators!E$33,'[3]Data(perSeason,perCrop)'!$R:$R,"IRRIGATED")/AVERAGEIFS('[3]Data(perSeason,perCrop)'!$F:$F,'[3]Data(perSeason,perCrop)'!$S:$S,$A35,'[3]Data(perSeason,perCrop)'!$O:$O,E$31,'[3]Data(perSeason,perCrop)'!$C:$C,[3]Indicators!E$33,'[3]Data(perSeason,perCrop)'!$R:$R,"IRRIGATED"),"") -> #VALUE! | F45: =IF(F35>0,1-AVERAGEIFS('[3]Data(perSeason,perCrop)'!$E:$E,'[3]Data(perSeason,perCrop)'!$S:$S,$A35,'[3]Data(perSeason,perCrop)'!$O:$O,F31,'[3]Data(perSeason,perCrop)'!$C:$C,[3]Indicators!F$33,'[3]Data(perSeason,perCrop)'!$R:$R,"IRRIGATED")/AVERAGEIFS('[3]Data(perSeason,perCrop)'!$F:$F,'[3]Data(perSeason,perCrop)'!$S:$S,$A35,'[3]Data(perSeason,perCrop)'!$O:$O,F$31,'[3]Data(perSeason,perCrop)'!$C:$C,[3]Indicators!F$33,'[3]Data(perSeason,perCrop)'!$R:$R,"IRRIGATED"),"") -> #VALUE! | G45: =IF(G35>0,1-AVERAGEIFS('[3]Data(perSeason,perCrop)'!$E:$E,'[3]Data(perSeason,perCrop)'!$S:$S,$A35,'[3]Data(perSeason,perCrop)'!$O:$O,G31,'[3]Data(perSeason,perCrop)'!$C:$C,[3]Indicators!G$33,'[3]Data(perSeason,perCrop)'!$R:$R,"IRRIGATED")/AVERAGEIFS('[3]Data(perSeason,perCrop)'!$F:$F,'[3]Data(perSeason,perCrop)'!$S:$S,$A35,'[3]Data(perSeason,perCrop)'!$O:$O,G$31,'[3]Data(perSeason,perCrop)'!$C:$C,[3]Indicators!G$33,'[3]Data(perSeason,perCrop)'!$R:$R,"IRRIGATED"),"") -> #VALUE! | H45: =IF(H35>0,1-AVERAGEIFS('[3]Data(perSeason,perCrop)'!$E:$E,'[3]Data(perSeason,perCrop)'!$S:$S,$A35,'[3]Data(perSeason,perCrop)'!$O:$O,H31,'[3]Data(perSeason,perCrop)'!$C:$C,[3]Indicators!H$33,'[3]Data(perSeason,perCrop)'!$R:$R,"IRRIGATED")/AVERAGEIFS('[3]Data(perSeason,perCrop)'!$F:$F,'[3]Data(perSeason,perCrop)'!$S:$S,$A35,'[3]Data(perSeason,perCrop)'!$O:$O,H$31,'[3]Data(perSeason,perCrop)'!$C:$C,[3]Indicators!H$33,'[3]Data(perSeason,perCrop)'!$R:$R,"IRRIGATED"),"") -> #VALUE! | I45: =IF(I35>0,1-AVERAGEIFS('[3]Data(perSeason,perCrop)'!$E:$E,'[3]Data(perSeason,perCrop)'!$S:$S,$A35,'[3]Data(perSeason,perCrop)'!$O:$O,I31,'[3]Data(perSeason,perCrop)'!$C:$C,[3]Indicators!I$33,'[3]Data(perSeason,perCrop)'!$R:$R,"IRRIGATED")/AVERAGEIFS('[3]Data(perSeason,perCrop)'!$F:$F,'[3]Data(perSeason,perCrop)'!$S:$S,$A35,'[3]Data(perSeason,perCrop)'!$O:$O,I$31,'[3]Data(perSeason,perCrop)'!$C:$C,[3]Indicators!I$33,'[3]Data(perSeason,perCrop)'!$R:$R,"IRRIGATED"),"") -> #VALUE! | ... AF45: =IF(AF35>0,1-AVERAGEIFS('[3]Data(perSeason,perCrop)'!$E:$E,'[3]Data(perSeason,perCrop)'!$S:$S,$A35,'[3]Data(perSeason,perCrop)'!$O:$O,AF31,'[3]Data(perSeason,perCrop)'!$C:$C,[3]Indicators!AF$33,'[3]Data(perSeason,perCrop)'!$R:$R,"IRRIGATED")/AVERAGEIFS('[3]Data(perSeason,perCrop)'!$F:$F,'[3]Data(perSeason,perCrop)'!$S:$S,$A35,'[3]Data(perSeason,perCrop)'!$O:$O,AF$31,'[3]Data(perSeason,perCrop)'!$C:$C,[3]Indicators!AF$33,'[3]Data(perSeason,perCrop)'!$R:$R,"IRRIGATED"),"") -> #VALUE!
A46: 2020 | B46: =IF(B36>0,1-AVERAGEIFS('[3]Data(perSeason,perCrop)'!$E:$E,'[3]Data(perSeason,perCrop)'!$S:$S,$A36,'[3]Data(perSeason,perCrop)'!$O:$O,B31,'[3]Data(perSeason,perCrop)'!$C:$C,[3]Indicators!B$33,'[3]Data(perSeason,perCrop)'!$R:$R,"IRRIGATED")/AVERAGEIFS('[3]Data(perSeason,perCrop)'!$F:$F,'[3]Data(perSeason,perCrop)'!$S:$S,$A36,'[3]Data(perSeason,perCrop)'!$O:$O,B$31,'[3]Data(perSeason,perCrop)'!$C:$C,[3]Indicators!B$33,'[3]Data(perSeason,perCrop)'!$R:$R,"IRRIGATED"),"") -> #VALUE! | C46: =IF(C36>0,1-AVERAGEIFS('[3]Data(perSeason,perCrop)'!$E:$E,'[3]Data(perSeason,perCrop)'!$S:$S,$A36,'[3]Data(perSeason,perCrop)'!$O:$O,C31,'[3]Data(perSeason,perCrop)'!$C:$C,[3]Indicators!C$33,'[3]Data(perSeason,perCrop)'!$R:$R,"IRRIGATED")/AVERAGEIFS('[3]Data(perSeason,perCrop)'!$F:$F,'[3]Data(perSeason,perCrop)'!$S:$S,$A36,'[3]Data(perSeason,perCrop)'!$O:$O,C$31,'[3]Data(perSeason,perCrop)'!$C:$C,[3]Indicators!C$33,'[3]Data(perSeason,perCrop)'!$R:$R,"IRRIGATED"),"") -> #VALUE! | D46: =IF(D36>0,1-AVERAGEIFS('[3]Data(perSeason,perCrop)'!$E:$E,'[3]Data(perSeason,perCrop)'!$S:$S,$A36,'[3]Data(perSeason,perCrop)'!$O:$O,D31,'[3]Data(perSeason,perCrop)'!$C:$C,[3]Indicators!D$33,'[3]Data(perSeason,perCrop)'!$R:$R,"IRRIGATED")/AVERAGEIFS('[3]Data(perSeason,perCrop)'!$F:$F,'[3]Data(perSeason,perCrop)'!$S:$S,$A36,'[3]Data(perSeason,perCrop)'!$O:$O,D$31,'[3]Data(perSeason,perCrop)'!$C:$C,[3]Indicators!D$33,'[3]Data(perSeason,perCrop)'!$R:$R,"IRRIGATED"),"") -> #VALUE! | E46: =IF(E36>0,1-AVERAGEIFS('[3]Data(perSeason,perCrop)'!$E:$E,'[3]Data(perSeason,perCrop)'!$S:$S,$A36,'[3]Data(perSeason,perCrop)'!$O:$O,E31,'[3]Data(perSeason,perCrop)'!$C:$C,[3]Indicators!E$33,'[3]Data(perSeason,perCrop)'!$R:$R,"IRRIGATED")/AVERAGEIFS('[3]Data(perSeason,perCrop)'!$F:$F,'[3]Data(perSeason,perCrop)'!$S:$S,$A36,'[3]Data(perSeason,perCrop)'!$O:$O,E$31,'[3]Data(perSeason,perCrop)'!$C:$C,[3]Indicators!E$33,'[3]Data(perSeason,perCrop)'!$R:$R,"IRRIGATED"),"") -> #VALUE! | F46: =IF(F36>0,1-AVERAGEIFS('[3]Data(perSeason,perCrop)'!$E:$E,'[3]Data(perSeason,perCrop)'!$S:$S,$A36,'[3]Data(perSeason,perCrop)'!$O:$O,F31,'[3]Data(perSeason,perCrop)'!$C:$C,[3]Indicators!F$33,'[3]Data(perSeason,perCrop)'!$R:$R,"IRRIGATED")/AVERAGEIFS('[3]Data(perSeason,perCrop)'!$F:$F,'[3]Data(perSeason,perCrop)'!$S:$S,$A36,'[3]Data(perSeason,perCrop)'!$O:$O,F$31,'[3]Data(perSeason,perCrop)'!$C:$C,[3]Indicators!F$33,'[3]Data(perSeason,perCrop)'!$R:$R,"IRRIGATED"),"") -> #VALUE! | G46: =IF(G36>0,1-AVERAGEIFS('[3]Data(perSeason,perCrop)'!$E:$E,'[3]Data(perSeason,perCrop)'!$S:$S,$A36,'[3]Data(perSeason,perCrop)'!$O:$O,G31,'[3]Data(perSeason,perCrop)'!$C:$C,[3]Indicators!G$33,'[3]Data(perSeason,perCrop)'!$R:$R,"IRRIGATED")/AVERAGEIFS('[3]Data(perSeason,perCrop)'!$F:$F,'[3]Data(perSeason,perCrop)'!$S:$S,$A36,'[3]Data(perSeason,perCrop)'!$O:$O,G$31,'[3]Data(perSeason,perCrop)'!$C:$C,[3]Indicators!G$33,'[3]Data(perSeason,perCrop)'!$R:$R,"IRRIGATED"),"") -> #VALUE! | H46: =IF(H36>0,1-AVERAGEIFS('[3]Data(perSeason,perCrop)'!$E:$E,'[3]Data(perSeason,perCrop)'!$S:$S,$A36,'[3]Data(perSeason,perCrop)'!$O:$O,H31,'[3]Data(perSeason,perCrop)'!$C:$C,[3]Indicators!H$33,'[3]Data(perSeason,perCrop)'!$R:$R,"IRRIGATED")/AVERAGEIFS('[3]Data(perSeason,perCrop)'!$F:$F,'[3]Data(perSeason,perCrop)'!$S:$S,$A36,'[3]Data(perSeason,perCrop)'!$O:$O,H$31,'[3]Data(perSeason,perCrop)'!$C:$C,[3]Indicators!H$33,'[3]Data(perSeason,perCrop)'!$R:$R,"IRRIGATED"),"") -> #VALUE! | I46: =IF(I36>0,1-AVERAGEIFS('[3]Data(perSeason,perCrop)'!$E:$E,'[3]Data(perSeason,perCrop)'!$S:$S,$A36,'[3]Data(perSeason,perCrop)'!$O:$O,I31,'[3]Data(perSeason,perCrop)'!$C:$C,[3]Indicators!I$33,'[3]Data(perSeason,perCrop)'!$R:$R,"IRRIGATED")/AVERAGEIFS('[3]Data(perSeason,perCrop)'!$F:$F,'[3]Data(perSeason,perCrop)'!$S:$S,$A36,'[3]Data(perSeason,perCrop)'!$O:$O,I$31,'[3]Data(perSeason,perCrop)'!$C:$C,[3]Indicators!I$33,'[3]Data(perSeason,perCrop)'!$R:$R,"IRRIGATED"),"") -> #VALUE! | ... AF46: =IF(AF36>0,1-AVERAGEIFS('[3]Data(perSeason,perCrop)'!$E:$E,'[3]Data(perSeason,perCrop)'!$S:$S,$A36,'[3]Data(perSeason,perCrop)'!$O:$O,AF31,'[3]Data(perSeason,perCrop)'!$C:$C,[3]Indicators!AF$33,'[3]Data(perSeason,perCrop)'!$R:$R,"IRRIGATED")/AVERAGEIFS('[3]Data(perSeason,perCrop)'!$F:$F,'[3]Data(perSeason,perCrop)'!$S:$S,$A36,'[3]Data(perSeason,perCrop)'!$O:$O,AF$31,'[3]Data(perSeason,perCrop)'!$C:$C,[3]Indicators!AF$33,'[3]Data(perSeason,perCrop)'!$R:$R,"IRRIGATED"),"") -> #VALUE!
A47: 2021 | B47: =IF(B37>0,1-AVERAGEIFS('[3]Data(perSeason,perCrop)'!$E:$E,'[3]Data(perSeason,perCrop)'!$S:$S,$A37,'[3]Data(perSeason,perCrop)'!$O:$O,B31,'[3]Data(perSeason,perCrop)'!$C:$C,[3]Indicators!B$33,'[3]Data(perSeason,perCrop)'!$R:$R,"IRRIGATED")/AVERAGEIFS('[3]Data(perSeason,perCrop)'!$F:$F,'[3]Data(perSeason,perCrop)'!$S:$S,$A37,'[3]Data(perSeason,perCrop)'!$O:$O,B$31,'[3]Data(perSeason,perCrop)'!$C:$C,[3]Indicators!B$33,'[3]Data(perSeason,perCrop)'!$R:$R,"IRRIGATED"),"") -> #VALUE! | C47: =IF(C37>0,1-AVERAGEIFS('[3]Data(perSeason,perCrop)'!$E:$E,'[3]Data(perSeason,perCrop)'!$S:$S,$A37,'[3]Data(perSeason,perCrop)'!$O:$O,C31,'[3]Data(perSeason,perCrop)'!$C:$C,[3]Indicators!C$33,'[3]Data(perSeason,perCrop)'!$R:$R,"IRRIGATED")/AVERAGEIFS('[3]Data(perSeason,perCrop)'!$F:$F,'[3]Data(perSeason,perCrop)'!$S:$S,$A37,'[3]Data(perSeason,perCrop)'!$O:$O,C$31,'[3]Data(perSeason,perCrop)'!$C:$C,[3]Indicators!C$33,'[3]Data(perSeason,perCrop)'!$R:$R,"IRRIGATED"),"") -> #VALUE! | D47: =IF(D37>0,1-AVERAGEIFS('[3]Data(perSeason,perCrop)'!$E:$E,'[3]Data(perSeason,perCrop)'!$S:$S,$A37,'[3]Data(perSeason,perCrop)'!$O:$O,D31,'[3]Data(perSeason,perCrop)'!$C:$C,[3]Indicators!D$33,'[3]Data(perSeason,perCrop)'!$R:$R,"IRRIGATED")/AVERAGEIFS('[3]Data(perSeason,perCrop)'!$F:$F,'[3]Data(perSeason,perCrop)'!$S:$S,$A37,'[3]Data(perSeason,perCrop)'!$O:$O,D$31,'[3]Data(perSeason,perCrop)'!$C:$C,[3]Indicators!D$33,'[3]Data(perSeason,perCrop)'!$R:$R,"IRRIGATED"),"") -> #VALUE! | E47: =IF(E37>0,1-AVERAGEIFS('[3]Data(perSeason,perCrop)'!$E:$E,'[3]Data(perSeason,perCrop)'!$S:$S,$A37,'[3]Data(perSeason,perCrop)'!$O:$O,E31,'[3]Data(perSeason,perCrop)'!$C:$C,[3]Indicators!E$33,'[3]Data(perSeason,perCrop)'!$R:$R,"IRRIGATED")/AVERAGEIFS('[3]Data(perSeason,perCrop)'!$F:$F,'[3]Data(perSeason,perCrop)'!$S:$S,$A37,'[3]Data(perSeason,perCrop)'!$O:$O,E$31,'[3]Data(perSeason,perCrop)'!$C:$C,[3]Indicators!E$33,'[3]Data(perSeason,perCrop)'!$R:$R,"IRRIGATED"),"") -> #VALUE! | F47: =IF(F37>0,1-AVERAGEIFS('[3]Data(perSeason,perCrop)'!$E:$E,'[3]Data(perSeason,perCrop)'!$S:$S,$A37,'[3]Data(perSeason,perCrop)'!$O:$O,F31,'[3]Data(perSeason,perCrop)'!$C:$C,[3]Indicators!F$33,'[3]Data(perSeason,perCrop)'!$R:$R,"IRRIGATED")/AVERAGEIFS('[3]Data(perSeason,perCrop)'!$F:$F,'[3]Data(perSeason,perCrop)'!$S:$S,$A37,'[3]Data(perSeason,perCrop)'!$O:$O,F$31,'[3]Data(perSeason,perCrop)'!$C:$C,[3]Indicators!F$33,'[3]Data(perSeason,perCrop)'!$R:$R,"IRRIGATED"),"") -> #VALUE! | G47: =IF(G37>0,1-AVERAGEIFS('[3]Data(perSeason,perCrop)'!$E:$E,'[3]Data(perSeason,perCrop)'!$S:$S,$A37,'[3]Data(perSeason,perCrop)'!$O:$O,G31,'[3]Data(perSeason,perCrop)'!$C:$C,[3]Indicators!G$33,'[3]Data(perSeason,perCrop)'!$R:$R,"IRRIGATED")/AVERAGEIFS('[3]Data(perSeason,perCrop)'!$F:$F,'[3]Data(perSeason,perCrop)'!$S:$S,$A37,'[3]Data(perSeason,perCrop)'!$O:$O,G$31,'[3]Data(perSeason,perCrop)'!$C:$C,[3]Indicators!G$33,'[3]Data(perSeason,perCrop)'!$R:$R,"IRRIGATED"),"") -> #VALUE! | H47: =IF(H37>0,1-AVERAGEIFS('[3]Data(perSeason,perCrop)'!$E:$E,'[3]Data(perSeason,perCrop)'!$S:$S,$A37,'[3]Data(perSeason,perCrop)'!$O:$O,H31,'[3]Data(perSeason,perCrop)'!$C:$C,[3]Indicators!H$33,'[3]Data(perSeason,perCrop)'!$R:$R,"IRRIGATED")/AVERAGEIFS('[3]Data(perSeason,perCrop)'!$F:$F,'[3]Data(perSeason,perCrop)'!$S:$S,$A37,'[3]Data(perSeason,perCrop)'!$O:$O,H$31,'[3]Data(perSeason,perCrop)'!$C:$C,[3]Indicators!H$33,'[3]Data(perSeason,perCrop)'!$R:$R,"IRRIGATED"),"") -> #VALUE! | I47: =IF(I37>0,1-AVERAGEIFS('[3]Data(perSeason,perCrop)'!$E:$E,'[3]Data(perSeason,perCrop)'!$S:$S,$A37,'[3]Data(perSeason,perCrop)'!$O:$O,I31,'[3]Data(perSeason,perCrop)'!$C:$C,[3]Indicators!I$33,'[3]Data(perSeason,perCrop)'!$R:$R,"IRRIGATED")/AVERAGEIFS('[3]Data(perSeason,perCrop)'!$F:$F,'[3]Data(perSeason,perCrop)'!$S:$S,$A37,'[3]Data(perSeason,perCrop)'!$O:$O,I$31,'[3]Data(perSeason,perCrop)'!$C:$C,[3]Indicators!I$33,'[3]Data(perSeason,perCrop)'!$R:$R,"IRRIGATED"),"") -> #VALUE! | ... AF47: =IF(AF37>0,1-AVERAGEIFS('[3]Data(perSeason,perCrop)'!$E:$E,'[3]Data(perSeason,perCrop)'!$S:$S,$A37,'[3]Data(perSeason,perCrop)'!$O:$O,AF31,'[3]Data(perSeason,perCrop)'!$C:$C,[3]Indicators!AF$33,'[3]Data(perSeason,perCrop)'!$R:$R,"IRRIGATED")/AVERAGEIFS('[3]Data(perSeason,perCrop)'!$F:$F,'[3]Data(perSeason,perCrop)'!$S:$S,$A37,'[3]Data(perSeason,perCrop)'!$O:$O,AF$31,'[3]Data(perSeason,perCrop)'!$C:$C,[3]Indicators!AF$33,'[3]Data(perSeason,perCrop)'!$R:$R,"IRRIGATED"),"") -> #VALUE!
A48: 2022 | B48: =IF(B38>0,1-AVERAGEIFS('[3]Data(perSeason,perCrop)'!$E:$E,'[3]Data(perSeason,perCrop)'!$S:$S,$A38,'[3]Data(perSeason,perCrop)'!$O:$O,B31,'[3]Data(perSeason,perCrop)'!$C:$C,[3]Indicators!B$33,'[3]Data(perSeason,perCrop)'!$R:$R,"IRRIGATED")/AVERAGEIFS('[3]Data(perSeason,perCrop)'!$F:$F,'[3]Data(perSeason,perCrop)'!$S:$S,$A38,'[3]Data(perSeason,perCrop)'!$O:$O,B$31,'[3]Data(perSeason,perCrop)'!$C:$C,[3]Indicators!B$33,'[3]Data(perSeason,perCrop)'!$R:$R,"IRRIGATED"),"") -> #VALUE! | C48: =IF(C38>0,1-AVERAGEIFS('[3]Data(perSeason,perCrop)'!$E:$E,'[3]Data(perSeason,perCrop)'!$S:$S,$A38,'[3]Data(perSeason,perCrop)'!$O:$O,C31,'[3]Data(perSeason,perCrop)'!$C:$C,[3]Indicators!C$33,'[3]Data(perSeason,perCrop)'!$R:$R,"IRRIGATED")/AVERAGEIFS('[3]Data(perSeason,perCrop)'!$F:$F,'[3]Data(perSeason,perCrop)'!$S:$S,$A38,'[3]Data(perSeason,perCrop)'!$O:$O,C$31,'[3]Data(perSeason,perCrop)'!$C:$C,[3]Indicators!C$33,'[3]Data(perSeason,perCrop)'!$R:$R,"IRRIGATED"),"") -> #VALUE! | D48: =IF(D38>0,1-AVERAGEIFS('[3]Data(perSeason,perCrop)'!$E:$E,'[3]Data(perSeason,perCrop)'!$S:$S,$A38,'[3]Data(perSeason,perCrop)'!$O:$O,D31,'[3]Data(perSeason,perCrop)'!$C:$C,[3]Indicators!D$33,'[3]Data(perSeason,perCrop)'!$R:$R,"IRRIGATED")/AVERAGEIFS('[3]Data(perSeason,perCrop)'!$F:$F,'[3]Data(perSeason,perCrop)'!$S:$S,$A38,'[3]Data(perSeason,perCrop)'!$O:$O,D$31,'[3]Data(perSeason,perCrop)'!$C:$C,[3]Indicators!D$33,'[3]Data(perSeason,perCrop)'!$R:$R,"IRRIGATED"),"") -> #VALUE! | E48: =IF(E38>0,1-AVERAGEIFS('[3]Data(perSeason,perCrop)'!$E:$E,'[3]Data(perSeason,perCrop)'!$S:$S,$A38,'[3]Data(perSeason,perCrop)'!$O:$O,E31,'[3]Data(perSeason,perCrop)'!$C:$C,[3]Indicators!E$33,'[3]Data(perSeason,perCrop)'!$R:$R,"IRRIGATED")/AVERAGEIFS('[3]Data(perSeason,perCrop)'!$F:$F,'[3]Data(perSeason,perCrop)'!$S:$S,$A38,'[3]Data(perSeason,perCrop)'!$O:$O,E$31,'[3]Data(perSeason,perCrop)'!$C:$C,[3]Indicators!E$33,'[3]Data(perSeason,perCrop)'!$R:$R,"IRRIGATED"),"") -> #VALUE! | F48: =IF(F38>0,1-AVERAGEIFS('[3]Data(perSeason,perCrop)'!$E:$E,'[3]Data(perSeason,perCrop)'!$S:$S,$A38,'[3]Data(perSeason,perCrop)'!$O:$O,F31,'[3]Data(perSeason,perCrop)'!$C:$C,[3]Indicators!F$33,'[3]Data(perSeason,perCrop)'!$R:$R,"IRRIGATED")/AVERAGEIFS('[3]Data(perSeason,perCrop)'!$F:$F,'[3]Data(perSeason,perCrop)'!$S:$S,$A38,'[3]Data(perSeason,perCrop)'!$O:$O,F$31,'[3]Data(perSeason,perCrop)'!$C:$C,[3]Indicators!F$33,'[3]Data(perSeason,perCrop)'!$R:$R,"IRRIGATED"),"") -> #VALUE! | G48: =IF(G38>0,1-AVERAGEIFS('[3]Data(perSeason,perCrop)'!$E:$E,'[3]Data(perSeason,perCrop)'!$S:$S,$A38,'[3]Data(perSeason,perCrop)'!$O:$O,G31,'[3]Data(perSeason,perCrop)'!$C:$C,[3]Indicators!G$33,'[3]Data(perSeason,perCrop)'!$R:$R,"IRRIGATED")/AVERAGEIFS('[3]Data(perSeason,perCrop)'!$F:$F,'[3]Data(perSeason,perCrop)'!$S:$S,$A38,'[3]Data(perSeason,perCrop)'!$O:$O,G$31,'[3]Data(perSeason,perCrop)'!$C:$C,[3]Indicators!G$33,'[3]Data(perSeason,perCrop)'!$R:$R,"IRRIGATED"),"") -> #VALUE! | H48: =IF(H38>0,1-AVERAGEIFS('[3]Data(perSeason,perCrop)'!$E:$E,'[3]Data(perSeason,perCrop)'!$S:$S,$A38,'[3]Data(perSeason,perCrop)'!$O:$O,H31,'[3]Data(perSeason,perCrop)'!$C:$C,[3]Indicators!H$33,'[3]Data(perSeason,perCrop)'!$R:$R,"IRRIGATED")/AVERAGEIFS('[3]Data(perSeason,perCrop)'!$F:$F,'[3]Data(perSeason,perCrop)'!$S:$S,$A38,'[3]Data(perSeason,perCrop)'!$O:$O,H$31,'[3]Data(perSeason,perCrop)'!$C:$C,[3]Indicators!H$33,'[3]Data(perSeason,perCrop)'!$R:$R,"IRRIGATED"),"") -> #VALUE! | I48: =IF(I38>0,1-AVERAGEIFS('[3]Data(perSeason,perCrop)'!$E:$E,'[3]Data(perSeason,perCrop)'!$S:$S,$A38,'[3]Data(perSeason,perCrop)'!$O:$O,I31,'[3]Data(perSeason,perCrop)'!$C:$C,[3]Indicators!I$33,'[3]Data(perSeason,perCrop)'!$R:$R,"IRRIGATED")/AVERAGEIFS('[3]Data(perSeason,perCrop)'!$F:$F,'[3]Data(perSeason,perCrop)'!$S:$S,$A38,'[3]Data(perSeason,perCrop)'!$O:$O,I$31,'[3]Data(perSeason,perCrop)'!$C:$C,[3]Indicators!I$33,'[3]Data(perSeason,perCrop)'!$R:$R,"IRRIGATED"),"") -> #VALUE! | ... AF48: =IF(AF38>0,1-AVERAGEIFS('[3]Data(perSeason,perCrop)'!$E:$E,'[3]Data(perSeason,perCrop)'!$S:$S,$A38,'[3]Data(perSeason,perCrop)'!$O:$O,AF31,'[3]Data(perSeason,perCrop)'!$C:$C,[3]Indicators!AF$33,'[3]Data(perSeason,perCrop)'!$R:$R,"IRRIGATED")/AVERAGEIFS('[3]Data(perSeason,perCrop)'!$F:$F,'[3]Data(perSeason,perCrop)'!$S:$S,$A38,'[3]Data(perSeason,perCrop)'!$O:$O,AF$31,'[3]Data(perSeason,perCrop)'!$C:$C,[3]Indicators!AF$33,'[3]Data(perSeason,perCrop)'!$R:$R,"IRRIGATED"),"") -> #VALUE!
A50: Adequecy (RABI) | B50: Adequecy
A51: 2018 | B51: =IF(COUNTIFS('[3]Data(perSeason,perCrop)'!$S:$S,[3]Indicators!$A52)>0,SUMPRODUCT(B34:AF34,B44:AF44)/SUM(B34:AF34),"") -> #VALUE!
A52: 2019 | B52: =IF(COUNTIFS('[3]Data(perSeason,perCrop)'!$S:$S,[3]Indicators!$A53)>0,SUMPRODUCT(B35:AF35,B45:AF45)/SUM(B35:AF35),"") -> #VALUE!
A53: 2020 | B53: =IF(COUNTIFS('[3]Data(perSeason,perCrop)'!$S:$S,[3]Indicators!$A54)>0,SUMPRODUCT(B36:AF36,B46:AF46)/SUM(B36:AF36),"") -> #VALUE!
A54: 2021 | B54: =IF(COUNTIFS('[3]Data(perSeason,perCrop)'!$S:$S,[3]Indicators!$A55)>0,SUMPRODUCT(B37:AF37,B47:AF47)/SUM(B37:AF37),"") -> #VALUE!
A55: 2022 | B55: =IF(COUNTIFS('[3]Data(perSeason,perCrop)'!$S:$S,[3]Indicators!$A56)>0,SUMPRODUCT(B38:AF38,B48:AF48)/SUM(B38:AF38),"") -> #VALUE!
A56: Average | B56: =AVERAGE(B51:B55) -> #VALUE!
A60: Season (Zaid) | B60: 3 | C60: 3 | D60: 3 | E60: 3 | F60: 3 | G60: 3 | H60: 3 | I60: 3 | J60: 3 | K60: 3 | L60: 3 | M60: 3 | N60: 3 | O60: 3 | P60: 3 | Q60: 3 | R60: 3 | S60: 3 | T60: 3 | U60: 3 | V60: 3 | W60: 3 | X60: 3 | Y60: 3 | Z60: 3 | AA60: 3 | AB60: 3 | AC60: 3 | AD60: 3 | AE60: 3 | AF60: 3
A61: Crop Type | B61: Cotton | C61: Paddy | D61: Maize | E61: Wheat | F61: Redgram | G61: Chickpea | H61: Mustard | I61: Jowar | J61: Chili | K61: Orchard | L61: Groundnut | M61: Potato | N61: Sugarcane | O61: Other Irrigated (High Water Intensive) | P61: Other Irrigated (Less Water Intensive) | Q61: Other Rainfed | R61: Class1 | S61: Class2 | T61: Class3 | U61: Class4 | V61: Class5 | W61: Class6 | X61: Class7 | Y61: Class8 | Z61: Class9 | AA61: Class10 | AB61: Class11 | AC61: Class12 | AD61: Class13 | AE61: Class14 | AF61: Class15
A62: Crop ID | B62: 1 | C62: 2 | D62: 3 | E62: 4 | F62: 5 | G62: 6 | H62: 7 | I62: 8 | J62: 9 | K62: 10 | L62: 11 | M62: 12 | N62: 13 | O62: 14 | P62: 15 | Q62: 16 | R62: 17 | S62: 18 | T62: 19 | U62: 20 | V62: 21 | W62: 22 | X62: 23 | Y62: 24 | Z62: 25 | AA62: 40 | AB62: 41 | AC62: 42 | AD62: 43 | AE62: 44 | AF62: 45
A63: 2018 | B63: =SUMIFS('[3]Data(perSeason,perCrop)'!$A:$A,'[3]Data(perSeason,perCrop)'!$S:$S,[3]Indicators!$A64,'[3]Data(perSeason,perCrop)'!$O:$O,[3]Indicators!B$32,'[3]Data(perSeason,perCrop)'!$C:$C,[3]Indicators!B$33,'[3]Data(perSeason,perCrop)'!$R:$R,"IRRIGATED") -> #VALUE! | C63: =SUMIFS('[3]Data(perSeason,perCrop)'!$A:$A,'[3]Data(perSeason,perCrop)'!$S:$S,[3]Indicators!$A64,'[3]Data(perSeason,perCrop)'!$O:$O,[3]Indicators!C$32,'[3]Data(perSeason,perCrop)'!$C:$C,[3]Indicators!C$33,'[3]Data(perSeason,perCrop)'!$R:$R,"IRRIGATED") -> #VALUE! | D63: =SUMIFS('[3]Data(perSeason,perCrop)'!$A:$A,'[3]Data(perSeason,perCrop)'!$S:$S,[3]Indicators!$A64,'[3]Data(perSeason,perCrop)'!$O:$O,[3]Indicators!D$32,'[3]Data(perSeason,perCrop)'!$C:$C,[3]Indicators!D$33,'[3]Data(perSeason,perCrop)'!$R:$R,"IRRIGATED") -> #VALUE! | E63: =SUMIFS('[3]Data(perSeason,perCrop)'!$A:$A,'[3]Data(perSeason,perCrop)'!$S:$S,[3]Indicators!$A64,'[3]Data(perSeason,perCrop)'!$O:$O,[3]Indicators!E$32,'[3]Data(perSeason,perCrop)'!$C:$C,[3]Indicators!E$33,'[3]Data(perSeason,perCrop)'!$R:$R,"IRRIGATED") -> #VALUE! | F63: =SUMIFS('[3]Data(perSeason,perCrop)'!$A:$A,'[3]Data(perSeason,perCrop)'!$S:$S,[3]Indicators!$A64,'[3]Data(perSeason,perCrop)'!$O:$O,[3]Indicators!F$32,'[3]Data(perSeason,perCrop)'!$C:$C,[3]Indicators!F$33,'[3]Data(perSeason,perCrop)'!$R:$R,"IRRIGATED") -> #VALUE! | G63: =SUMIFS('[3]Data(perSeason,perCrop)'!$A:$A,'[3]Data(perSeason,perCrop)'!$S:$S,[3]Indicators!$A64,'[3]Data(perSeason,perCrop)'!$O:$O,[3]Indicators!G$32,'[3]Data(perSeason,perCrop)'!$C:$C,[3]Indicators!G$33,'[3]Data(perSeason,perCrop)'!$R:$R,"IRRIGATED") -> #VALUE! | H63: =SUMIFS('[3]Data(perSeason,perCrop)'!$A:$A,'[3]Data(perSeason,perCrop)'!$S:$S,[3]Indicators!$A64,'[3]Data(perSeason,perCrop)'!$O:$O,[3]Indicators!H$32,'[3]Data(perSeason,perCrop)'!$C:$C,[3]Indicators!H$33,'[3]Data(perSeason,perCrop)'!$R:$R,"IRRIGATED") -> #VALUE! | I63: =SUMIFS('[3]Data(perSeason,perCrop)'!$A:$A,'[3]Data(perSeason,perCrop)'!$S:$S,[3]Indicators!$A64,'[3]Data(perSeason,perCrop)'!$O:$O,[3]Indicators!I$32,'[3]Data(perSeason,perCrop)'!$C:$C,[3]Indicators!I$33,'[3]Data(perSeason,perCrop)'!$R:$R,"IRRIGATED") -> #VALUE! | ... AF63: =SUMIFS('[3]Data(perSeason,perCrop)'!$A:$A,'[3]Data(perSeason,perCrop)'!$S:$S,[3]Indicators!$A64,'[3]Data(perSeason,perCrop)'!$O:$O,[3]Indicators!AF$32,'[3]Data(perSeason,perCrop)'!$C:$C,[3]Indicators!AF$33,'[3]Data(perSeason,perCrop)'!$R:$R,"IRRIGATED") -> #VALUE!
A64: 2019 | B64: =SUMIFS('[3]Data(perSeason,perCrop)'!$A:$A,'[3]Data(perSeason,perCrop)'!$S:$S,[3]Indicators!$A65,'[3]Data(perSeason,perCrop)'!$O:$O,[3]Indicators!B$32,'[3]Data(perSeason,perCrop)'!$C:$C,[3]Indicators!B$33,'[3]Data(perSeason,perCrop)'!$R:$R,"IRRIGATED") -> #VALUE! | C64: =SUMIFS('[3]Data(perSeason,perCrop)'!$A:$A,'[3]Data(perSeason,perCrop)'!$S:$S,[3]Indicators!$A65,'[3]Data(perSeason,perCrop)'!$O:$O,[3]Indicators!C$32,'[3]Data(perSeason,perCrop)'!$C:$C,[3]Indicators!C$33,'[3]Data(perSeason,perCrop)'!$R:$R,"IRRIGATED") -> #VALUE! | D64: =SUMIFS('[3]Data(perSeason,perCrop)'!$A:$A,'[3]Data(perSeason,perCrop)'!$S:$S,[3]Indicators!$A65,'[3]Data(perSeason,perCrop)'!$O:$O,[3]Indicators!D$32,'[3]Data(perSeason,perCrop)'!$C:$C,[3]Indicators!D$33,'[3]Data(perSeason,perCrop)'!$R:$R,"IRRIGATED") -> #VALUE! | E64: =SUMIFS('[3]Data(perSeason,perCrop)'!$A:$A,'[3]Data(perSeason,perCrop)'!$S:$S,[3]Indicators!$A65,'[3]Data(perSeason,perCrop)'!$O:$O,[3]Indicators!E$32,'[3]Data(perSeason,perCrop)'!$C:$C,[3]Indicators!E$33,'[3]Data(perSeason,perCrop)'!$R:$R,"IRRIGATED") -> #VALUE! | F64: =SUMIFS('[3]Data(perSeason,perCrop)'!$A:$A,'[3]Data(perSeason,perCrop)'!$S:$S,[3]Indicators!$A65,'[3]Data(perSeason,perCrop)'!$O:$O,[3]Indicators!F$32,'[3]Data(perSeason,perCrop)'!$C:$C,[3]Indicators!F$33,'[3]Data(perSeason,perCrop)'!$R:$R,"IRRIGATED") -> #VALUE! | G64: =SUMIFS('[3]Data(perSeason,perCrop)'!$A:$A,'[3]Data(perSeason,perCrop)'!$S:$S,[3]Indicators!$A65,'[3]Data(perSeason,perCrop)'!$O:$O,[3]Indicators!G$32,'[3]Data(perSeason,perCrop)'!$C:$C,[3]Indicators!G$33,'[3]Data(perSeason,perCrop)'!$R:$R,"IRRIGATED") -> #VALUE! | H64: =SUMIFS('[3]Data(perSeason,perCrop)'!$A:$A,'[3]Data(perSeason,perCrop)'!$S:$S,[3]Indicators!$A65,'[3]Data(perSeason,perCrop)'!$O:$O,[3]Indicators!H$32,'[3]Data(perSeason,perCrop)'!$C:$C,[3]Indicators!H$33,'[3]Data(perSeason,perCrop)'!$R:$R,"IRRIGATED") -> #VALUE! | I64: =SUMIFS('[3]Data(perSeason,perCrop)'!$A:$A,'[3]Data(perSeason,perCrop)'!$S:$S,[3]Indicators!$A65,'[3]Data(perSeason,perCrop)'!$O:$O,[3]Indicators!I$32,'[3]Data(perSeason,perCrop)'!$C:$C,[3]Indicators!I$33,'[3]Data(perSeason,perCrop)'!$R:$R,"IRRIGATED") -> #VALUE! | ... AF64: =SUMIFS('[3]Data(perSeason,perCrop)'!$A:$A,'[3]Data(perSeason,perCrop)'!$S:$S,[3]Indicators!$A65,'[3]Data(perSeason,perCrop)'!$O:$O,[3]Indicators!AF$32,'[3]Data(perSeason,perCrop)'!$C:$C,[3]Indicators!AF$33,'[3]Data(perSeason,perCrop)'!$R:$R,"IRRIGATED") -> #VALUE!
A65: 2020 | B65: =SUMIFS('[3]Data(perSeason,perCrop)'!$A:$A,'[3]Data(perSeason,perCrop)'!$S:$S,[3]Indicators!$A66,'[3]Data(perSeason,perCrop)'!$O:$O,[3]Indicators!B$32,'[3]Data(perSeason,perCrop)'!$C:$C,[3]Indicators!B$33,'[3]Data(perSeason,perCrop)'!$R:$R,"IRRIGATED") -> #VALUE! | C65: =SUMIFS('[3]Data(perSeason,perCrop)'!$A:$A,'[3]Data(perSeason,perCrop)'!$S:$S,[3]Indicators!$A66,'[3]Data(perSeason,perCrop)'!$O:$O,[3]Indicators!C$32,'[3]Data(perSeason,perCrop)'!$C:$C,[3]Indicators!C$33,'[3]Data(perSeason,perCrop)'!$R:$R,"IRRIGATED") -> #VALUE! | D65: =SUMIFS('[3]Data(perSeason,perCrop)'!$A:$A,'[3]Data(perSeason,perCrop)'!$S:$S,[3]Indicators!$A66,'[3]Data(perSeason,perCrop)'!$O:$O,[3]Indicators!D$32,'[3]Data(perSeason,perCrop)'!$C:$C,[3]Indicators!D$33,'[3]Data(perSeason,perCrop)'!$R:$R,"IRRIGATED") -> #VALUE! | E65: =SUMIFS('[3]Data(perSeason,perCrop)'!$A:$A,'[3]Data(perSeason,perCrop)'!$S:$S,[3]Indicators!$A66,'[3]Data(perSeason,perCrop)'!$O:$O,[3]Indicators!E$32,'[3]Data(perSeason,perCrop)'!$C:$C,[3]Indicators!E$33,'[3]Data(perSeason,perCrop)'!$R:$R,"IRRIGATED") -> #VALUE! | F65: =SUMIFS('[3]Data(perSeason,perCrop)'!$A:$A,'[3]Data(perSeason,perCrop)'!$S:$S,[3]Indicators!$A66,'[3]Data(perSeason,perCrop)'!$O:$O,[3]Indicators!F$32,'[3]Data(perSeason,perCrop)'!$C:$C,[3]Indicators!F$33,'[3]Data(perSeason,perCrop)'!$R:$R,"IRRIGATED") -> #VALUE! | G65: =SUMIFS('[3]Data(perSeason,perCrop)'!$A:$A,'[3]Data(perSeason,perCrop)'!$S:$S,[3]Indicators!$A66,'[3]Data(perSeason,perCrop)'!$O:$O,[3]Indicators!G$32,'[3]Data(perSeason,perCrop)'!$C:$C,[3]Indicators!G$33,'[3]Data(perSeason,perCrop)'!$R:$R,"IRRIGATED") -> #VALUE! | H65: =SUMIFS('[3]Data(perSeason,perCrop)'!$A:$A,'[3]Data(perSeason,perCrop)'!$S:$S,[3]Indicators!$A66,'[3]Data(perSeason,perCrop)'!$O:$O,[3]Indicators!H$32,'[3]Data(perSeason,perCrop)'!$C:$C,[3]Indicators!H$33,'[3]Data(perSeason,perCrop)'!$R:$R,"IRRIGATED") -> #VALUE! | I65: =SUMIFS('[3]Data(perSeason,perCrop)'!$A:$A,'[3]Data(perSeason,perCrop)'!$S:$S,[3]Indicators!$A66,'[3]Data(perSeason,perCrop)'!$O:$O,[3]Indicators!I$32,'[3]Data(perSeason,perCrop)'!$C:$C,[3]Indicators!I$33,'[3]Data(perSeason,perCrop)'!$R:$R,"IRRIGATED") -> #VALUE! | ... AF65: =SUMIFS('[3]Data(perSeason,perCrop)'!$A:$A,'[3]Data(perSeason,perCrop)'!$S:$S,[3]Indicators!$A66,'[3]Data(perSeason,perCrop)'!$O:$O,[3]Indicators!AF$32,'[3]Data(perSeason,perCrop)'!$C:$C,[3]Indicators!AF$33,'[3]Data(perSeason,perCrop)'!$R:$R,"IRRIGATED") -> #VALUE!
A66: 2021 | B66: =SUMIFS('[3]Data(perSeason,perCrop)'!$A:$A,'[3]Data(perSeason,perCrop)'!$S:$S,[3]Indicators!$A67,'[3]Data(perSeason,perCrop)'!$O:$O,[3]Indicators!B$32,'[3]Data(perSeason,perCrop)'!$C:$C,[3]Indicators!B$33,'[3]Data(perSeason,perCrop)'!$R:$R,"IRRIGATED") -> #VALUE! | C66: =SUMIFS('[3]Data(perSeason,perCrop)'!$A:$A,'[3]Data(perSeason,perCrop)'!$S:$S,[3]Indicators!$A67,'[3]Data(perSeason,perCrop)'!$O:$O,[3]Indicators!C$32,'[3]Data(perSeason,perCrop)'!$C:$C,[3]Indicators!C$33,'[3]Data(perSeason,perCrop)'!$R:$R,"IRRIGATED") -> #VALUE! | D66: =SUMIFS('[3]Data(perSeason,perCrop)'!$A:$A,'[3]Data(perSeason,perCrop)'!$S:$S,[3]Indicators!$A67,'[3]Data(perSeason,perCrop)'!$O:$O,[3]Indicators!D$32,'[3]Data(perSeason,perCrop)'!$C:$C,[3]Indicators!D$33,'[3]Data(perSeason,perCrop)'!$R:$R,"IRRIGATED") -> #VALUE! | E66: =SUMIFS('[3]Data(perSeason,perCrop)'!$A:$A,'[3]Data(perSeason,perCrop)'!$S:$S,[3]Indicators!$A67,'[3]Data(perSeason,perCrop)'!$O:$O,[3]Indicators!E$32,'[3]Data(perSeason,perCrop)'!$C:$C,[3]Indicators!E$33,'[3]Data(perSeason,perCrop)'!$R:$R,"IRRIGATED") -> #VALUE! | F66: =SUMIFS('[3]Data(perSeason,perCrop)'!$A:$A,'[3]Data(perSeason,perCrop)'!$S:$S,[3]Indicators!$A67,'[3]Data(perSeason,perCrop)'!$O:$O,[3]Indicators!F$32,'[3]Data(perSeason,perCrop)'!$C:$C,[3]Indicators!F$33,'[3]Data(perSeason,perCrop)'!$R:$R,"IRRIGATED") -> #VALUE! | G66: =SUMIFS('[3]Data(perSeason,perCrop)'!$A:$A,'[3]Data(perSeason,perCrop)'!$S:$S,[3]Indicators!$A67,'[3]Data(perSeason,perCrop)'!$O:$O,[3]Indicators!G$32,'[3]Data(perSeason,perCrop)'!$C:$C,[3]Indicators!G$33,'[3]Data(perSeason,perCrop)'!$R:$R,"IRRIGATED") -> #VALUE! | H66: =SUMIFS('[3]Data(perSeason,perCrop)'!$A:$A,'[3]Data(perSeason,perCrop)'!$S:$S,[3]Indicators!$A67,'[3]Data(perSeason,perCrop)'!$O:$O,[3]Indicators!H$32,'[3]Data(perSeason,perCrop)'!$C:$C,[3]Indicators!H$33,'[3]Data(perSeason,perCrop)'!$R:$R,"IRRIGATED") -> #VALUE! | I66: =SUMIFS('[3]Data(perSeason,perCrop)'!$A:$A,'[3]Data(perSeason,perCrop)'!$S:$S,[3]Indicators!$A67,'[3]Data(perSeason,perCrop)'!$O:$O,[3]Indicators!I$32,'[3]Data(perSeason,perCrop)'!$C:$C,[3]Indicators!I$33,'[3]Data(perSeason,perCrop)'!$R:$R,"IRRIGATED") -> #VALUE! | ... AF66: =SUMIFS('[3]Data(perSeason,perCrop)'!$A:$A,'[3]Data(perSeason,perCrop)'!$S:$S,[3]Indicators!$A67,'[3]Data(perSeason,perCrop)'!$O:$O,[3]Indicators!AF$32,'[3]Data(perSeason,perCrop)'!$C:$C,[3]Indicators!AF$33,'[3]Data(perSeason,perCrop)'!$R:$R,"IRRIGATED") -> #VALUE!
A67: 2022 | B67: =SUMIFS('[3]Data(perSeason,perCrop)'!$A:$A,'[3]Data(perSeason,perCrop)'!$S:$S,[3]Indicators!$A68,'[3]Data(perSeason,perCrop)'!$O:$O,[3]Indicators!B$32,'[3]Data(perSeason,perCrop)'!$C:$C,[3]Indicators!B$33,'[3]Data(perSeason,perCrop)'!$R:$R,"IRRIGATED") -> #VALUE! | C67: =SUMIFS('[3]Data(perSeason,perCrop)'!$A:$A,'[3]Data(perSeason,perCrop)'!$S:$S,[3]Indicators!$A68,'[3]Data(perSeason,perCrop)'!$O:$O,[3]Indicators!C$32,'[3]Data(perSeason,perCrop)'!$C:$C,[3]Indicators!C$33,'[3]Data(perSeason,perCrop)'!$R:$R,"IRRIGATED") -> #VALUE! | D67: =SUMIFS('[3]Data(perSeason,perCrop)'!$A:$A,'[3]Data(perSeason,perCrop)'!$S:$S,[3]Indicators!$A68,'[3]Data(perSeason,perCrop)'!$O:$O,[3]Indicators!D$32,'[3]Data(perSeason,perCrop)'!$C:$C,[3]Indicators!D$33,'[3]Data(perSeason,perCrop)'!$R:$R,"IRRIGATED") -> #VALUE! | E67: =SUMIFS('[3]Data(perSeason,perCrop)'!$A:$A,'[3]Data(perSeason,perCrop)'!$S:$S,[3]Indicators!$A68,'[3]Data(perSeason,perCrop)'!$O:$O,[3]Indicators!E$32,'[3]Data(perSeason,perCrop)'!$C:$C,[3]Indicators!E$33,'[3]Data(perSeason,perCrop)'!$R:$R,"IRRIGATED") -> #VALUE! | F67: =SUMIFS('[3]Data(perSeason,perCrop)'!$A:$A,'[3]Data(perSeason,perCrop)'!$S:$S,[3]Indicators!$A68,'[3]Data(perSeason,perCrop)'!$O:$O,[3]Indicators!F$32,'[3]Data(perSeason,perCrop)'!$C:$C,[3]Indicators!F$33,'[3]Data(perSeason,perCrop)'!$R:$R,"IRRIGATED") -> #VALUE! | G67: =SUMIFS('[3]Data(perSeason,perCrop)'!$A:$A,'[3]Data(perSeason,perCrop)'!$S:$S,[3]Indicators!$A68,'[3]Data(perSeason,perCrop)'!$O:$O,[3]Indicators!G$32,'[3]Data(perSeason,perCrop)'!$C:$C,[3]Indicators!G$33,'[3]Data(perSeason,perCrop)'!$R:$R,"IRRIGATED") -> #VALUE! | H67: =SUMIFS('[3]Data(perSeason,perCrop)'!$A:$A,'[3]Data(perSeason,perCrop)'!$S:$S,[3]Indicators!$A68,'[3]Data(perSeason,perCrop)'!$O:$O,[3]Indicators!H$32,'[3]Data(perSeason,perCrop)'!$C:$C,[3]Indicators!H$33,'[3]Data(perSeason,perCrop)'!$R:$R,"IRRIGATED") -> #VALUE! | I67: =SUMIFS('[3]Data(perSeason,perCrop)'!$A:$A,'[3]Data(perSeason,perCrop)'!$S:$S,[3]Indicators!$A68,'[3]Data(perSeason,perCrop)'!$O:$O,[3]Indicators!I$32,'[3]Data(perSeason,perCrop)'!$C:$C,[3]Indicators!I$33,'[3]Data(perSeason,perCrop)'!$R:$R,"IRRIGATED") -> #VALUE! | ... AF67: =SUMIFS('[3]Data(perSeason,perCrop)'!$A:$A,'[3]Data(perSeason,perCrop)'!$S:$S,[3]Indicators!$A68,'[3]Data(perSeason,perCrop)'!$O:$O,[3]Indicators!AF$32,'[3]Data(perSeason,perCrop)'!$C:$C,[3]Indicators!AF$33,'[3]Data(perSeason,perCrop)'!$R:$R,"IRRIGATED") -> #VALUE!
A68: Average | B68: =AVERAGE(B63:B67) -> #VALUE! | C68: =AVERAGE(C63:C67) -> #VALUE! | D68: =AVERAGE(D63:D67) -> #VALUE! | E68: =AVERAGE(E63:E67) -> #VALUE! | F68: =AVERAGE(F63:F67) -> #VALUE! | G68: =AVERAGE(G63:G67) -> #VALUE! | H68: =AVERAGE(H63:H67) -> #VALUE! | I68: =AVERAGE(I63:I67) -> #VALUE! | ... AF68: =AVERAGE(AF63:AF67) -> #VALUE!
A69: Weight | B69: =B68/SUM($B68:$AF68) -> #VALUE! | C69: =C68/SUM($B68:$Q68) -> #VALUE! | D69: =D68/SUM($B68:$Q68) -> #VALUE! | E69: =E68/SUM($B68:$Q68) -> #VALUE! | F69: =F68/SUM($B68:$Q68) -> #VALUE! | G69: =G68/SUM($B68:$Q68) -> #VALUE! | H69: =H68/SUM($B68:$Q68) -> #VALUE! | I69: =I68/SUM($B68:$Q68) -> #VALUE! | J69: =J68/SUM($B68:$Q68) -> #VALUE! | ... AF69: =AF68/SUM($B68:$Q68) -> #VALUE!
A72: Adequecy (Per Crop) | B72: 1 | C72: 2 | D72: 3 | E72: 4 | F72: 5 | G72: 6 | H72: 7 | I72: 8 | J72: 9 | K72: 10 | L72: 11 | M72: 12 | N72: 13 | O72: 14 | P72: 15 | Q72: 16 | R72: 17 | S72: 18 | T72: 19 | U72: 20 | V72: 21 | W72: 22 | X72: 23 | Y72: 24 | Z72: 25 | AA72: 40 | AB72: 41 | AC72: 42 | AD72: 43 | AE72: 44 | AF72: 45
A73: 2018 | B73: =IF(B63>0,1-AVERAGEIFS('[3]Data(perSeason,perCrop)'!$E:$E,'[3]Data(perSeason,perCrop)'!$S:$S,$A63,'[3]Data(perSeason,perCrop)'!$O:$O,B60,'[3]Data(perSeason,perCrop)'!$C:$C,B$32,'[3]Data(perSeason,perCrop)'!$R:$R,"IRRIGATED")/AVERAGEIFS('[3]Data(perSeason,perCrop)'!$F:$F,'[3]Data(perSeason,perCrop)'!$S:$S,$A63,'[3]Data(perSeason,perCrop)'!$O:$O,B$31,'[3]Data(perSeason,perCrop)'!$C:$C,[3]Indicators!B$3,'[3]Data(perSeason,perCrop)'!$R:$R,"IRRIGATED"),"") -> #VALUE! | C73: =IF(C63>0,1-AVERAGEIFS('[3]Data(perSeason,perCrop)'!$E:$E,'[3]Data(perSeason,perCrop)'!$S:$S,$A63,'[3]Data(perSeason,perCrop)'!$O:$O,C60,'[3]Data(perSeason,perCrop)'!$C:$C,C$32,'[3]Data(perSeason,perCrop)'!$R:$R,"IRRIGATED")/AVERAGEIFS('[3]Data(perSeason,perCrop)'!$F:$F,'[3]Data(perSeason,perCrop)'!$S:$S,$A63,'[3]Data(perSeason,perCrop)'!$O:$O,C$31,'[3]Data(perSeason,perCrop)'!$C:$C,[3]Indicators!C$3,'[3]Data(perSeason,perCrop)'!$R:$R,"IRRIGATED"),"") -> #VALUE! | D73: =IF(D63>0,1-AVERAGEIFS('[3]Data(perSeason,perCrop)'!$E:$E,'[3]Data(perSeason,perCrop)'!$S:$S,$A63,'[3]Data(perSeason,perCrop)'!$O:$O,D60,'[3]Data(perSeason,perCrop)'!$C:$C,D$32,'[3]Data(perSeason,perCrop)'!$R:$R,"IRRIGATED")/AVERAGEIFS('[3]Data(perSeason,perCrop)'!$F:$F,'[3]Data(perSeason,perCrop)'!$S:$S,$A63,'[3]Data(perSeason,perCrop)'!$O:$O,D$31,'[3]Data(perSeason,perCrop)'!$C:$C,[3]Indicators!D$3,'[3]Data(perSeason,perCrop)'!$R:$R,"IRRIGATED"),"") -> #VALUE! | E73: =IF(E63>0,1-AVERAGEIFS('[3]Data(perSeason,perCrop)'!$E:$E,'[3]Data(perSeason,perCrop)'!$S:$S,$A63,'[3]Data(perSeason,perCrop)'!$O:$O,E60,'[3]Data(perSeason,perCrop)'!$C:$C,E$32,'[3]Data(perSeason,perCrop)'!$R:$R,"IRRIGATED")/AVERAGEIFS('[3]Data(perSeason,perCrop)'!$F:$F,'[3]Data(perSeason,perCrop)'!$S:$S,$A63,'[3]Data(perSeason,perCrop)'!$O:$O,E$31,'[3]Data(perSeason,perCrop)'!$C:$C,[3]Indicators!E$3,'[3]Data(perSeason,perCrop)'!$R:$R,"IRRIGATED"),"") -> #VALUE! | F73: =IF(F63>0,1-AVERAGEIFS('[3]Data(perSeason,perCrop)'!$E:$E,'[3]Data(perSeason,perCrop)'!$S:$S,$A63,'[3]Data(perSeason,perCrop)'!$O:$O,F60,'[3]Data(perSeason,perCrop)'!$C:$C,F$32,'[3]Data(perSeason,perCrop)'!$R:$R,"IRRIGATED")/AVERAGEIFS('[3]Data(perSeason,perCrop)'!$F:$F,'[3]Data(perSeason,perCrop)'!$S:$S,$A63,'[3]Data(perSeason,perCrop)'!$O:$O,F$31,'[3]Data(perSeason,perCrop)'!$C:$C,[3]Indicators!F$3,'[3]Data(perSeason,perCrop)'!$R:$R,"IRRIGATED"),"") -> #VALUE! | G73: =IF(G63>0,1-AVERAGEIFS('[3]Data(perSeason,perCrop)'!$E:$E,'[3]Data(perSeason,perCrop)'!$S:$S,$A63,'[3]Data(perSeason,perCrop)'!$O:$O,G60,'[3]Data(perSeason,perCrop)'!$C:$C,G$32,'[3]Data(perSeason,perCrop)'!$R:$R,"IRRIGATED")/AVERAGEIFS('[3]Data(perSeason,perCrop)'!$F:$F,'[3]Data(perSeason,perCrop)'!$S:$S,$A63,'[3]Data(perSeason,perCrop)'!$O:$O,G$31,'[3]Data(perSeason,perCrop)'!$C:$C,[3]Indicators!G$3,'[3]Data(perSeason,perCrop)'!$R:$R,"IRRIGATED"),"") -> #VALUE! | H73: =IF(H63>0,1-AVERAGEIFS('[3]Data(perSeason,perCrop)'!$E:$E,'[3]Data(perSeason,perCrop)'!$S:$S,$A63,'[3]Data(perSeason,perCrop)'!$O:$O,H60,'[3]Data(perSeason,perCrop)'!$C:$C,H$32,'[3]Data(perSeason,perCrop)'!$R:$R,"IRRIGATED")/AVERAGEIFS('[3]Data(perSeason,perCrop)'!$F:$F,'[3]Data(perSeason,perCrop)'!$S:$S,$A63,'[3]Data(perSeason,perCrop)'!$O:$O,H$31,'[3]Data(perSeason,perCrop)'!$C:$C,[3]Indicators!H$3,'[3]Data(perSeason,perCrop)'!$R:$R,"IRRIGATED"),"") -> #VALUE! | I73: =IF(I63>0,1-AVERAGEIFS('[3]Data(perSeason,perCrop)'!$E:$E,'[3]Data(perSeason,perCrop)'!$S:$S,$A63,'[3]Data(perSeason,perCrop)'!$O:$O,I60,'[3]Data(perSeason,perCrop)'!$C:$C,I$32,'[3]Data(perSeason,perCrop)'!$R:$R,"IRRIGATED")/AVERAGEIFS('[3]Data(perSeason,perCrop)'!$F:$F,'[3]Data(perSeason,perCrop)'!$S:$S,$A63,'[3]Data(perSeason,perCrop)'!$O:$O,I$31,'[3]Data(perSeason,perCrop)'!$C:$C,[3]Indicators!I$3,'[3]Data(perSeason,perCrop)'!$R:$R,"IRRIGATED"),"") -> #VALUE! | ... AF73: =IF(AF63>0,1-AVERAGEIFS('[3]Data(perSeason,perCrop)'!$E:$E,'[3]Data(perSeason,perCrop)'!$S:$S,$A63,'[3]Data(perSeason,perCrop)'!$O:$O,AF60,'[3]Data(perSeason,perCrop)'!$C:$C,AF$32,'[3]Data(perSeason,perCrop)'!$R:$R,"IRRIGATED")/AVERAGEIFS('[3]Data(perSeason,perCrop)'!$F:$F,'[3]Data(perSeason,perCrop)'!$S:$S,$A63,'[3]Data(perSeason,perCrop)'!$O:$O,AF$31,'[3]Data(perSeason,perCrop)'!$C:$C,[3]Indicators!AF$3,'[3]Data(perSeason,perCrop)'!$R:$R,"IRRIGATED"),"") -> #VALUE!
A74: 2019 | B74: =IF(B64>0,1-AVERAGEIFS('[3]Data(perSeason,perCrop)'!$E:$E,'[3]Data(perSeason,perCrop)'!$S:$S,$A64,'[3]Data(perSeason,perCrop)'!$O:$O,B60,'[3]Data(perSeason,perCrop)'!$C:$C,[3]Indicators!B$33,'[3]Data(perSeason,perCrop)'!$R:$R,"IRRIGATED")/AVERAGEIFS('[3]Data(perSeason,perCrop)'!$F:$F,'[3]Data(perSeason,perCrop)'!$S:$S,$A64,'[3]Data(perSeason,perCrop)'!$O:$O,B$31,'[3]Data(perSeason,perCrop)'!$C:$C,[3]Indicators!B$33,'[3]Data(perSeason,perCrop)'!$R:$R,"IRRIGATED"),"") -> #VALUE! | C74: =IF(C64>0,1-AVERAGEIFS('[3]Data(perSeason,perCrop)'!$E:$E,'[3]Data(perSeason,perCrop)'!$S:$S,$A64,'[3]Data(perSeason,perCrop)'!$O:$O,C60,'[3]Data(perSeason,perCrop)'!$C:$C,[3]Indicators!C$33,'[3]Data(perSeason,perCrop)'!$R:$R,"IRRIGATED")/AVERAGEIFS('[3]Data(perSeason,perCrop)'!$F:$F,'[3]Data(perSeason,perCrop)'!$S:$S,$A64,'[3]Data(perSeason,perCrop)'!$O:$O,C$31,'[3]Data(perSeason,perCrop)'!$C:$C,[3]Indicators!C$33,'[3]Data(perSeason,perCrop)'!$R:$R,"IRRIGATED"),"") -> #VALUE! | D74: =IF(D64>0,1-AVERAGEIFS('[3]Data(perSeason,perCrop)'!$E:$E,'[3]Data(perSeason,perCrop)'!$S:$S,$A64,'[3]Data(perSeason,perCrop)'!$O:$O,D60,'[3]Data(perSeason,perCrop)'!$C:$C,[3]Indicators!D$33,'[3]Data(perSeason,perCrop)'!$R:$R,"IRRIGATED")/AVERAGEIFS('[3]Data(perSeason,perCrop)'!$F:$F,'[3]Data(perSeason,perCrop)'!$S:$S,$A64,'[3]Data(perSeason,perCrop)'!$O:$O,D$31,'[3]Data(perSeason,perCrop)'!$C:$C,[3]Indicators!D$33,'[3]Data(perSeason,perCrop)'!$R:$R,"IRRIGATED"),"") -> #VALUE! | E74: =IF(E64>0,1-AVERAGEIFS('[3]Data(perSeason,perCrop)'!$E:$E,'[3]Data(perSeason,perCrop)'!$S:$S,$A64,'[3]Data(perSeason,perCrop)'!$O:$O,E60,'[3]Data(perSeason,perCrop)'!$C:$C,[3]Indicators!E$33,'[3]Data(perSeason,perCrop)'!$R:$R,"IRRIGATED")/AVERAGEIFS('[3]Data(perSeason,perCrop)'!$F:$F,'[3]Data(perSeason,perCrop)'!$S:$S,$A64,'[3]Data(perSeason,perCrop)'!$O:$O,E$31,'[3]Data(perSeason,perCrop)'!$C:$C,[3]Indicators!E$33,'[3]Data(perSeason,perCrop)'!$R:$R,"IRRIGATED"),"") -> #VALUE! | F74: =IF(F64>0,1-AVERAGEIFS('[3]Data(perSeason,perCrop)'!$E:$E,'[3]Data(perSeason,perCrop)'!$S:$S,$A64,'[3]Data(perSeason,perCrop)'!$O:$O,F60,'[3]Data(perSeason,perCrop)'!$C:$C,[3]Indicators!F$33,'[3]Data(perSeason,perCrop)'!$R:$R,"IRRIGATED")/AVERAGEIFS('[3]Data(perSeason,perCrop)'!$F:$F,'[3]Data(perSeason,perCrop)'!$S:$S,$A64,'[3]Data(perSeason,perCrop)'!$O:$O,F$31,'[3]Data(perSeason,perCrop)'!$C:$C,[3]Indicators!F$33,'[3]Data(perSeason,perCrop)'!$R:$R,"IRRIGATED"),"") -> #VALUE! | G74: =IF(G64>0,1-AVERAGEIFS('[3]Data(perSeason,perCrop)'!$E:$E,'[3]Data(perSeason,perCrop)'!$S:$S,$A64,'[3]Data(perSeason,perCrop)'!$O:$O,G60,'[3]Data(perSeason,perCrop)'!$C:$C,[3]Indicators!G$33,'[3]Data(perSeason,perCrop)'!$R:$R,"IRRIGATED")/AVERAGEIFS('[3]Data(perSeason,perCrop)'!$F:$F,'[3]Data(perSeason,perCrop)'!$S:$S,$A64,'[3]Data(perSeason,perCrop)'!$O:$O,G$31,'[3]Data(perSeason,perCrop)'!$C:$C,[3]Indicators!G$33,'[3]Data(perSeason,perCrop)'!$R:$R,"IRRIGATED"),"") -> #VALUE! | H74: =IF(H64>0,1-AVERAGEIFS('[3]Data(perSeason,perCrop)'!$E:$E,'[3]Data(perSeason,perCrop)'!$S:$S,$A64,'[3]Data(perSeason,perCrop)'!$O:$O,H60,'[3]Data(perSeason,perCrop)'!$C:$C,[3]Indicators!H$33,'[3]Data(perSeason,perCrop)'!$R:$R,"IRRIGATED")/AVERAGEIFS('[3]Data(perSeason,perCrop)'!$F:$F,'[3]Data(perSeason,perCrop)'!$S:$S,$A64,'[3]Data(perSeason,perCrop)'!$O:$O,H$31,'[3]Data(perSeason,perCrop)'!$C:$C,[3]Indicators!H$33,'[3]Data(perSeason,perCrop)'!$R:$R,"IRRIGATED"),"") -> #VALUE! | I74: =IF(I64>0,1-AVERAGEIFS('[3]Data(perSeason,perCrop)'!$E:$E,'[3]Data(perSeason,perCrop)'!$S:$S,$A64,'[3]Data(perSeason,perCrop)'!$O:$O,I60,'[3]Data(perSeason,perCrop)'!$C:$C,[3]Indicators!I$33,'[3]Data(perSeason,perCrop)'!$R:$R,"IRRIGATED")/AVERAGEIFS('[3]Data(perSeason,perCrop)'!$F:$F,'[3]Data(perSeason,perCrop)'!$S:$S,$A64,'[3]Data(perSeason,perCrop)'!$O:$O,I$31,'[3]Data(perSeason,perCrop)'!$C:$C,[3]Indicators!I$33,'[3]Data(perSeason,perCrop)'!$R:$R,"IRRIGATED"),"") -> #VALUE! | ... AF74: =IF(AF64>0,1-AVERAGEIFS('[3]Data(perSeason,perCrop)'!$E:$E,'[3]Data(perSeason,perCrop)'!$S:$S,$A64,'[3]Data(perSeason,perCrop)'!$O:$O,AF60,'[3]Data(perSeason,perCrop)'!$C:$C,[3]Indicators!AF$33,'[3]Data(perSeason,perCrop)'!$R:$R,"IRRIGATED")/AVERAGEIFS('[3]Data(perSeason,perCrop)'!$F:$F,'[3]Data(perSeason,perCrop)'!$S:$S,$A64,'[3]Data(perSeason,perCrop)'!$O:$O,AF$31,'[3]Data(perSeason,perCrop)'!$C:$C,[3]Indicators!AF$33,'[3]Data(perSeason,perCrop)'!$R:$R,"IRRIGATED"),"") -> #VALUE!
A75: 2020 | B75: =IF(B65>0,1-AVERAGEIFS('[3]Data(perSeason,perCrop)'!$E:$E,'[3]Data(perSeason,perCrop)'!$S:$S,$A65,'[3]Data(perSeason,perCrop)'!$O:$O,B60,'[3]Data(perSeason,perCrop)'!$C:$C,[3]Indicators!B$33,'[3]Data(perSeason,perCrop)'!$R:$R,"IRRIGATED")/AVERAGEIFS('[3]Data(perSeason,perCrop)'!$F:$F,'[3]Data(perSeason,perCrop)'!$S:$S,$A65,'[3]Data(perSeason,perCrop)'!$O:$O,B$31,'[3]Data(perSeason,perCrop)'!$C:$C,[3]Indicators!B$33,'[3]Data(perSeason,perCrop)'!$R:$R,"IRRIGATED"),"") -> #VALUE! | C75: =IF(C65>0,1-AVERAGEIFS('[3]Data(perSeason,perCrop)'!$E:$E,'[3]Data(perSeason,perCrop)'!$S:$S,$A65,'[3]Data(perSeason,perCrop)'!$O:$O,C60,'[3]Data(perSeason,perCrop)'!$C:$C,[3]Indicators!C$33,'[3]Data(perSeason,perCrop)'!$R:$R,"IRRIGATED")/AVERAGEIFS('[3]Data(perSeason,perCrop)'!$F:$F,'[3]Data(perSeason,perCrop)'!$S:$S,$A65,'[3]Data(perSeason,perCrop)'!$O:$O,C$31,'[3]Data(perSeason,perCrop)'!$C:$C,[3]Indicators!C$33,'[3]Data(perSeason,perCrop)'!$R:$R,"IRRIGATED"),"") -> #VALUE! | D75: =IF(D65>0,1-AVERAGEIFS('[3]Data(perSeason,perCrop)'!$E:$E,'[3]Data(perSeason,perCrop)'!$S:$S,$A65,'[3]Data(perSeason,perCrop)'!$O:$O,D60,'[3]Data(perSeason,perCrop)'!$C:$C,[3]Indicators!D$33,'[3]Data(perSeason,perCrop)'!$R:$R,"IRRIGATED")/AVERAGEIFS('[3]Data(perSeason,perCrop)'!$F:$F,'[3]Data(perSeason,perCrop)'!$S:$S,$A65,'[3]Data(perSeason,perCrop)'!$O:$O,D$31,'[3]Data(perSeason,perCrop)'!$C:$C,[3]Indicators!D$33,'[3]Data(perSeason,perCrop)'!$R:$R,"IRRIGATED"),"") -> #VALUE! | E75: =IF(E65>0,1-AVERAGEIFS('[3]Data(perSeason,perCrop)'!$E:$E,'[3]Data(perSeason,perCrop)'!$S:$S,$A65,'[3]Data(perSeason,perCrop)'!$O:$O,E60,'[3]Data(perSeason,perCrop)'!$C:$C,[3]Indicators!E$33,'[3]Data(perSeason,perCrop)'!$R:$R,"IRRIGATED")/AVERAGEIFS('[3]Data(perSeason,perCrop)'!$F:$F,'[3]Data(perSeason,perCrop)'!$S:$S,$A65,'[3]Data(perSeason,perCrop)'!$O:$O,E$31,'[3]Data(perSeason,perCrop)'!$C:$C,[3]Indicators!E$33,'[3]Data(perSeason,perCrop)'!$R:$R,"IRRIGATED"),"") -> #VALUE! | F75: =IF(F65>0,1-AVERAGEIFS('[3]Data(perSeason,perCrop)'!$E:$E,'[3]Data(perSeason,perCrop)'!$S:$S,$A65,'[3]Data(perSeason,perCrop)'!$O:$O,F60,'[3]Data(perSeason,perCrop)'!$C:$C,[3]Indicators!F$33,'[3]Data(perSeason,perCrop)'!$R:$R,"IRRIGATED")/AVERAGEIFS('[3]Data(perSeason,perCrop)'!$F:$F,'[3]Data(perSeason,perCrop)'!$S:$S,$A65,'[3]Data(perSeason,perCrop)'!$O:$O,F$31,'[3]Data(perSeason,perCrop)'!$C:$C,[3]Indicators!F$33,'[3]Data(perSeason,perCrop)'!$R:$R,"IRRIGATED"),"") -> #VALUE! | G75: =IF(G65>0,1-AVERAGEIFS('[3]Data(perSeason,perCrop)'!$E:$E,'[3]Data(perSeason,perCrop)'!$S:$S,$A65,'[3]Data(perSeason,perCrop)'!$O:$O,G60,'[3]Data(perSeason,perCrop)'!$C:$C,[3]Indicators!G$33,'[3]Data(perSeason,perCrop)'!$R:$R,"IRRIGATED")/AVERAGEIFS('[3]Data(perSeason,perCrop)'!$F:$F,'[3]Data(perSeason,perCrop)'!$S:$S,$A65,'[3]Data(perSeason,perCrop)'!$O:$O,G$31,'[3]Data(perSeason,perCrop)'!$C:$C,[3]Indicators!G$33,'[3]Data(perSeason,perCrop)'!$R:$R,"IRRIGATED"),"") -> #VALUE! | H75: =IF(H65>0,1-AVERAGEIFS('[3]Data(perSeason,perCrop)'!$E:$E,'[3]Data(perSeason,perCrop)'!$S:$S,$A65,'[3]Data(perSeason,perCrop)'!$O:$O,H60,'[3]Data(perSeason,perCrop)'!$C:$C,[3]Indicators!H$33,'[3]Data(perSeason,perCrop)'!$R:$R,"IRRIGATED")/AVERAGEIFS('[3]Data(perSeason,perCrop)'!$F:$F,'[3]Data(perSeason,perCrop)'!$S:$S,$A65,'[3]Data(perSeason,perCrop)'!$O:$O,H$31,'[3]Data(perSeason,perCrop)'!$C:$C,[3]Indicators!H$33,'[3]Data(perSeason,perCrop)'!$R:$R,"IRRIGATED"),"") -> #VALUE! | I75: =IF(I65>0,1-AVERAGEIFS('[3]Data(perSeason,perCrop)'!$E:$E,'[3]Data(perSeason,perCrop)'!$S:$S,$A65,'[3]Data(perSeason,perCrop)'!$O:$O,I60,'[3]Data(perSeason,perCrop)'!$C:$C,[3]Indicators!I$33,'[3]Data(perSeason,perCrop)'!$R:$R,"IRRIGATED")/AVERAGEIFS('[3]Data(perSeason,perCrop)'!$F:$F,'[3]Data(perSeason,perCrop)'!$S:$S,$A65,'[3]Data(perSeason,perCrop)'!$O:$O,I$31,'[3]Data(perSeason,perCrop)'!$C:$C,[3]Indicators!I$33,'[3]Data(perSeason,perCrop)'!$R:$R,"IRRIGATED"),"") -> #VALUE! | ... AF75: =IF(AF65>0,1-AVERAGEIFS('[3]Data(perSeason,perCrop)'!$E:$E,'[3]Data(perSeason,perCrop)'!$S:$S,$A65,'[3]Data(perSeason,perCrop)'!$O:$O,AF60,'[3]Data(perSeason,perCrop)'!$C:$C,[3]Indicators!AF$33,'[3]Data(perSeason,perCrop)'!$R:$R,"IRRIGATED")/AVERAGEIFS('[3]Data(perSeason,perCrop)'!$F:$F,'[3]Data(perSeason,perCrop)'!$S:$S,$A65,'[3]Data(perSeason,perCrop)'!$O:$O,AF$31,'[3]Data(perSeason,perCrop)'!$C:$C,[3]Indicators!AF$33,'[3]Data(perSeason,perCrop)'!$R:$R,"IRRIGATED"),"") -> #VALUE!
A76: 2021 | B76: =IF(B66>0,1-AVERAGEIFS('[3]Data(perSeason,perCrop)'!$E:$E,'[3]Data(perSeason,perCrop)'!$S:$S,$A66,'[3]Data(perSeason,perCrop)'!$O:$O,B60,'[3]Data(perSeason,perCrop)'!$C:$C,[3]Indicators!B$33,'[3]Data(perSeason,perCrop)'!$R:$R,"IRRIGATED")/AVERAGEIFS('[3]Data(perSeason,perCrop)'!$F:$F,'[3]Data(perSeason,perCrop)'!$S:$S,$A66,'[3]Data(perSeason,perCrop)'!$O:$O,B$31,'[3]Data(perSeason,perCrop)'!$C:$C,[3]Indicators!B$33,'[3]Data(perSeason,perCrop)'!$R:$R,"IRRIGATED"),"") -> #VALUE! | C76: =IF(C66>0,1-AVERAGEIFS('[3]Data(perSeason,perCrop)'!$E:$E,'[3]Data(perSeason,perCrop)'!$S:$S,$A66,'[3]Data(perSeason,perCrop)'!$O:$O,C60,'[3]Data(perSeason,perCrop)'!$C:$C,[3]Indicators!C$33,'[3]Data(perSeason,perCrop)'!$R:$R,"IRRIGATED")/AVERAGEIFS('[3]Data(perSeason,perCrop)'!$F:$F,'[3]Data(perSeason,perCrop)'!$S:$S,$A66,'[3]Data(perSeason,perCrop)'!$O:$O,C$31,'[3]Data(perSeason,perCrop)'!$C:$C,[3]Indicators!C$33,'[3]Data(perSeason,perCrop)'!$R:$R,"IRRIGATED"),"") -> #VALUE! | D76: =IF(D66>0,1-AVERAGEIFS('[3]Data(perSeason,perCrop)'!$E:$E,'[3]Data(perSeason,perCrop)'!$S:$S,$A66,'[3]Data(perSeason,perCrop)'!$O:$O,D60,'[3]Data(perSeason,perCrop)'!$C:$C,[3]Indicators!D$33,'[3]Data(perSeason,perCrop)'!$R:$R,"IRRIGATED")/AVERAGEIFS('[3]Data(perSeason,perCrop)'!$F:$F,'[3]Data(perSeason,perCrop)'!$S:$S,$A66,'[3]Data(perSeason,perCrop)'!$O:$O,D$31,'[3]Data(perSeason,perCrop)'!$C:$C,[3]Indicators!D$33,'[3]Data(perSeason,perCrop)'!$R:$R,"IRRIGATED"),"") -> #VALUE! | E76: =IF(E66>0,1-AVERAGEIFS('[3]Data(perSeason,perCrop)'!$E:$E,'[3]Data(perSeason,perCrop)'!$S:$S,$A66,'[3]Data(perSeason,perCrop)'!$O:$O,E60,'[3]Data(perSeason,perCrop)'!$C:$C,[3]Indicators!E$33,'[3]Data(perSeason,perCrop)'!$R:$R,"IRRIGATED")/AVERAGEIFS('[3]Data(perSeason,perCrop)'!$F:$F,'[3]Data(perSeason,perCrop)'!$S:$S,$A66,'[3]Data(perSeason,perCrop)'!$O:$O,E$31,'[3]Data(perSeason,perCrop)'!$C:$C,[3]Indicators!E$33,'[3]Data(perSeason,perCrop)'!$R:$R,"IRRIGATED"),"") -> #VALUE! | F76: =IF(F66>0,1-AVERAGEIFS('[3]Data(perSeason,perCrop)'!$E:$E,'[3]Data(perSeason,perCrop)'!$S:$S,$A66,'[3]Data(perSeason,perCrop)'!$O:$O,F60,'[3]Data(perSeason,perCrop)'!$C:$C,[3]Indicators!F$33,'[3]Data(perSeason,perCrop)'!$R:$R,"IRRIGATED")/AVERAGEIFS('[3]Data(perSeason,perCrop)'!$F:$F,'[3]Data(perSeason,perCrop)'!$S:$S,$A66,'[3]Data(perSeason,perCrop)'!$O:$O,F$31,'[3]Data(perSeason,perCrop)'!$C:$C,[3]Indicators!F$33,'[3]Data(perSeason,perCrop)'!$R:$R,"IRRIGATED"),"") -> #VALUE! | G76: =IF(G66>0,1-AVERAGEIFS('[3]Data(perSeason,perCrop)'!$E:$E,'[3]Data(perSeason,perCrop)'!$S:$S,$A66,'[3]Data(perSeason,perCrop)'!$O:$O,G60,'[3]Data(perSeason,perCrop)'!$C:$C,[3]Indicators!G$33,'[3]Data(perSeason,perCrop)'!$R:$R,"IRRIGATED")/AVERAGEIFS('[3]Data(perSeason,perCrop)'!$F:$F,'[3]Data(perSeason,perCrop)'!$S:$S,$A66,'[3]Data(perSeason,perCrop)'!$O:$O,G$31,'[3]Data(perSeason,perCrop)'!$C:$C,[3]Indicators!G$33,'[3]Data(perSeason,perCrop)'!$R:$R,"IRRIGATED"),"") -> #VALUE! | H76: =IF(H66>0,1-AVERAGEIFS('[3]Data(perSeason,perCrop)'!$E:$E,'[3]Data(perSeason,perCrop)'!$S:$S,$A66,'[3]Data(perSeason,perCrop)'!$O:$O,H60,'[3]Data(perSeason,perCrop)'!$C:$C,[3]Indicators!H$33,'[3]Data(perSeason,perCrop)'!$R:$R,"IRRIGATED")/AVERAGEIFS('[3]Data(perSeason,perCrop)'!$F:$F,'[3]Data(perSeason,perCrop)'!$S:$S,$A66,'[3]Data(perSeason,perCrop)'!$O:$O,H$31,'[3]Data(perSeason,perCrop)'!$C:$C,[3]Indicators!H$33,'[3]Data(perSeason,perCrop)'!$R:$R,"IRRIGATED"),"") -> #VALUE! | I76: =IF(I66>0,1-AVERAGEIFS('[3]Data(perSeason,perCrop)'!$E:$E,'[3]Data(perSeason,perCrop)'!$S:$S,$A66,'[3]Data(perSeason,perCrop)'!$O:$O,I60,'[3]Data(perSeason,perCrop)'!$C:$C,[3]Indicators!I$33,'[3]Data(perSeason,perCrop)'!$R:$R,"IRRIGATED")/AVERAGEIFS('[3]Data(perSeason,perCrop)'!$F:$F,'[3]Data(perSeason,perCrop)'!$S:$S,$A66,'[3]Data(perSeason,perCrop)'!$O:$O,I$31,'[3]Data(perSeason,perCrop)'!$C:$C,[3]Indicators!I$33,'[3]Data(perSeason,perCrop)'!$R:$R,"IRRIGATED"),"") -> #VALUE! | ... AF76: =IF(AF66>0,1-AVERAGEIFS('[3]Data(perSeason,perCrop)'!$E:$E,'[3]Data(perSeason,perCrop)'!$S:$S,$A66,'[3]Data(perSeason,perCrop)'!$O:$O,AF60,'[3]Data(perSeason,perCrop)'!$C:$C,[3]Indicators!AF$33,'[3]Data(perSeason,perCrop)'!$R:$R,"IRRIGATED")/AVERAGEIFS('[3]Data(perSeason,perCrop)'!$F:$F,'[3]Data(perSeason,perCrop)'!$S:$S,$A66,'[3]Data(perSeason,perCrop)'!$O:$O,AF$31,'[3]Data(perSeason,perCrop)'!$C:$C,[3]Indicators!AF$33,'[3]Data(perSeason,perCrop)'!$R:$R,"IRRIGATED"),"") -> #VALUE!
A77: 2022 | B77: =IF(B67>0,1-AVERAGEIFS('[3]Data(perSeason,perCrop)'!$E:$E,'[3]Data(perSeason,perCrop)'!$S:$S,$A67,'[3]Data(perSeason,perCrop)'!$O:$O,B60,'[3]Data(perSeason,perCrop)'!$C:$C,[3]Indicators!B$33,'[3]Data(perSeason,perCrop)'!$R:$R,"IRRIGATED")/AVERAGEIFS('[3]Data(perSeason,perCrop)'!$F:$F,'[3]Data(perSeason,perCrop)'!$S:$S,$A67,'[3]Data(perSeason,perCrop)'!$O:$O,B$31,'[3]Data(perSeason,perCrop)'!$C:$C,[3]Indicators!B$33,'[3]Data(perSeason,perCrop)'!$R:$R,"IRRIGATED"),"") -> #VALUE! | C77: =IF(C67>0,1-AVERAGEIFS('[3]Data(perSeason,perCrop)'!$E:$E,'[3]Data(perSeason,perCrop)'!$S:$S,$A67,'[3]Data(perSeason,perCrop)'!$O:$O,C60,'[3]Data(perSeason,perCrop)'!$C:$C,[3]Indicators!C$33,'[3]Data(perSeason,perCrop)'!$R:$R,"IRRIGATED")/AVERAGEIFS('[3]Data(perSeason,perCrop)'!$F:$F,'[3]Data(perSeason,perCrop)'!$S:$S,$A67,'[3]Data(perSeason,perCrop)'!$O:$O,C$31,'[3]Data(perSeason,perCrop)'!$C:$C,[3]Indicators!C$33,'[3]Data(perSeason,perCrop)'!$R:$R,"IRRIGATED"),"") -> #VALUE! | D77: =IF(D67>0,1-AVERAGEIFS('[3]Data(perSeason,perCrop)'!$E:$E,'[3]Data(perSeason,perCrop)'!$S:$S,$A67,'[3]Data(perSeason,perCrop)'!$O:$O,D60,'[3]Data(perSeason,perCrop)'!$C:$C,[3]Indicators!D$33,'[3]Data(perSeason,perCrop)'!$R:$R,"IRRIGATED")/AVERAGEIFS('[3]Data(perSeason,perCrop)'!$F:$F,'[3]Data(perSeason,perCrop)'!$S:$S,$A67,'[3]Data(perSeason,perCrop)'!$O:$O,D$31,'[3]Data(perSeason,perCrop)'!$C:$C,[3]Indicators!D$33,'[3]Data(perSeason,perCrop)'!$R:$R,"IRRIGATED"),"") -> #VALUE! | E77: =IF(E67>0,1-AVERAGEIFS('[3]Data(perSeason,perCrop)'!$E:$E,'[3]Data(perSeason,perCrop)'!$S:$S,$A67,'[3]Data(perSeason,perCrop)'!$O:$O,E60,'[3]Data(perSeason,perCrop)'!$C:$C,[3]Indicators!E$33,'[3]Data(perSeason,perCrop)'!$R:$R,"IRRIGATED")/AVERAGEIFS('[3]Data(perSeason,perCrop)'!$F:$F,'[3]Data(perSeason,perCrop)'!$S:$S,$A67,'[3]Data(perSeason,perCrop)'!$O:$O,E$31,'[3]Data(perSeason,perCrop)'!$C:$C,[3]Indicators!E$33,'[3]Data(perSeason,perCrop)'!$R:$R,"IRRIGATED"),"") -> #VALUE! | F77: =IF(F67>0,1-AVERAGEIFS('[3]Data(perSeason,perCrop)'!$E:$E,'[3]Data(perSeason,perCrop)'!$S:$S,$A67,'[3]Data(perSeason,perCrop)'!$O:$O,F60,'[3]Data(perSeason,perCrop)'!$C:$C,[3]Indicators!F$33,'[3]Data(perSeason,perCrop)'!$R:$R,"IRRIGATED")/AVERAGEIFS('[3]Data(perSeason,perCrop)'!$F:$F,'[3]Data(perSeason,perCrop)'!$S:$S,$A67,'[3]Data(perSeason,perCrop)'!$O:$O,F$31,'[3]Data(perSeason,perCrop)'!$C:$C,[3]Indicators!F$33,'[3]Data(perSeason,perCrop)'!$R:$R,"IRRIGATED"),"") -> #VALUE! | G77: =IF(G67>0,1-AVERAGEIFS('[3]Data(perSeason,perCrop)'!$E:$E,'[3]Data(perSeason,perCrop)'!$S:$S,$A67,'[3]Data(perSeason,perCrop)'!$O:$O,G60,'[3]Data(perSeason,perCrop)'!$C:$C,[3]Indicators!G$33,'[3]Data(perSeason,perCrop)'!$R:$R,"IRRIGATED")/AVERAGEIFS('[3]Data(perSeason,perCrop)'!$F:$F,'[3]Data(perSeason,perCrop)'!$S:$S,$A67,'[3]Data(perSeason,perCrop)'!$O:$O,G$31,'[3]Data(perSeason,perCrop)'!$C:$C,[3]Indicators!G$33,'[3]Data(perSeason,perCrop)'!$R:$R,"IRRIGATED"),"") -> #VALUE! | H77: =IF(H67>0,1-AVERAGEIFS('[3]Data(perSeason,perCrop)'!$E:$E,'[3]Data(perSeason,perCrop)'!$S:$S,$A67,'[3]Data(perSeason,perCrop)'!$O:$O,H60,'[3]Data(perSeason,perCrop)'!$C:$C,[3]Indicators!H$33,'[3]Data(perSeason,perCrop)'!$R:$R,"IRRIGATED")/AVERAGEIFS('[3]Data(perSeason,perCrop)'!$F:$F,'[3]Data(perSeason,perCrop)'!$S:$S,$A67,'[3]Data(perSeason,perCrop)'!$O:$O,H$31,'[3]Data(perSeason,perCrop)'!$C:$C,[3]Indicators!H$33,'[3]Data(perSeason,perCrop)'!$R:$R,"IRRIGATED"),"") -> #VALUE! | I77: =IF(I67>0,1-AVERAGEIFS('[3]Data(perSeason,perCrop)'!$E:$E,'[3]Data(perSeason,perCrop)'!$S:$S,$A67,'[3]Data(perSeason,perCrop)'!$O:$O,I60,'[3]Data(perSeason,perCrop)'!$C:$C,[3]Indicators!I$33,'[3]Data(perSeason,perCrop)'!$R:$R,"IRRIGATED")/AVERAGEIFS('[3]Data(perSeason,perCrop)'!$F:$F,'[3]Data(perSeason,perCrop)'!$S:$S,$A67,'[3]Data(perSeason,perCrop)'!$O:$O,I$31,'[3]Data(perSeason,perCrop)'!$C:$C,[3]Indicators!I$33,'[3]Data(perSeason,perCrop)'!$R:$R,"IRRIGATED"),"") -> #VALUE! | ... AF77: =IF(AF67>0,1-AVERAGEIFS('[3]Data(perSeason,perCrop)'!$E:$E,'[3]Data(perSeason,perCrop)'!$S:$S,$A67,'[3]Data(perSeason,perCrop)'!$O:$O,AF60,'[3]Data(perSeason,perCrop)'!$C:$C,[3]Indicators!AF$33,'[3]Data(perSeason,perCrop)'!$R:$R,"IRRIGATED")/AVERAGEIFS('[3]Data(perSeason,perCrop)'!$F:$F,'[3]Data(perSeason,perCrop)'!$S:$S,$A67,'[3]Data(perSeason,perCrop)'!$O:$O,AF$31,'[3]Data(perSeason,perCrop)'!$C:$C,[3]Indicators!AF$33,'[3]Data(perSeason,perCrop)'!$R:$R,"IRRIGATED"),"") -> #VALUE!
A79: Adequecy (Kharif) | B79: Adequecy
A80: 2018 | B80: =IF(COUNTIFS('[3]Data(perSeason,perCrop)'!$S:$S,[3]Indicators!$A81)>0,SUMPRODUCT(B63:AF63,B73:AF73)/SUM(B63:AF63),"") -> #VALUE!
A81: 2019 | B81: =IF(COUNTIFS('[3]Data(perSeason,perCrop)'!$S:$S,[3]Indicators!$A82)>0,SUMPRODUCT(B64:AF64,B74:AF74)/SUM(B64:AF64),"") -> #VALUE!
A82: 2020 | B82: =IF(COUNTIFS('[3]Data(perSeason,perCrop)'!$S:$S,[3]Indicators!$A83)>0,SUMPRODUCT(B65:AF65,B75:AF75)/SUM(B65:AF65),"") -> #VALUE!
A83: 2021 | B83: =IF(COUNTIFS('[3]Data(perSeason,perCrop)'!$S:$S,[3]Indicators!$A84)>0,SUMPRODUCT(B66:AF66,B76:AF76)/SUM(B66:AF66),"") -> #VALUE!
A84: 2022 | B84: =IF(COUNTIFS('[3]Data(perSeason,perCrop)'!$S:$S,[3]Indicators!$A85)>0,SUMPRODUCT(B67:AF67,B77:AF77)/SUM(B67:AF67),"") -> #VALUE!
A85: Average | B85: =AVERAGE(B80:B84) -> #VALUE!

Sheet Productivity
A2: PRODUCTIVITY | B2: KHARIF | C2: RABI | D2: ZAID | E2: ANNUAL
A3: 2018 | B3: =B90 -> 2.1635978 | C3: =B135 -> 2.7661809 | D3: =B181 -> 0.71536461 | E3: =B44 -> 2.1614901
A4: 2019 | B4: =B91 -> 1.7275766 | C4: =B136 -> 2.950546 | D4: =B182 -> 1.2490339 | E4: =B45 -> 1.9342509
A5: 2020 | B5: =B92 -> 1.5282688 | C5: =B137 -> 2.3525847 | D5: =B183 -> 0.86386716 | E5: =B46 -> 1.6975784
A6: 2021 | B6: =B93 -> 1.7117526 | C6: =B138 -> 2.4470121 | D6: =B184 -> 0.64157112 | E6: =B47 -> 1.8150262
A7: 2022 | B7: =B94 -> 1.8293958 | C7: =B139 -> 2.8587856 | D7: =B185 -> 0.86010637 | E7: =B48 -> 1.9794976
A8: Average | B8: =AVERAGE(B3:B7) -> 1.7921183 | C8: =AVERAGE(C3:C7) -> 2.6750219 | D8: =AVERAGE(D3:D7) -> 0.86598863 | E8: =AVERAGE(E3:E7) -> 1.9175686
A10: ANNUAL
A11: Crop Type | B11: Double Crop Kharif/Rabi | C11: Double Crop Rabi/Zaid | D11: Triple Crop | E11: Perennial Crops | F11: Kharif Crop | G11: Rabi Crop | H11: Double Crop Kharif/Zaid | I11: Zaid Crop
A12: 2018 | B12: =SUMIFS('Data(perSeason,perCrop)'!$A:$A,'Data(perSeason,perCrop)'!$S:$S,$A12,'Data(perSeason,perCrop)'!$O:$O,0,'Data(perSeason,perCrop)'!$C:$C,B$11,'Data(perSeason,perCrop)'!$R:$R,"IRRIGATED") -> 59.843344 | C12: =SUMIFS('Data(perSeason,perCrop)'!$A:$A,'Data(perSeason,perCrop)'!$S:$S,$A12,'Data(perSeason,perCrop)'!$O:$O,0,'Data(perSeason,perCrop)'!$C:$C,C$11,'Data(perSeason,perCrop)'!$R:$R,"IRRIGATED") -> 0 | D12: =SUMIFS('Data(perSeason,perCrop)'!$A:$A,'Data(perSeason,perCrop)'!$S:$S,$A12,'Data(perSeason,perCrop)'!$O:$O,0,'Data(perSeason,perCrop)'!$C:$C,D$11,'Data(perSeason,perCrop)'!$R:$R,"IRRIGATED") -> 0 | E12: =SUMIFS('Data(perSeason,perCrop)'!$A:$A,'Data(perSeason,perCrop)'!$S:$S,$A12,'Data(perSeason,perCrop)'!$O:$O,0,'Data(perSeason,perCrop)'!$C:$C,E$11,'Data(perSeason,perCrop)'!$R:$R,"IRRIGATED") -> 674.8299 | F12: =SUMIFS('Data(perSeason,perCrop)'!$A:$A,'Data(perSeason,perCrop)'!$S:$S,$A12,'Data(perSeason,perCrop)'!$O:$O,0,'Data(perSeason,perCrop)'!$C:$C,F$11,'Data(perSeason,perCrop)'!$R:$R,"IRRIGATED") -> 6429.0186 | G12: =SUMIFS('Data(perSeason,perCrop)'!$A:$A,'Data(perSeason,perCrop)'!$S:$S,$A12,'Data(perSeason,perCrop)'!$O:$O,0,'Data(perSeason,perCrop)'!$C:$C,G$11,'Data(perSeason,perCrop)'!$R:$R,"IRRIGATED") -> 0 | H12: =SUMIFS('Data(perSeason,perCrop)'!$A:$A,'Data(perSeason,perCrop)'!$S:$S,$A12,'Data(perSeason,perCrop)'!$O:$O,0,'Data(perSeason,perCrop)'!$C:$C,H$11,'Data(perSeason,perCrop)'!$R:$R,"IRRIGATED") -> 2204.0052 | I12: =SUMIFS('Data(perSeason,perCrop)'!$A:$A,'Data(perSeason,perCrop)'!$S:$S,$A12,'Data(perSeason,perCrop)'!$O:$O,0,'Data(perSeason,perCrop)'!$C:$C,I$11,'Data(perSeason,perCrop)'!$R:$R,"IRRIGATED") -> 0
A13: 2019 | B13: =SUMIFS('Data(perSeason,perCrop)'!$A:$A,'Data(perSeason,perCrop)'!$S:$S,$A13,'Data(perSeason,perCrop)'!$O:$O,0,'Data(perSeason,perCrop)'!$C:$C,B$11,'Data(perSeason,perCrop)'!$R:$R,"IRRIGATED") -> 75.894637 | C13: =SUMIFS('Data(perSeason,perCrop)'!$A:$A,'Data(perSeason,perCrop)'!$S:$S,$A13,'Data(perSeason,perCrop)'!$O:$O,0,'Data(perSeason,perCrop)'!$C:$C,C$11,'Data(perSeason,perCrop)'!$R:$R,"IRRIGATED") -> 49.024806 | D13: =SUMIFS('Data(perSeason,perCrop)'!$A:$A,'Data(perSeason,perCrop)'!$S:$S,$A13,'Data(perSeason,perCrop)'!$O:$O,0,'Data(perSeason,perCrop)'!$C:$C,D$11,'Data(perSeason,perCrop)'!$R:$R,"IRRIGATED") -> 107.79733 | E13: =SUMIFS('Data(perSeason,perCrop)'!$A:$A,'Data(perSeason,perCrop)'!$S:$S,$A13,'Data(perSeason,perCrop)'!$O:$O,0,'Data(perSeason,perCrop)'!$C:$C,E$11,'Data(perSeason,perCrop)'!$R:$R,"IRRIGATED") -> 3035.494 | F13: =SUMIFS('Data(perSeason,perCrop)'!$A:$A,'Data(perSeason,perCrop)'!$S:$S,$A13,'Data(perSeason,perCrop)'!$O:$O,0,'Data(perSeason,perCrop)'!$C:$C,F$11,'Data(perSeason,perCrop)'!$R:$R,"IRRIGATED") -> 2517.5209 | G13: =SUMIFS('Data(perSeason,perCrop)'!$A:$A,'Data(perSeason,perCrop)'!$S:$S,$A13,'Data(perSeason,perCrop)'!$O:$O,0,'Data(perSeason,perCrop)'!$C:$C,G$11,'Data(perSeason,perCrop)'!$R:$R,"IRRIGATED") -> 80.534693 | H13: =SUMIFS('Data(perSeason,perCrop)'!$A:$A,'Data(perSeason,perCrop)'!$S:$S,$A13,'Data(perSeason,perCrop)'!$O:$O,0,'Data(perSeason,perCrop)'!$C:$C,H$11,'Data(perSeason,perCrop)'!$R:$R,"IRRIGATED") -> 4609.0601 | I13: =SUMIFS('Data(perSeason,perCrop)'!$A:$A,'Data(perSeason,perCrop)'!$S:$S,$A13,'Data(perSeason,perCrop)'!$O:$O,0,'Data(perSeason,perCrop)'!$C:$C,I$11,'Data(perSeason,perCrop)'!$R:$R,"IRRIGATED") -> 7.8892189
A14: 2020 | B14: =SUMIFS('Data(perSeason,perCrop)'!$A:$A,'Data(perSeason,perCrop)'!$S:$S,$A14,'Data(perSeason,perCrop)'!$O:$O,0,'Data(perSeason,perCrop)'!$C:$C,B$11,'Data(perSeason,perCrop)'!$R:$R,"IRRIGATED") -> 25.360404 | C14: =SUMIFS('Data(perSeason,perCrop)'!$A:$A,'Data(perSeason,perCrop)'!$S:$S,$A14,'Data(perSeason,perCrop)'!$O:$O,0,'Data(perSeason,perCrop)'!$C:$C,C$11,'Data(perSeason,perCrop)'!$R:$R,"IRRIGATED") -> 15.666136 | D14: =SUMIFS('Data(perSeason,perCrop)'!$A:$A,'Data(perSeason,perCrop)'!$S:$S,$A14,'Data(perSeason,perCrop)'!$O:$O,0,'Data(perSeason,perCrop)'!$C:$C,D$11,'Data(perSeason,perCrop)'!$R:$R,"IRRIGATED") -> 6.7832797 | E14: =SUMIFS('Data(perSeason,perCrop)'!$A:$A,'Data(perSeason,perCrop)'!$S:$S,$A14,'Data(perSeason,perCrop)'!$O:$O,0,'Data(perSeason,perCrop)'!$C:$C,E$11,'Data(perSeason,perCrop)'!$R:$R,"IRRIGATED") -> 251.17421 | F14: =SUMIFS('Data(perSeason,perCrop)'!$A:$A,'Data(perSeason,perCrop)'!$S:$S,$A14,'Data(perSeason,perCrop)'!$O:$O,0,'Data(perSeason,perCrop)'!$C:$C,F$11,'Data(perSeason,perCrop)'!$R:$R,"IRRIGATED") -> 3835.7191 | G14: =SUMIFS('Data(perSeason,perCrop)'!$A:$A,'Data(perSeason,perCrop)'!$S:$S,$A14,'Data(perSeason,perCrop)'!$O:$O,0,'Data(perSeason,perCrop)'!$C:$C,G$11,'Data(perSeason,perCrop)'!$R:$R,"IRRIGATED") -> 0 | H14: =SUMIFS('Data(perSeason,perCrop)'!$A:$A,'Data(perSeason,perCrop)'!$S:$S,$A14,'Data(perSeason,perCrop)'!$O:$O,0,'Data(perSeason,perCrop)'!$C:$C,H$11,'Data(perSeason,perCrop)'!$R:$R,"IRRIGATED") -> 2154.3017 | I14: =SUMIFS('Data(perSeason,perCrop)'!$A:$A,'Data(perSeason,perCrop)'!$S:$S,$A14,'Data(perSeason,perCrop)'!$O:$O,0,'Data(perSeason,perCrop)'!$C:$C,I$11,'Data(perSeason,perCrop)'!$R:$R,"IRRIGATED") -> 0
A15: 2021 | B15: =SUMIFS('Data(perSeason,perCrop)'!$A:$A,'Data(perSeason,perCrop)'!$S:$S,$A15,'Data(perSeason,perCrop)'!$O:$O,0,'Data(perSeason,perCrop)'!$C:$C,B$11,'Data(perSeason,perCrop)'!$R:$R,"IRRIGATED") -> 67.455545 | C15: =SUMIFS('Data(perSeason,perCrop)'!$A:$A,'Data(perSeason,perCrop)'!$S:$S,$A15,'Data(perSeason,perCrop)'!$O:$O,0,'Data(perSeason,perCrop)'!$C:$C,C$11,'Data(perSeason,perCrop)'!$R:$R,"IRRIGATED") -> 14.3836 | D15: =SUMIFS('Data(perSeason,perCrop)'!$A:$A,'Data(perSeason,perCrop)'!$S:$S,$A15,'Data(perSeason,perCrop)'!$O:$O,0,'Data(perSeason,perCrop)'!$C:$C,D$11,'Data(perSeason,perCrop)'!$R:$R,"IRRIGATED") -> 11.209214 | E15: =SUMIFS('Data(perSeason,perCrop)'!$A:$A,'Data(perSeason,perCrop)'!$S:$S,$A15,'Data(perSeason,perCrop)'!$O:$O,0,'Data(perSeason,perCrop)'!$C:$C,E$11,'Data(perSeason,perCrop)'!$R:$R,"IRRIGATED") -> 561.88327 | F15: =SUMIFS('Data(perSeason,perCrop)'!$A:$A,'Data(perSeason,perCrop)'!$S:$S,$A15,'Data(perSeason,perCrop)'!$O:$O,0,'Data(perSeason,perCrop)'!$C:$C,F$11,'Data(perSeason,perCrop)'!$R:$R,"IRRIGATED") -> 4053.7929 | G15: =SUMIFS('Data(perSeason,perCrop)'!$A:$A,'Data(perSeason,perCrop)'!$S:$S,$A15,'Data(perSeason,perCrop)'!$O:$O,0,'Data(perSeason,perCrop)'!$C:$C,G$11,'Data(perSeason,perCrop)'!$R:$R,"IRRIGATED") -> 33.569078 | H15: =SUMIFS('Data(perSeason,perCrop)'!$A:$A,'Data(perSeason,perCrop)'!$S:$S,$A15,'Data(perSeason,perCrop)'!$O:$O,0,'Data(perSeason,perCrop)'!$C:$C,H$11,'Data(perSeason,perCrop)'!$R:$R,"IRRIGATED") -> 2093.7228 | I15: =SUMIFS('Data(perSeason,perCrop)'!$A:$A,'Data(perSeason,perCrop)'!$S:$S,$A15,'Data(perSeason,perCrop)'!$O:$O,0,'Data(perSeason,perCrop)'!$C:$C,I$11,'Data(perSeason,perCrop)'!$R:$R,"IRRIGATED") -> 0
A16: 2022 | B16: =SUMIFS('Data(perSeason,perCrop)'!$A:$A,'Data(perSeason,perCrop)'!$S:$S,$A16,'Data(perSeason,perCrop)'!$O:$O,0,'Data(perSeason,perCrop)'!$C:$C,B$11,'Data(perSeason,perCrop)'!$R:$R,"IRRIGATED") -> 0 | C16: =SUMIFS('Data(perSeason,perCrop)'!$A:$A,'Data(perSeason,perCrop)'!$S:$S,$A16,'Data(perSeason,perCrop)'!$O:$O,0,'Data(perSeason,perCrop)'!$C:$C,C$11,'Data(perSeason,perCrop)'!$R:$R,"IRRIGATED") -> 0 | D16: =SUMIFS('Data(perSeason,perCrop)'!$A:$A,'Data(perSeason,perCrop)'!$S:$S,$A16,'Data(perSeason,perCrop)'!$O:$O,0,'Data(perSeason,perCrop)'!$C:$C,D$11,'Data(perSeason,perCrop)'!$R:$R,"IRRIGATED") -> 0 | E16: =SUMIFS('Data(perSeason,perCrop)'!$A:$A,'Data(perSeason,perCrop)'!$S:$S,$A16,'Data(perSeason,perCrop)'!$O:$O,0,'Data(perSeason,perCrop)'!$C:$C,E$11,'Data(perSeason,perCrop)'!$R:$R,"IRRIGATED") -> 597.41535 | F16: =SUMIFS('Data(perSeason,perCrop)'!$A:$A,'Data(perSeason,perCrop)'!$S:$S,$A16,'Data(perSeason,perCrop)'!$O:$O,0,'Data(perSeason,perCrop)'!$C:$C,F$11,'Data(perSeason,perCrop)'!$R:$R,"IRRIGATED") -> 4785.7117 | G16: =SUMIFS('Data(perSeason,perCrop)'!$A:$A,'Data(perSeason,perCrop)'!$S:$S,$A16,'Data(perSeason,perCrop)'!$O:$O,0,'Data(perSeason,perCrop)'!$C:$C,G$11,'Data(perSeason,perCrop)'!$R:$R,"IRRIGATED") -> 0 | H16: =SUMIFS('Data(perSeason,perCrop)'!$A:$A,'Data(perSeason,perCrop)'!$S:$S,$A16,'Data(perSeason,perCrop)'!$O:$O,0,'Data(perSeason,perCrop)'!$C:$C,H$11,'Data(perSeason,perCrop)'!$R:$R,"IRRIGATED") -> 4069.1684 | I16: =SUMIFS('Data(perSeason,perCrop)'!$A:$A,'Data(perSeason,perCrop)'!$S:$S,$A16,'Data(perSeason,perCrop)'!$O:$O,0,'Data(perSeason,perCrop)'!$C:$C,I$11,'Data(perSeason,perCrop)'!$R:$R,"IRRIGATED") -> 0
A17: Average | B17: =AVERAGE(B12:B16) -> 45.710786 | C17: =AVERAGE(C12:C16) -> 15.814908 | D17: =AVERAGE(D12:D16) -> 25.157964 | E17: =AVERAGE(E12:E16) -> 1024.1593 | F17: =AVERAGE(F12:F16) -> 4324.3526 | G17: =AVERAGE(G12:G16) -> 22.820754 | H17: =AVERAGE(H12:H16) -> 3026.0516 | I17: =AVERAGE(I12:I16) -> 1.5778438
A19: ETa | B19: Double Crop Kharif/Rabi | C19: Double Crop Rabi/Zaid | D19: Triple Crop | E19: Perennial Crops | F19: Kharif Crop | G19: Rabi Crop | H19: Double Crop Kharif/Zaid | I19: Zaid Crop
A20: 2018 | B20: =IFERROR(AVERAGEIFS('Data(perSeason,perCrop)'!$E:$E,'Data(perSeason,perCrop)'!$S:$S,$A20,'Data(perSeason,perCrop)'!$O:$O,0,'Data(perSeason,perCrop)'!$C:$C,B$19,'Data(perSeason,perCrop)'!$R:$R,"IRRIGATED"),"") -> 633 | C20: =IFERROR(AVERAGEIFS('Data(perSeason,perCrop)'!$E:$E,'Data(perSeason,perCrop)'!$S:$S,$A20,'Data(perSeason,perCrop)'!$O:$O,0,'Data(perSeason,perCrop)'!$C:$C,C$19,'Data(perSeason,perCrop)'!$R:$R,"IRRIGATED"),"") | D20: =IFERROR(AVERAGEIFS('Data(perSeason,perCrop)'!$E:$E,'Data(perSeason,perCrop)'!$S:$S,$A20,'Data(perSeason,perCrop)'!$O:$O,0,'Data(perSeason,perCrop)'!$C:$C,D$19,'Data(perSeason,perCrop)'!$R:$R,"IRRIGATED"),"") | E20: =IFERROR(AVERAGEIFS('Data(perSeason,perCrop)'!$E:$E,'Data(perSeason,perCrop)'!$S:$S,$A20,'Data(perSeason,perCrop)'!$O:$O,0,'Data(perSeason,perCrop)'!$C:$C,E$19,'Data(perSeason,perCrop)'!$R:$R,"IRRIGATED"),"") -> 1041 | F20: =IFERROR(AVERAGEIFS('Data(perSeason,perCrop)'!$E:$E,'Data(perSeason,perCrop)'!$S:$S,$A20,'Data(perSeason,perCrop)'!$O:$O,0,'Data(perSeason,perCrop)'!$C:$C,F$19,'Data(perSeason,perCrop)'!$R:$R,"IRRIGATED"),"") -> 496 | G20: =IFERROR(AVERAGEIFS('Data(perSeason,perCrop)'!$E:$E,'Data(perSeason,perCrop)'!$S:$S,$A20,'Data(perSeason,perCrop)'!$O:$O,0,'Data(perSeason,perCrop)'!$C:$C,G$19,'Data(perSeason,perCrop)'!$R:$R,"IRRIGATED"),"") | H20: =IFERROR(AVERAGEIFS('Data(perSeason,perCrop)'!$E:$E,'Data(perSeason,perCrop)'!$S:$S,$A20,'Data(perSeason,perCrop)'!$O:$O,0,'Data(perSeason,perCrop)'!$C:$C,H$19,'Data(perSeason,perCrop)'!$R:$R,"IRRIGATED"),"") -> 954 | I20: =IFERROR(AVERAGEIFS('Data(perSeason,perCrop)'!$E:$E,'Data(perSeason,perCrop)'!$S:$S,$A20,'Data(perSeason,perCrop)'!$O:$O,0,'Data(perSeason,perCrop)'!$C:$C,I$19,'Data(perSeason,perCrop)'!$R:$R,"IRRIGATED"),"")
A21: 2019 | B21: =IFERROR(AVERAGEIFS('Data(perSeason,perCrop)'!$E:$E,'Data(perSeason,perCrop)'!$S:$S,$A21,'Data(perSeason,perCrop)'!$O:$O,0,'Data(perSeason,perCrop)'!$C:$C,B$19,'Data(perSeason,perCrop)'!$R:$R,"IRRIGATED"),"") -> 382 | C21: =IFERROR(AVERAGEIFS('Data(perSeason,perCrop)'!$E:$E,'Data(perSeason,perCrop)'!$S:$S,$A21,'Data(perSeason,perCrop)'!$O:$O,0,'Data(perSeason,perCrop)'!$C:$C,C$19,'Data(perSeason,perCrop)'!$R:$R,"IRRIGATED"),"") -> 601 | D21: =IFERROR(AVERAGEIFS('Data(perSeason,perCrop)'!$E:$E,'Data(perSeason,perCrop)'!$S:$S,$A21,'Data(perSeason,perCrop)'!$O:$O,0,'Data(perSeason,perCrop)'!$C:$C,D$19,'Data(perSeason,perCrop)'!$R:$R,"IRRIGATED"),"") -> 674 | E21: =IFERROR(AVERAGEIFS('Data(perSeason,perCrop)'!$E:$E,'Data(perSeason,perCrop)'!$S:$S,$A21,'Data(perSeason,perCrop)'!$O:$O,0,'Data(perSeason,perCrop)'!$C:$C,E$19,'Data(perSeason,perCrop)'!$R:$R,"IRRIGATED"),"") -> 974 | F21: =IFERROR(AVERAGEIFS('Data(perSeason,perCrop)'!$E:$E,'Data(perSeason,perCrop)'!$S:$S,$A21,'Data(perSeason,perCrop)'!$O:$O,0,'Data(perSeason,perCrop)'!$C:$C,F$19,'Data(perSeason,perCrop)'!$R:$R,"IRRIGATED"),"") -> 436 | G21: =IFERROR(AVERAGEIFS('Data(perSeason,perCrop)'!$E:$E,'Data(perSeason,perCrop)'!$S:$S,$A21,'Data(perSeason,perCrop)'!$O:$O,0,'Data(perSeason,perCrop)'!$C:$C,G$19,'Data(perSeason,perCrop)'!$R:$R,"IRRIGATED"),"") -> 443 | H21: =IFERROR(AVERAGEIFS('Data(perSeason,perCrop)'!$E:$E,'Data(perSeason,perCrop)'!$S:$S,$A21,'Data(perSeason,perCrop)'!$O:$O,0,'Data(perSeason,perCrop)'!$C:$C,H$19,'Data(perSeason,perCrop)'!$R:$R,"IRRIGATED"),"") -> 822 | I21: =IFERROR(AVERAGEIFS('Data(perSeason,perCrop)'!$E:$E,'Data(perSeason,perCrop)'!$S:$S,$A21,'Data(perSeason,perCrop)'!$O:$O,0,'Data(perSeason,perCrop)'!$C:$C,I$19,'Data(perSeason,perCrop)'!$R:$R,"IRRIGATED"),"") -> 375
A22: 2020 | B22: =IFERROR(AVERAGEIFS('Data(perSeason,perCrop)'!$E:$E,'Data(perSeason,perCrop)'!$S:$S,$A22,'Data(perSeason,perCrop)'!$O:$O,0,'Data(perSeason,perCrop)'!$C:$C,B$19,'Data(perSeason,perCrop)'!$R:$R,"IRRIGATED"),"") -> 447 | C22: =IFERROR(AVERAGEIFS('Data(perSeason,perCrop)'!$E:$E,'Data(perSeason,perCrop)'!$S:$S,$A22,'Data(perSeason,perCrop)'!$O:$O,0,'Data(perSeason,perCrop)'!$C:$C,C$19,'Data(perSeason,perCrop)'!$R:$R,"IRRIGATED"),"") -> 660 | D22: =IFERROR(AVERAGEIFS('Data(perSeason,perCrop)'!$E:$E,'Data(perSeason,perCrop)'!$S:$S,$A22,'Data(perSeason,perCrop)'!$O:$O,0,'Data(perSeason,perCrop)'!$C:$C,D$19,'Data(perSeason,perCrop)'!$R:$R,"IRRIGATED"),"") -> 762 | E22: =IFERROR(AVERAGEIFS('Data(perSeason,perCrop)'!$E:$E,'Data(perSeason,perCrop)'!$S:$S,$A22,'Data(perSeason,perCrop)'!$O:$O,0,'Data(perSeason,perCrop)'!$C:$C,E$19,'Data(perSeason,perCrop)'!$R:$R,"IRRIGATED"),"") -> 1011 | F22: =IFERROR(AVERAGEIFS('Data(perSeason,perCrop)'!$E:$E,'Data(perSeason,perCrop)'!$S:$S,$A22,'Data(perSeason,perCrop)'!$O:$O,0,'Data(perSeason,perCrop)'!$C:$C,F$19,'Data(perSeason,perCrop)'!$R:$R,"IRRIGATED"),"") -> 476 | G22: =IFERROR(AVERAGEIFS('Data(perSeason,perCrop)'!$E:$E,'Data(perSeason,perCrop)'!$S:$S,$A22,'Data(perSeason,perCrop)'!$O:$O,0,'Data(perSeason,perCrop)'!$C:$C,G$19,'Data(perSeason,perCrop)'!$R:$R,"IRRIGATED"),"") | H22: =IFERROR(AVERAGEIFS('Data(perSeason,perCrop)'!$E:$E,'Data(perSeason,perCrop)'!$S:$S,$A22,'Data(perSeason,perCrop)'!$O:$O,0,'Data(perSeason,perCrop)'!$C:$C,H$19,'Data(perSeason,perCrop)'!$R:$R,"IRRIGATED"),"") -> 861 | I22: =IFERROR(AVERAGEIFS('Data(perSeason,perCrop)'!$E:$E,'Data(perSeason,perCrop)'!$S:$S,$A22,'Data(perSeason,perCrop)'!$O:$O,0,'Data(perSeason,perCrop)'!$C:$C,I$19,'Data(perSeason,perCrop)'!$R:$R,"IRRIGATED"),"")
A23: 2021 | B23: =IFERROR(AVERAGEIFS('Data(perSeason,perCrop)'!$E:$E,'Data(perSeason,perCrop)'!$S:$S,$A23,'Data(perSeason,perCrop)'!$O:$O,0,'Data(perSeason,perCrop)'!$C:$C,B$19,'Data(perSeason,perCrop)'!$R:$R,"IRRIGATED"),"") -> 481 | C23: =IFERROR(AVERAGEIFS('Data(perSeason,perCrop)'!$E:$E,'Data(perSeason,perCrop)'!$S:$S,$A23,'Data(perSeason,perCrop)'!$O:$O,0,'Data(perSeason,perCrop)'!$C:$C,C$19,'Data(perSeason,perCrop)'!$R:$R,"IRRIGATED"),"") -> 741 | D23: =IFERROR(AVERAGEIFS('Data(perSeason,perCrop)'!$E:$E,'Data(perSeason,perCrop)'!$S:$S,$A23,'Data(perSeason,perCrop)'!$O:$O,0,'Data(perSeason,perCrop)'!$C:$C,D$19,'Data(perSeason,perCrop)'!$R:$R,"IRRIGATED"),"") -> 786 | E23: =IFERROR(AVERAGEIFS('Data(perSeason,perCrop)'!$E:$E,'Data(perSeason,perCrop)'!$S:$S,$A23,'Data(perSeason,perCrop)'!$O:$O,0,'Data(perSeason,perCrop)'!$C:$C,E$19,'Data(perSeason,perCrop)'!$R:$R,"IRRIGATED"),"") -> 891 | F23: =IFERROR(AVERAGEIFS('Data(perSeason,perCrop)'!$E:$E,'Data(perSeason,perCrop)'!$S:$S,$A23,'Data(perSeason,perCrop)'!$O:$O,0,'Data(perSeason,perCrop)'!$C:$C,F$19,'Data(perSeason,perCrop)'!$R:$R,"IRRIGATED"),"") -> 420 | G23: =IFERROR(AVERAGEIFS('Data(perSeason,perCrop)'!$E:$E,'Data(perSeason,perCrop)'!$S:$S,$A23,'Data(perSeason,perCrop)'!$O:$O,0,'Data(perSeason,perCrop)'!$C:$C,G$19,'Data(perSeason,perCrop)'!$R:$R,"IRRIGATED"),"") -> 311 | H23: =IFERROR(AVERAGEIFS('Data(perSeason,perCrop)'!$E:$E,'Data(perSeason,perCrop)'!$S:$S,$A23,'Data(perSeason,perCrop)'!$O:$O,0,'Data(perSeason,perCrop)'!$C:$C,H$19,'Data(perSeason,perCrop)'!$R:$R,"IRRIGATED"),"") -> 853 | I23: =IFERROR(AVERAGEIFS('Data(perSeason,perCrop)'!$E:$E,'Data(perSeason,perCrop)'!$S:$S,$A23,'Data(perSeason,perCrop)'!$O:$O,0,'Data(perSeason,perCrop)'!$C:$C,I$19,'Data(perSeason,perCrop)'!$R:$R,"IRRIGATED"),"")
A24: 2022 | B24: =IFERROR(AVERAGEIFS('Data(perSeason,perCrop)'!$E:$E,'Data(perSeason,perCrop)'!$S:$S,$A24,'Data(perSeason,perCrop)'!$O:$O,0,'Data(perSeason,perCrop)'!$C:$C,B$19,'Data(perSeason,perCrop)'!$R:$R,"IRRIGATED"),"") | C24: =IFERROR(AVERAGEIFS('Data(perSeason,perCrop)'!$E:$E,'Data(perSeason,perCrop)'!$S:$S,$A24,'Data(perSeason,perCrop)'!$O:$O,0,'Data(perSeason,perCrop)'!$C:$C,C$19,'Data(perSeason,perCrop)'!$R:$R,"IRRIGATED"),"") | D24: =IFERROR(AVERAGEIFS('Data(perSeason,perCrop)'!$E:$E,'Data(perSeason,perCrop)'!$S:$S,$A24,'Data(perSeason,perCrop)'!$O:$O,0,'Data(perSeason,perCrop)'!$C:$C,D$19,'Data(perSeason,perCrop)'!$R:$R,"IRRIGATED"),"") | E24: =IFERROR(AVERAGEIFS('Data(perSeason,perCrop)'!$E:$E,'Data(perSeason,perCrop)'!$S:$S,$A24,'Data(perSeason,perCrop)'!$O:$O,0,'Data(perSeason,perCrop)'!$C:$C,E$19,'Data(perSeason,perCrop)'!$R:$R,"IRRIGATED"),"") -> 1036 | F24: =IFERROR(AVERAGEIFS('Data(perSeason,perCrop)'!$E:$E,'Data(perSeason,perCrop)'!$S:$S,$A24,'Data(perSeason,perCrop)'!$O:$O,0,'Data(perSeason,perCrop)'!$C:$C,F$19,'Data(perSeason,perCrop)'!$R:$R,"IRRIGATED"),"") -> 448 | G24: =IFERROR(AVERAGEIFS('Data(perSeason,perCrop)'!$E:$E,'Data(perSeason,perCrop)'!$S:$S,$A24,'Data(perSeason,perCrop)'!$O:$O,0,'Data(perSeason,perCrop)'!$C:$C,G$19,'Data(perSeason,perCrop)'!$R:$R,"IRRIGATED"),"") | H24: =IFERROR(AVERAGEIFS('Data(perSeason,perCrop)'!$E:$E,'Data(perSeason,perCrop)'!$S:$S,$A24,'Data(perSeason,perCrop)'!$O:$O,0,'Data(perSeason,perCrop)'!$C:$C,H$19,'Data(perSeason,perCrop)'!$R:$R,"IRRIGATED"),"") -> 855 | I24: =IFERROR(AVERAGEIFS('Data(perSeason,perCrop)'!$E:$E,'Data(perSeason,perCrop)'!$S:$S,$A24,'Data(perSeason,perCrop)'!$O:$O,0,'Data(perSeason,perCrop)'!$C:$C,I$19,'Data(perSeason,perCrop)'!$R:$R,"IRRIGATED"),"")
A25: Average | B25: =IFERROR(AVERAGE(B20:B24),"") -> 485.75 | C25: =IFERROR(AVERAGE(C20:C24),"") -> 667.33333 | D25: =IFERROR(AVERAGE(D20:D24),"") -> 740.66667 | E25: =IFERROR(AVERAGE(E20:E24),"") -> 990.6 | F25: =IFERROR(AVERAGE(F20:F24),"") -> 455.2 | G25: =IFERROR(AVERAGE(G20:G24),"") -> 377 | H25: =IFERROR(AVERAGE(H20:H24),"") -> 869 | I25: =IFERROR(AVERAGE(I20:I24),"") -> 375
A27: TBP | B27: Double Crop Kharif/Rabi | C27: Double Crop Rabi/Zaid | D27: Triple Crop | E27: Perennial Crops | F27: Kharif Crop | G27: Rabi Crop | H27: Double Crop Kharif/Zaid | I27: Zaid Crop
